train_id,source_station,destination_station,train_capacity,booked_seats,available_seats,waiting_list_count,day_type,festival_flag,travel_date,crowd_level
TR1014,Salem,Madurai,1200,678,522,46,Weekday,Yes,2024-03-06,medium
TR1003,Coimbatore,Chennai,1200,1071,129,54,Weekend,Yes,2025-07-19,high
TR1015,Tirunelveli,Salem,1200,794,406,9,Weekday,No,2025-04-23,medium
TR1038,Chennai,Trichy,1000,626,374,20,Weekend,No,2024-11-16,medium
TR1004,Tirunelveli,Trichy,1200,845,355,13,Weekday,No,2024-11-12,medium
TR1003,Coimbatore,Chennai,1200,926,274,95,Weekday,No,2025-09-19,high
TR1048,Madurai,Tirunelveli,1000,543,457,40,Weekend,No,2024-03-03,medium
TR1016,Hyderabad,Trichy,1200,867,333,92,Weekend,No,2025-05-24,medium
TR1017,Bangalore,Hyderabad,1200,914,286,61,Weekday,No,2024-05-27,high
TR1004,Tirunelveli,Trichy,1200,1120,80,155,Weekend,No,2024-03-09,high
TR1066,Hyderabad,Chennai,800,424,376,34,Weekend,No,2025-01-19,medium
TR1066,Hyderabad,Chennai,800,438,362,41,Weekend,No,2025-12-14,medium
TR1049,Chennai,Hyderabad,1000,681,319,27,Weekend,Yes,2025-06-21,medium
TR1018,Erode,Coimbatore,1200,923,277,81,Weekday,No,2025-07-10,high
TR1022,Coimbatore,Hyderabad,1200,827,373,38,Weekend,No,2025-06-08,medium
TR1032,Bangalore,Tirunelveli,1000,741,259,80,Weekday,Yes,2025-07-28,medium
TR1023,Hyderabad,Coimbatore,1200,934,266,105,Weekday,No,2025-01-10,high
TR1024,Hyderabad,Salem,1200,893,307,48,Weekday,Yes,2024-04-03,medium
TR1039,Coimbatore,Erode,1000,513,487,52,Weekday,No,2025-09-05,medium
TR1050,Tirunelveli,Chennai,1000,498,502,1,Weekday,No,2024-11-25,medium
TR1006,Erode,Bangalore,1200,918,282,63,Weekday,No,2024-12-31,high
TR1064,Madurai,Hyderabad,800,452,348,26,Weekend,No,2024-09-28,medium
TR1051,Trichy,Erode,1000,564,436,52,Weekday,No,2024-05-13,medium
TR1005,Erode,Salem,1200,1091,109,48,Weekend,No,2025-11-08,high
TR1019,Chennai,Madurai,1200,995,205,33,Weekday,No,2025-07-25,high
TR1043,Trichy,Coimbatore,1000,693,307,28,Weekday,No,2025-04-15,medium
TR1007,Hyderabad,Tirunelveli,1200,1060,140,186,Weekday,No,2024-10-21,high
TR1044,Bangalore,Trichy,1000,514,486,27,Weekend,Yes,2025-08-24,medium
TR1050,Tirunelveli,Chennai,1000,604,396,38,Weekend,No,2025-02-02,medium
TR1043,Trichy,Coimbatore,1000,549,451,10,Weekday,No,2024-11-20,medium
TR1015,Tirunelveli,Salem,1200,710,490,56,Weekday,No,2024-11-25,medium
TR1052,Salem,Trichy,1000,543,457,47,Weekend,No,2024-06-15,medium
TR1001,Hyderabad,Madurai,1200,1147,53,47,Weekday,No,2024-03-08,high
TR1053,Bangalore,Coimbatore,1000,603,397,42,Weekend,No,2025-02-09,medium
TR1043,Trichy,Coimbatore,1000,759,241,24,Weekend,No,2025-10-11,high
TR1054,Salem,Chennai,1000,580,420,33,Weekday,No,2024-02-16,medium
TR1018,Erode,Coimbatore,1200,1103,97,167,Weekday,No,2025-09-19,high
TR1002,Coimbatore,Trichy,1200,1037,163,206,Weekday,No,2025-08-27,high
TR1019,Chennai,Madurai,1200,871,329,17,Weekend,Yes,2024-07-21,medium
TR1061,Bangalore,Madurai,800,345,455,17,Weekend,No,2025-04-06,medium
TR1033,Madurai,Bangalore,1000,749,251,85,Weekday,No,2024-04-30,medium
TR1067,Madurai,Chennai,800,345,455,15,Weekday,No,2025-07-08,medium
TR1008,Salem,Bangalore,1200,844,356,88,Weekday,No,2025-05-27,medium
TR1005,Erode,Salem,1200,1105,95,73,Weekday,No,2024-09-16,high
TR1008,Salem,Bangalore,1200,1018,182,27,Weekday,No,2024-02-19,high
TR1023,Hyderabad,Coimbatore,1200,939,261,69,Weekday,No,2025-12-10,high
TR1009,Trichy,Madurai,1200,872,328,85,Weekday,No,2024-11-21,medium
TR1025,Chennai,Coimbatore,1200,826,374,12,Weekday,No,2025-10-14,medium
TR1005,Erode,Salem,1200,976,224,106,Weekend,No,2025-05-10,high
TR1010,Hyderabad,Bangalore,1200,981,219,105,Weekday,No,2025-07-22,high
TR1006,Erode,Bangalore,1200,1093,107,54,Weekday,No,2025-07-09,high
TR1026,Chennai,Erode,1200,866,334,43,Weekday,No,2024-05-22,medium
TR1034,Chennai,Bangalore,1000,819,181,71,Weekday,No,2024-09-23,high
TR1053,Bangalore,Coimbatore,1000,638,362,29,Weekend,No,2024-12-07,medium
TR1045,Salem,Hyderabad,1000,579,421,15,Weekend,No,2024-12-29,medium
TR1025,Chennai,Coimbatore,1200,910,290,68,Weekday,No,2024-02-02,high
TR1020,Coimbatore,Madurai,1200,1032,168,213,Weekday,Yes,2025-02-03,high
TR1033,Madurai,Bangalore,1000,820,180,43,Weekday,No,2024-04-22,high
TR1015,Tirunelveli,Salem,1200,982,218,34,Weekday,No,2025-06-27,high
TR1005,Erode,Salem,1200,985,215,91,Weekday,No,2025-05-14,high
TR1051,Trichy,Erode,1000,548,452,34,Weekday,No,2025-11-05,medium
TR1033,Madurai,Bangalore,1000,707,293,86,Weekend,No,2025-06-28,medium
TR1055,Hyderabad,Erode,1000,700,300,38,Weekday,No,2024-09-25,medium
TR1011,Tirunelveli,Bangalore,1200,948,252,93,Weekday,No,2025-12-08,high
TR1034,Chennai,Bangalore,1000,697,303,43,Weekend,No,2024-10-27,medium
TR1012,Tirunelveli,Erode,1200,911,289,76,Weekday,No,2024-08-26,high
TR1027,Bangalore,Salem,1200,799,401,27,Weekday,No,2025-10-23,medium
TR1028,Trichy,Salem,1200,815,385,27,Weekday,No,2024-09-27,medium
TR1007,Hyderabad,Tirunelveli,1200,957,243,39,Weekend,No,2024-02-25,high
TR1038,Chennai,Trichy,1000,766,234,59,Weekday,No,2024-12-09,high
TR1018,Erode,Coimbatore,1200,845,355,76,Weekday,No,2025-08-04,medium
TR1002,Coimbatore,Trichy,1200,1025,175,168,Weekend,No,2024-05-18,high
TR1054,Salem,Chennai,1000,497,503,46,Weekday,No,2024-12-04,medium
TR1004,Tirunelveli,Trichy,1200,1051,149,107,Weekday,No,2024-04-04,high
TR1012,Tirunelveli,Erode,1200,1038,162,171,Weekday,No,2025-05-16,high
TR1017,Bangalore,Hyderabad,1200,1024,176,118,Weekday,No,2024-12-13,high
TR1040,Tirunelveli,Madurai,1000,645,355,21,Weekday,No,2024-08-29,medium
TR1034,Chennai,Bangalore,1000,706,294,28,Weekday,No,2024-06-14,medium
TR1071,Coimbatore,Bangalore,600,218,382,15,Weekend,No,2025-02-16,low
TR1046,Erode,Hyderabad,1000,640,360,40,Weekend,No,2025-05-04,medium
TR1009,Trichy,Madurai,1200,936,264,33,Weekday,No,2025-11-18,high
TR1017,Bangalore,Hyderabad,1200,874,326,18,Weekday,No,2024-11-15,medium
TR1056,Salem,Coimbatore,1000,577,423,16,Weekend,No,2024-04-27,medium
TR1011,Tirunelveli,Bangalore,1200,950,250,118,Weekend,No,2025-08-31,high
TR1062,Trichy,Tirunelveli,800,409,391,8,Weekend,No,2025-04-05,medium
TR1068,Tirunelveli,Coimbatore,800,361,439,8,Weekday,No,2025-05-26,medium
TR1022,Coimbatore,Hyderabad,1200,994,206,54,Weekday,No,2024-03-12,high
TR1022,Coimbatore,Hyderabad,1200,1091,109,108,Weekday,No,2024-08-16,high
TR1003,Coimbatore,Chennai,1200,866,334,111,Weekday,No,2025-07-15,medium
TR1007,Hyderabad,Tirunelveli,1200,823,377,14,Weekend,No,2025-08-31,medium
TR1013,Bangalore,Chennai,1200,814,386,25,Weekday,No,2024-11-14,medium
TR1006,Erode,Bangalore,1200,934,266,41,Weekday,No,2025-08-11,high
TR1045,Salem,Hyderabad,1000,669,331,14,Weekend,No,2025-09-07,medium
TR1029,Madurai,Trichy,1200,887,313,45,Weekday,No,2024-10-10,medium
TR1039,Coimbatore,Erode,1000,643,357,15,Weekend,No,2025-10-18,medium
TR1033,Madurai,Bangalore,1000,703,297,89,Weekday,No,2024-07-29,medium
TR1044,Bangalore,Trichy,1000,542,458,47,Weekday,No,2024-06-24,medium
TR1053,Bangalore,Coimbatore,1000,546,454,10,Weekday,No,2025-05-13,medium
TR1053,Bangalore,Coimbatore,1000,564,436,29,Weekday,Yes,2025-04-10,medium
TR1006,Erode,Bangalore,1200,792,408,15,Weekday,No,2024-04-12,medium
TR1043,Trichy,Coimbatore,1000,504,496,52,Weekend,Yes,2025-08-31,medium
TR1057,Trichy,Chennai,1000,476,524,6,Weekend,Yes,2024-05-26,medium
TR1008,Salem,Bangalore,1200,980,220,55,Weekday,No,2025-08-11,high
TR1035,Salem,Tirunelveli,1000,680,320,19,Weekend,No,2024-01-06,medium
TR1018,Erode,Coimbatore,1200,927,273,49,Weekday,No,2025-08-05,high
TR1009,Trichy,Madurai,1200,730,470,56,Weekday,No,2025-07-29,medium
TR1058,Chennai,Salem,1000,447,553,32,Weekday,No,2025-07-24,medium
TR1026,Chennai,Erode,1200,894,306,51,Weekday,No,2025-05-01,medium
TR1021,Tirunelveli,Hyderabad,1200,602,598,48,Weekday,No,2024-12-10,medium
TR1061,Bangalore,Madurai,800,506,294,46,Weekday,No,2025-05-30,medium
TR1038,Chennai,Trichy,1000,483,517,8,Weekend,No,2024-07-21,medium
TR1009,Trichy,Madurai,1200,987,213,60,Weekday,No,2025-07-24,high
TR1061,Bangalore,Madurai,800,370,430,24,Weekday,No,2025-02-10,medium
TR1014,Salem,Madurai,1200,969,231,59,Weekend,No,2024-12-01,high
TR1052,Salem,Trichy,1000,822,178,48,Weekend,Yes,2025-01-04,high
TR1001,Hyderabad,Madurai,1200,802,398,49,Weekday,No,2025-02-19,medium
TR1054,Salem,Chennai,1000,621,379,59,Weekend,No,2024-01-28,medium
TR1001,Hyderabad,Madurai,1200,846,354,12,Weekday,No,2024-04-12,medium
TR1001,Hyderabad,Madurai,1200,1061,139,194,Weekday,No,2024-06-28,high
TR1002,Coimbatore,Trichy,1200,1000,200,105,Weekend,No,2024-03-24,high
TR1018,Erode,Coimbatore,1200,881,319,50,Weekend,Yes,2024-11-17,medium
TR1012,Tirunelveli,Erode,1200,819,381,29,Weekend,No,2025-05-03,medium
TR1020,Coimbatore,Madurai,1200,943,257,21,Weekday,No,2025-04-23,high
TR1049,Chennai,Hyderabad,1000,450,550,21,Weekday,No,2024-12-10,medium
TR1023,Hyderabad,Coimbatore,1200,950,250,36,Weekday,No,2025-09-17,high
TR1038,Chennai,Trichy,1000,596,404,54,Weekday,No,2025-02-17,medium
TR1059,Trichy,Bangalore,1000,454,546,6,Weekday,No,2024-02-27,medium
TR1005,Erode,Salem,1200,1135,65,101,Weekend,Yes,2025-07-13,high
TR1004,Tirunelveli,Trichy,1200,976,224,62,Weekday,No,2025-02-24,high
TR1036,Erode,Chennai,1000,813,187,117,Weekday,No,2025-04-08,high
TR1048,Madurai,Tirunelveli,1000,663,337,49,Weekday,No,2025-02-17,medium
TR1013,Bangalore,Chennai,1200,830,370,56,Weekend,No,2025-02-08,medium
TR1065,Erode,Madurai,800,397,403,18,Weekday,No,2024-03-07,medium
TR1041,Coimbatore,Tirunelveli,1000,639,361,16,Weekday,No,2025-02-12,medium
TR1032,Bangalore,Tirunelveli,1000,783,217,72,Weekday,No,2025-08-04,high
TR1065,Erode,Madurai,800,430,370,20,Weekend,No,2024-08-10,medium
TR1022,Coimbatore,Hyderabad,1200,847,353,11,Weekend,No,2025-03-16,medium
TR1001,Hyderabad,Madurai,1200,1001,199,99,Weekday,No,2024-01-23,high
TR1062,Trichy,Tirunelveli,800,424,376,5,Weekday,Yes,2024-09-11,medium
TR1027,Bangalore,Salem,1200,956,244,31,Weekday,No,2024-11-15,high
TR1007,Hyderabad,Tirunelveli,1200,945,255,113,Weekday,No,2025-12-19,high
TR1006,Erode,Bangalore,1200,906,294,90,Weekday,No,2024-06-05,high
TR1001,Hyderabad,Madurai,1200,966,234,80,Weekend,No,2024-07-21,high
TR1042,Coimbatore,Salem,1000,585,415,7,Weekday,No,2024-10-25,medium
TR1034,Chennai,Bangalore,1000,548,452,15,Weekday,No,2025-12-26,medium
TR1036,Erode,Chennai,1000,600,400,12,Weekday,No,2025-09-15,medium
TR1058,Chennai,Salem,1000,686,314,38,Weekday,No,2024-01-26,medium
TR1029,Madurai,Trichy,1200,811,389,30,Weekday,No,2024-06-20,medium
TR1054,Salem,Chennai,1000,622,378,21,Weekend,No,2025-08-23,medium
TR1029,Madurai,Trichy,1200,593,607,44,Weekday,No,2024-02-12,medium
TR1063,Bangalore,Erode,800,464,336,46,Weekday,No,2025-09-17,medium
TR1061,Bangalore,Madurai,800,417,383,44,Weekday,No,2024-07-24,medium
TR1019,Chennai,Madurai,1200,822,378,6,Weekend,Yes,2025-11-01,medium
TR1067,Madurai,Chennai,800,388,412,36,Weekday,No,2024-08-02,medium
TR1005,Erode,Salem,1200,935,265,33,Weekday,No,2024-11-13,high
TR1068,Tirunelveli,Coimbatore,800,241,559,16,Weekday,No,2025-04-28,low
TR1016,Hyderabad,Trichy,1200,957,243,117,Weekday,No,2024-04-02,high
TR1023,Hyderabad,Coimbatore,1200,854,346,55,Weekday,No,2025-02-11,medium
TR1064,Madurai,Hyderabad,800,382,418,47,Weekend,No,2025-01-04,medium
TR1058,Chennai,Salem,1000,488,512,14,Weekend,No,2025-07-27,medium
TR1030,Chennai,Tirunelveli,1200,689,511,58,Weekday,Yes,2025-12-29,medium
TR1006,Erode,Bangalore,1200,966,234,40,Weekday,No,2025-04-30,high
TR1033,Madurai,Bangalore,1000,790,210,30,Weekend,Yes,2024-10-26,high
TR1013,Bangalore,Chennai,1200,926,274,45,Weekday,No,2024-10-24,high
TR1001,Hyderabad,Madurai,1200,887,313,29,Weekday,No,2024-11-01,medium
TR1037,Madurai,Erode,1000,679,321,35,Weekday,No,2025-08-18,medium
TR1010,Hyderabad,Bangalore,1200,901,299,25,Weekday,No,2024-08-22,high
TR1062,Trichy,Tirunelveli,800,483,317,12,Weekday,No,2024-05-02,medium
TR1035,Salem,Tirunelveli,1000,709,291,87,Weekend,No,2024-09-01,medium
TR1015,Tirunelveli,Salem,1200,582,618,2,Weekday,No,2024-01-17,medium
TR1015,Tirunelveli,Salem,1200,921,279,58,Weekday,No,2024-03-18,high
TR1050,Tirunelveli,Chennai,1000,486,514,41,Weekday,No,2024-03-06,medium
TR1009,Trichy,Madurai,1200,770,430,26,Weekday,No,2025-07-18,medium
TR1031,Madurai,Coimbatore,1200,812,388,1,Weekday,No,2025-06-12,medium
TR1002,Coimbatore,Trichy,1200,1059,141,68,Weekend,No,2025-05-24,high
TR1006,Erode,Bangalore,1200,787,413,58,Weekday,No,2024-12-03,medium
TR1072,Trichy,Hyderabad,600,260,340,46,Weekend,No,2025-06-08,medium
TR1009,Trichy,Madurai,1200,980,220,48,Weekend,No,2024-04-27,high
TR1048,Madurai,Tirunelveli,1000,570,430,52,Weekday,No,2025-10-20,medium
TR1028,Trichy,Salem,1200,747,453,0,Weekday,No,2025-01-01,medium
TR1035,Salem,Tirunelveli,1000,582,418,2,Weekend,No,2025-11-16,medium
TR1046,Erode,Hyderabad,1000,679,321,53,Weekend,No,2024-04-21,medium
TR1026,Chennai,Erode,1200,685,515,40,Weekend,No,2024-12-29,medium
TR1033,Madurai,Bangalore,1000,746,254,75,Weekend,No,2025-05-24,medium
TR1065,Erode,Madurai,800,392,408,20,Weekend,No,2024-12-28,medium
TR1007,Hyderabad,Tirunelveli,1200,935,265,99,Weekday,Yes,2024-11-22,high
TR1021,Tirunelveli,Hyderabad,1200,704,496,36,Weekday,No,2024-05-01,medium
TR1025,Chennai,Coimbatore,1200,816,384,26,Weekend,No,2024-10-05,medium
TR1036,Erode,Chennai,1000,710,290,51,Weekend,Yes,2024-06-23,medium
TR1049,Chennai,Hyderabad,1000,459,541,21,Weekday,Yes,2024-08-08,medium
TR1025,Chennai,Coimbatore,1200,878,322,73,Weekday,No,2025-05-14,medium
TR1030,Chennai,Tirunelveli,1200,839,361,39,Weekend,No,2025-04-05,medium
TR1028,Trichy,Salem,1200,769,431,48,Weekday,No,2025-03-19,medium
TR1033,Madurai,Bangalore,1000,729,271,54,Weekend,No,2024-09-21,medium
TR1056,Salem,Coimbatore,1000,390,610,15,Weekday,Yes,2025-12-02,low
TR1019,Chennai,Madurai,1200,902,298,71,Weekday,No,2024-03-05,high
TR1029,Madurai,Trichy,1200,986,214,74,Weekend,No,2024-09-07,high
TR1047,Erode,Trichy,1000,713,287,40,Weekday,No,2024-03-27,medium
TR1044,Bangalore,Trichy,1000,629,371,4,Weekday,Yes,2024-09-04,medium
TR1034,Chennai,Bangalore,1000,636,364,19,Weekday,No,2025-12-04,medium
TR1040,Tirunelveli,Madurai,1000,578,422,4,Weekday,No,2024-09-24,medium
TR1007,Hyderabad,Tirunelveli,1200,915,285,19,Weekend,No,2025-10-26,high
TR1059,Trichy,Bangalore,1000,609,391,57,Weekday,Yes,2024-12-27,medium
TR1052,Salem,Trichy,1000,501,499,46,Weekday,No,2025-05-26,medium
TR1028,Trichy,Salem,1200,903,297,13,Weekend,Yes,2024-11-30,high
TR1018,Erode,Coimbatore,1200,1073,127,102,Weekend,No,2024-07-13,high
TR1035,Salem,Tirunelveli,1000,656,344,15,Weekend,No,2025-07-12,medium
TR1051,Trichy,Erode,1000,458,542,58,Weekday,No,2025-12-09,medium
TR1045,Salem,Hyderabad,1000,490,510,26,Weekday,No,2024-07-11,medium
TR1030,Chennai,Tirunelveli,1200,905,295,38,Weekday,No,2025-07-23,high
TR1008,Salem,Bangalore,1200,901,299,79,Weekday,No,2024-07-09,high
TR1060,Erode,Tirunelveli,1000,636,364,28,Weekend,No,2025-06-08,medium
TR1053,Bangalore,Coimbatore,1000,523,477,11,Weekday,No,2025-07-30,medium
TR1022,Coimbatore,Hyderabad,1200,910,290,43,Weekend,No,2024-11-24,high
TR1005,Erode,Salem,1200,967,233,24,Weekend,No,2025-06-22,high
TR1010,Hyderabad,Bangalore,1200,836,364,41,Weekday,No,2024-07-18,medium
TR1026,Chennai,Erode,1200,792,408,58,Weekday,No,2024-02-27,medium
TR1041,Coimbatore,Tirunelveli,1000,533,467,48,Weekday,No,2024-03-11,medium
TR1035,Salem,Tirunelveli,1000,820,180,51,Weekday,No,2024-11-22,high
TR1011,Tirunelveli,Bangalore,1200,897,303,63,Weekday,No,2025-10-21,medium
TR1014,Salem,Madurai,1200,930,270,16,Weekday,No,2024-04-03,high
TR1056,Salem,Coimbatore,1000,523,477,22,Weekday,No,2024-11-29,medium
TR1050,Tirunelveli,Chennai,1000,482,518,1,Weekday,No,2025-05-29,medium
TR1040,Tirunelveli,Madurai,1000,610,390,44,Weekday,No,2024-05-27,medium
TR1045,Salem,Hyderabad,1000,685,315,54,Weekday,No,2025-06-11,medium
TR1039,Coimbatore,Erode,1000,587,413,11,Weekend,No,2024-08-11,medium
TR1064,Madurai,Hyderabad,800,346,454,40,Weekday,No,2025-08-14,medium
TR1032,Bangalore,Tirunelveli,1000,673,327,35,Weekday,No,2025-02-27,medium
TR1057,Trichy,Chennai,1000,606,394,25,Weekday,No,2025-02-03,medium
TR1004,Tirunelveli,Trichy,1200,1140,60,172,Weekday,No,2024-05-09,high
TR1033,Madurai,Bangalore,1000,689,311,40,Weekday,No,2024-12-04,medium
TR1039,Coimbatore,Erode,1000,680,320,16,Weekday,Yes,2025-09-18,medium
TR1002,Coimbatore,Trichy,1200,1089,111,183,Weekday,No,2024-01-15,high
TR1022,Coimbatore,Hyderabad,1200,720,480,39,Weekday,No,2025-07-08,medium
TR1022,Coimbatore,Hyderabad,1200,738,462,18,Weekday,No,2024-12-26,medium
TR1002,Coimbatore,Trichy,1200,916,284,90,Weekday,No,2025-06-09,high
TR1057,Trichy,Chennai,1000,459,541,38,Weekday,Yes,2025-04-29,medium
TR1047,Erode,Trichy,1000,661,339,7,Weekday,No,2024-11-11,medium
TR1015,Tirunelveli,Salem,1200,896,304,28,Weekday,No,2024-08-13,medium
TR1020,Coimbatore,Madurai,1200,876,324,45,Weekday,No,2025-04-03,medium
TR1029,Madurai,Trichy,1200,582,618,2,Weekday,No,2024-04-12,medium
TR1059,Trichy,Bangalore,1000,730,270,54,Weekend,No,2025-03-02,medium
TR1044,Bangalore,Trichy,1000,526,474,27,Weekend,No,2024-03-10,medium
TR1063,Bangalore,Erode,800,559,241,46,Weekend,No,2025-04-20,medium
TR1061,Bangalore,Madurai,800,335,465,10,Weekday,No,2025-04-04,medium
TR1020,Coimbatore,Madurai,1200,790,410,34,Weekend,No,2024-03-02,medium
TR1044,Bangalore,Trichy,1000,421,579,39,Weekday,No,2025-07-07,medium
TR1055,Hyderabad,Erode,1000,595,405,26,Weekday,No,2024-10-30,medium
TR1049,Chennai,Hyderabad,1000,478,522,54,Weekday,No,2025-07-29,medium
TR1018,Erode,Coimbatore,1200,765,435,19,Weekday,No,2024-01-31,medium
TR1031,Madurai,Coimbatore,1200,699,501,24,Weekend,Yes,2024-05-11,medium
TR1010,Hyderabad,Bangalore,1200,981,219,10,Weekday,No,2024-12-27,high
TR1007,Hyderabad,Tirunelveli,1200,1013,187,55,Weekday,No,2024-05-17,high
TR1037,Madurai,Erode,1000,805,195,12,Weekday,No,2024-08-29,high
TR1057,Trichy,Chennai,1000,511,489,59,Weekend,No,2025-04-27,medium
TR1045,Salem,Hyderabad,1000,615,385,14,Weekday,No,2024-04-15,medium
TR1022,Coimbatore,Hyderabad,1200,707,493,48,Weekend,No,2025-05-10,medium
TR1023,Hyderabad,Coimbatore,1200,798,402,7,Weekend,No,2024-03-16,medium
TR1025,Chennai,Coimbatore,1200,781,419,16,Weekday,Yes,2024-05-08,medium
TR1023,Hyderabad,Coimbatore,1200,875,325,23,Weekday,No,2025-03-05,medium
TR1024,Hyderabad,Salem,1200,928,272,50,Weekend,Yes,2025-08-03,high
TR1053,Bangalore,Coimbatore,1000,645,355,36,Weekend,Yes,2024-05-04,medium
TR1003,Coimbatore,Chennai,1200,901,299,56,Weekday,No,2024-08-07,high
TR1016,Hyderabad,Trichy,1200,964,236,76,Weekday,Yes,2025-11-07,high
TR1042,Coimbatore,Salem,1000,625,375,48,Weekday,No,2025-12-24,medium
TR1043,Trichy,Coimbatore,1000,571,429,2,Weekday,No,2025-02-28,medium
TR1065,Erode,Madurai,800,357,443,25,Weekday,No,2024-11-22,medium
TR1067,Madurai,Chennai,800,341,459,35,Weekday,No,2024-09-10,medium
TR1047,Erode,Trichy,1000,737,263,67,Weekend,No,2025-03-23,medium
TR1049,Chennai,Hyderabad,1000,590,410,8,Weekday,No,2025-03-07,medium
TR1033,Madurai,Bangalore,1000,674,326,12,Weekend,No,2024-08-03,medium
TR1012,Tirunelveli,Erode,1200,881,319,51,Weekday,No,2024-01-17,medium
TR1042,Coimbatore,Salem,1000,825,175,81,Weekend,No,2024-04-20,high
TR1070,Madurai,Salem,600,307,293,59,Weekday,No,2025-12-01,medium
TR1023,Hyderabad,Coimbatore,1200,761,439,22,Weekday,No,2024-11-01,medium
TR1004,Tirunelveli,Trichy,1200,956,244,67,Weekday,No,2024-12-18,high
TR1067,Madurai,Chennai,800,363,437,18,Weekend,No,2024-12-07,medium
TR1047,Erode,Trichy,1000,609,391,2,Weekend,No,2025-07-26,medium
TR1057,Trichy,Chennai,1000,510,490,23,Weekend,No,2024-02-17,medium
TR1065,Erode,Madurai,800,430,370,20,Weekday,No,2024-03-01,medium
TR1051,Trichy,Erode,1000,682,318,9,Weekend,No,2024-07-20,medium
TR1006,Erode,Bangalore,1200,818,382,40,Weekend,No,2024-12-21,medium
TR1011,Tirunelveli,Bangalore,1200,798,402,15,Weekday,No,2025-05-05,medium
TR1031,Madurai,Coimbatore,1200,784,416,13,Weekday,No,2024-12-24,medium
TR1057,Trichy,Chennai,1000,531,469,23,Weekday,No,2024-11-18,medium
TR1008,Salem,Bangalore,1200,1098,102,213,Weekend,No,2025-11-16,high
TR1012,Tirunelveli,Erode,1200,1002,198,80,Weekend,Yes,2024-04-27,high
TR1020,Coimbatore,Madurai,1200,959,241,56,Weekday,No,2025-02-21,high
TR1031,Madurai,Coimbatore,1200,805,395,49,Weekday,No,2025-01-31,medium
TR1055,Hyderabad,Erode,1000,543,457,1,Weekday,No,2024-12-12,medium
TR1035,Salem,Tirunelveli,1000,544,456,20,Weekday,No,2025-08-13,medium
TR1010,Hyderabad,Bangalore,1200,981,219,69,Weekend,No,2024-07-14,high
TR1017,Bangalore,Hyderabad,1200,916,284,63,Weekday,No,2025-11-28,high
TR1032,Bangalore,Tirunelveli,1000,763,237,84,Weekday,No,2024-08-30,high
TR1021,Tirunelveli,Hyderabad,1200,848,352,87,Weekend,No,2025-02-02,medium
TR1022,Coimbatore,Hyderabad,1200,817,383,27,Weekday,No,2025-01-15,medium
TR1036,Erode,Chennai,1000,674,326,55,Weekend,No,2025-09-13,medium
TR1005,Erode,Salem,1200,1068,132,207,Weekend,No,2024-11-16,high
TR1010,Hyderabad,Bangalore,1200,765,435,28,Weekend,No,2024-07-27,medium
TR1058,Chennai,Salem,1000,625,375,54,Weekday,No,2024-01-16,medium
TR1047,Erode,Trichy,1000,596,404,38,Weekend,No,2024-09-22,medium
TR1037,Madurai,Erode,1000,576,424,8,Weekday,No,2025-08-27,medium
TR1027,Bangalore,Salem,1200,630,570,7,Weekday,No,2024-01-08,medium
TR1011,Tirunelveli,Bangalore,1200,893,307,18,Weekday,No,2025-10-17,medium
TR1068,Tirunelveli,Coimbatore,800,469,331,12,Weekday,No,2025-01-31,medium
TR1010,Hyderabad,Bangalore,1200,1067,133,96,Weekday,No,2024-04-12,high
TR1001,Hyderabad,Madurai,1200,1054,146,52,Weekday,No,2024-08-08,high
TR1011,Tirunelveli,Bangalore,1200,1095,105,149,Weekend,No,2025-02-09,high
TR1029,Madurai,Trichy,1200,826,374,24,Weekend,No,2024-08-18,medium
TR1060,Erode,Tirunelveli,1000,642,358,36,Weekday,No,2024-03-20,medium
TR1044,Bangalore,Trichy,1000,561,439,30,Weekday,No,2025-05-01,medium
TR1026,Chennai,Erode,1200,781,419,16,Weekday,No,2025-05-06,medium
TR1055,Hyderabad,Erode,1000,512,488,36,Weekday,No,2024-03-27,medium
TR1047,Erode,Trichy,1000,433,567,57,Weekday,No,2024-07-24,medium
TR1025,Chennai,Coimbatore,1200,954,246,44,Weekday,No,2024-06-27,high
TR1041,Coimbatore,Tirunelveli,1000,578,422,18,Weekend,No,2025-04-27,medium
TR1045,Salem,Hyderabad,1000,533,467,30,Weekday,No,2025-06-17,medium
TR1046,Erode,Hyderabad,1000,503,497,48,Weekend,Yes,2025-06-15,medium
TR1049,Chennai,Hyderabad,1000,549,451,31,Weekday,No,2025-11-17,medium
TR1052,Salem,Trichy,1000,707,293,101,Weekday,No,2025-07-15,medium
TR1027,Bangalore,Salem,1200,1032,168,53,Weekday,No,2024-08-22,high
TR1052,Salem,Trichy,1000,433,567,5,Weekday,No,2024-03-19,medium
TR1002,Coimbatore,Trichy,1200,986,214,54,Weekday,No,2025-03-25,high
TR1036,Erode,Chennai,1000,578,422,13,Weekday,No,2025-10-31,medium
TR1007,Hyderabad,Tirunelveli,1200,1039,161,44,Weekend,No,2025-12-13,high
TR1060,Erode,Tirunelveli,1000,589,411,12,Weekday,No,2024-06-17,medium
TR1052,Salem,Trichy,1000,515,485,16,Weekday,No,2024-06-21,medium
TR1010,Hyderabad,Bangalore,1200,913,287,111,Weekend,No,2024-01-28,high
TR1030,Chennai,Tirunelveli,1200,785,415,46,Weekend,No,2024-04-13,medium
TR1026,Chennai,Erode,1200,985,215,48,Weekend,No,2025-02-09,high
TR1039,Coimbatore,Erode,1000,673,327,57,Weekday,No,2025-02-03,medium
TR1067,Madurai,Chennai,800,420,380,50,Weekend,No,2024-09-28,medium
TR1011,Tirunelveli,Bangalore,1200,650,550,15,Weekday,No,2024-08-14,medium
TR1039,Coimbatore,Erode,1000,624,376,28,Weekday,No,2025-08-29,medium
TR1001,Hyderabad,Madurai,1200,1200,0,205,Weekday,No,2024-12-02,high
TR1006,Erode,Bangalore,1200,1072,128,122,Weekday,No,2025-08-13,high
TR1009,Trichy,Madurai,1200,729,471,22,Weekday,No,2025-12-05,medium
TR1013,Bangalore,Chennai,1200,876,324,109,Weekday,No,2024-08-19,medium
TR1010,Hyderabad,Bangalore,1200,791,409,39,Weekday,No,2024-05-28,medium
TR1024,Hyderabad,Salem,1200,995,205,58,Weekday,No,2025-11-27,high
TR1066,Hyderabad,Chennai,800,392,408,52,Weekday,No,2025-04-09,medium
TR1047,Erode,Trichy,1000,536,464,44,Weekday,No,2024-07-31,medium
TR1002,Coimbatore,Trichy,1200,1023,177,102,Weekend,No,2025-03-30,high
TR1036,Erode,Chennai,1000,452,548,25,Weekend,Yes,2025-01-11,medium
TR1064,Madurai,Hyderabad,800,333,467,2,Weekday,No,2025-10-23,medium
TR1032,Bangalore,Tirunelveli,1000,663,337,6,Weekend,No,2024-07-06,medium
TR1030,Chennai,Tirunelveli,1200,912,288,114,Weekday,No,2025-12-25,high
TR1002,Coimbatore,Trichy,1200,834,366,3,Weekend,Yes,2025-11-15,medium
TR1042,Coimbatore,Salem,1000,598,402,50,Weekend,Yes,2024-05-12,medium
TR1027,Bangalore,Salem,1200,927,273,32,Weekday,No,2024-04-30,high
TR1008,Salem,Bangalore,1200,767,433,32,Weekday,No,2025-01-24,medium
TR1063,Bangalore,Erode,800,442,358,43,Weekday,No,2024-02-02,medium
TR1026,Chennai,Erode,1200,837,363,59,Weekday,No,2024-08-06,medium
TR1032,Bangalore,Tirunelveli,1000,798,202,51,Weekday,No,2024-11-14,high
TR1019,Chennai,Madurai,1200,846,354,111,Weekday,No,2025-12-09,medium
TR1072,Trichy,Hyderabad,600,218,382,27,Weekday,No,2025-12-26,low
TR1023,Hyderabad,Coimbatore,1200,913,287,105,Weekend,No,2024-04-20,high
TR1004,Tirunelveli,Trichy,1200,855,345,21,Weekday,No,2025-10-13,medium
TR1019,Chennai,Madurai,1200,847,353,39,Weekday,No,2024-03-07,medium
TR1013,Bangalore,Chennai,1200,863,337,78,Weekday,No,2025-07-01,medium
TR1029,Madurai,Trichy,1200,817,383,42,Weekday,No,2025-09-10,medium
TR1040,Tirunelveli,Madurai,1000,697,303,48,Weekday,No,2025-10-13,medium
TR1020,Coimbatore,Madurai,1200,922,278,49,Weekday,Yes,2024-06-12,high
TR1041,Coimbatore,Tirunelveli,1000,569,431,37,Weekday,No,2025-10-15,medium
TR1063,Bangalore,Erode,800,436,364,37,Weekday,No,2024-03-25,medium
TR1002,Coimbatore,Trichy,1200,1163,37,217,Weekday,No,2025-01-14,high
TR1031,Madurai,Coimbatore,1200,751,449,7,Weekday,No,2024-12-09,medium
TR1010,Hyderabad,Bangalore,1200,920,280,11,Weekend,No,2024-08-18,high
TR1029,Madurai,Trichy,1200,812,388,34,Weekday,Yes,2024-01-17,medium
TR1040,Tirunelveli,Madurai,1000,624,376,0,Weekday,No,2025-07-18,medium
TR1002,Coimbatore,Trichy,1200,863,337,31,Weekday,No,2024-09-02,medium
TR1044,Bangalore,Trichy,1000,710,290,65,Weekday,No,2025-04-28,medium
TR1040,Tirunelveli,Madurai,1000,567,433,16,Weekend,Yes,2024-10-26,medium
TR1021,Tirunelveli,Hyderabad,1200,967,233,39,Weekday,No,2024-09-30,high
TR1072,Trichy,Hyderabad,600,196,404,20,Weekday,No,2025-10-09,low
TR1048,Madurai,Tirunelveli,1000,516,484,41,Weekend,No,2024-03-10,medium
TR1026,Chennai,Erode,1200,947,253,50,Weekend,No,2025-06-22,high
TR1070,Madurai,Salem,600,292,308,47,Weekend,No,2025-06-29,medium
TR1030,Chennai,Tirunelveli,1200,851,349,27,Weekday,No,2024-10-04,medium
TR1028,Trichy,Salem,1200,904,296,21,Weekday,No,2024-07-10,high
TR1068,Tirunelveli,Coimbatore,800,358,442,9,Weekday,No,2024-01-04,medium
TR1061,Bangalore,Madurai,800,427,373,55,Weekend,No,2025-11-15,medium
TR1018,Erode,Coimbatore,1200,805,395,16,Weekend,No,2025-11-23,medium
TR1059,Trichy,Bangalore,1000,638,362,1,Weekday,No,2024-06-25,medium
TR1035,Salem,Tirunelveli,1000,605,395,18,Weekday,Yes,2024-01-24,medium
TR1009,Trichy,Madurai,1200,1049,151,163,Weekend,Yes,2024-03-30,high
TR1070,Madurai,Salem,600,230,370,21,Weekday,No,2024-02-19,low
TR1014,Salem,Madurai,1200,870,330,52,Weekend,No,2025-08-30,medium
TR1014,Salem,Madurai,1200,941,259,19,Weekday,Yes,2025-10-13,high
TR1028,Trichy,Salem,1200,833,367,40,Weekday,No,2024-04-22,medium
TR1031,Madurai,Coimbatore,1200,802,398,13,Weekend,No,2025-06-29,medium
TR1014,Salem,Madurai,1200,866,334,20,Weekend,No,2024-05-11,medium
TR1020,Coimbatore,Madurai,1200,954,246,88,Weekday,No,2024-09-25,high
TR1017,Bangalore,Hyderabad,1200,805,395,56,Weekday,No,2025-03-14,medium
TR1017,Bangalore,Hyderabad,1200,856,344,77,Weekday,No,2025-06-10,medium
TR1022,Coimbatore,Hyderabad,1200,832,368,56,Weekday,No,2025-10-01,medium
TR1046,Erode,Hyderabad,1000,667,333,24,Weekday,No,2024-02-02,medium
TR1013,Bangalore,Chennai,1200,897,303,67,Weekday,No,2024-05-23,medium
TR1017,Bangalore,Hyderabad,1200,1042,158,104,Weekday,No,2024-07-24,high
TR1012,Tirunelveli,Erode,1200,891,309,66,Weekday,No,2024-08-14,medium
TR1012,Tirunelveli,Erode,1200,883,317,108,Weekday,No,2025-12-30,medium
TR1014,Salem,Madurai,1200,852,348,79,Weekday,No,2025-07-22,medium
TR1015,Tirunelveli,Salem,1200,742,458,1,Weekday,No,2024-08-22,medium
TR1025,Chennai,Coimbatore,1200,731,469,34,Weekday,No,2025-12-11,medium
TR1013,Bangalore,Chennai,1200,855,345,51,Weekday,No,2024-12-30,medium
TR1023,Hyderabad,Coimbatore,1200,940,260,69,Weekday,No,2025-01-01,high
TR1027,Bangalore,Salem,1200,827,373,33,Weekday,No,2024-11-13,medium
TR1053,Bangalore,Coimbatore,1000,527,473,35,Weekday,No,2024-04-15,medium
TR1058,Chennai,Salem,1000,664,336,51,Weekday,No,2025-11-14,medium
TR1031,Madurai,Coimbatore,1200,979,221,104,Weekday,Yes,2024-01-11,high
TR1010,Hyderabad,Bangalore,1200,1027,173,214,Weekday,No,2024-05-07,high
TR1058,Chennai,Salem,1000,498,502,36,Weekend,No,2024-06-16,medium
TR1008,Salem,Bangalore,1200,859,341,41,Weekday,No,2024-07-23,medium
TR1049,Chennai,Hyderabad,1000,711,289,31,Weekend,No,2024-04-06,medium
TR1030,Chennai,Tirunelveli,1200,854,346,103,Weekend,No,2024-01-14,medium
TR1018,Erode,Coimbatore,1200,843,357,110,Weekend,No,2025-05-10,medium
TR1068,Tirunelveli,Coimbatore,800,423,377,2,Weekday,No,2025-12-09,medium
TR1051,Trichy,Erode,1000,646,354,12,Weekend,No,2024-03-30,medium
TR1038,Chennai,Trichy,1000,583,417,40,Weekend,No,2024-08-04,medium
TR1034,Chennai,Bangalore,1000,678,322,9,Weekend,No,2025-01-05,medium
TR1052,Salem,Trichy,1000,640,360,3,Weekend,No,2025-11-09,medium
TR1040,Tirunelveli,Madurai,1000,536,464,59,Weekday,No,2025-05-22,medium
TR1008,Salem,Bangalore,1200,908,292,20,Weekday,No,2025-07-14,high
TR1055,Hyderabad,Erode,1000,477,523,12,Weekday,No,2025-02-28,medium
TR1004,Tirunelveli,Trichy,1200,888,312,118,Weekday,No,2024-10-31,medium
TR1042,Coimbatore,Salem,1000,584,416,6,Weekend,No,2024-05-26,medium
TR1044,Bangalore,Trichy,1000,636,364,47,Weekday,Yes,2025-09-23,medium
TR1051,Trichy,Erode,1000,540,460,33,Weekend,No,2025-08-10,medium
TR1048,Madurai,Tirunelveli,1000,514,486,32,Weekday,No,2024-01-19,medium
TR1054,Salem,Chennai,1000,570,430,49,Weekday,No,2025-06-06,medium
TR1001,Hyderabad,Madurai,1200,910,290,12,Weekend,No,2024-03-02,high
TR1012,Tirunelveli,Erode,1200,947,253,16,Weekday,No,2025-06-24,high
TR1046,Erode,Hyderabad,1000,688,312,11,Weekday,Yes,2025-08-26,medium
TR1009,Trichy,Madurai,1200,899,301,63,Weekday,No,2024-04-05,medium
TR1060,Erode,Tirunelveli,1000,550,450,57,Weekday,No,2024-11-13,medium
TR1045,Salem,Hyderabad,1000,627,373,4,Weekend,No,2024-03-31,medium
TR1027,Bangalore,Salem,1200,636,564,25,Weekday,No,2025-02-18,medium
TR1022,Coimbatore,Hyderabad,1200,882,318,57,Weekend,No,2025-11-09,medium
TR1060,Erode,Tirunelveli,1000,814,186,31,Weekday,No,2024-02-29,high
TR1009,Trichy,Madurai,1200,895,305,47,Weekday,No,2024-10-17,medium
TR1011,Tirunelveli,Bangalore,1200,895,305,32,Weekday,No,2025-12-12,medium
TR1049,Chennai,Hyderabad,1000,625,375,8,Weekday,No,2024-08-07,medium
TR1059,Trichy,Bangalore,1000,697,303,31,Weekend,No,2024-04-06,medium
TR1003,Coimbatore,Chennai,1200,1076,124,207,Weekday,No,2024-12-23,high
TR1030,Chennai,Tirunelveli,1200,624,576,24,Weekday,No,2025-01-06,medium
TR1057,Trichy,Chennai,1000,611,389,38,Weekday,No,2025-04-29,medium
TR1034,Chennai,Bangalore,1000,866,134,160,Weekend,No,2024-08-17,high
TR1026,Chennai,Erode,1200,890,310,102,Weekend,No,2025-11-29,medium
TR1056,Salem,Coimbatore,1000,473,527,49,Weekday,No,2025-01-15,medium
TR1015,Tirunelveli,Salem,1200,895,305,109,Weekend,Yes,2024-07-28,medium
TR1017,Bangalore,Hyderabad,1200,745,455,48,Weekday,No,2025-12-02,medium
TR1002,Coimbatore,Trichy,1200,1138,62,207,Weekday,No,2025-11-07,high
TR1011,Tirunelveli,Bangalore,1200,815,385,57,Weekday,No,2024-12-30,medium
TR1029,Madurai,Trichy,1200,838,362,44,Weekday,No,2024-01-19,medium
TR1067,Madurai,Chennai,800,322,478,29,Weekday,No,2025-03-12,medium
TR1021,Tirunelveli,Hyderabad,1200,816,384,18,Weekend,No,2025-02-09,medium
TR1004,Tirunelveli,Trichy,1200,1125,75,142,Weekday,No,2024-04-18,high
TR1008,Salem,Bangalore,1200,916,284,101,Weekday,No,2025-04-08,high
TR1016,Hyderabad,Trichy,1200,815,385,45,Weekend,No,2025-09-06,medium
TR1013,Bangalore,Chennai,1200,796,404,31,Weekday,No,2024-03-18,medium
TR1064,Madurai,Hyderabad,800,282,518,4,Weekday,Yes,2025-06-12,low
TR1014,Salem,Madurai,1200,748,452,16,Weekday,No,2024-04-12,medium
TR1039,Coimbatore,Erode,1000,638,362,34,Weekday,Yes,2025-07-01,medium
TR1018,Erode,Coimbatore,1200,963,237,52,Weekend,No,2024-11-02,high
TR1026,Chennai,Erode,1200,777,423,27,Weekday,No,2024-01-05,medium
TR1013,Bangalore,Chennai,1200,1057,143,94,Weekend,No,2025-12-07,high
TR1005,Erode,Salem,1200,913,287,18,Weekday,No,2024-05-01,high
TR1010,Hyderabad,Bangalore,1200,883,317,61,Weekday,No,2025-03-11,medium
TR1007,Hyderabad,Tirunelveli,1200,841,359,58,Weekend,No,2024-05-12,medium
TR1042,Coimbatore,Salem,1000,708,292,95,Weekday,No,2025-11-13,medium
TR1060,Erode,Tirunelveli,1000,734,266,22,Weekday,No,2025-06-23,medium
TR1017,Bangalore,Hyderabad,1200,699,501,29,Weekend,No,2025-08-10,medium
TR1035,Salem,Tirunelveli,1000,633,367,51,Weekday,No,2024-11-11,medium
TR1051,Trichy,Erode,1000,667,333,16,Weekend,Yes,2024-12-07,medium
TR1003,Coimbatore,Chennai,1200,843,357,44,Weekday,No,2025-04-08,medium
TR1052,Salem,Trichy,1000,611,389,5,Weekend,Yes,2025-07-27,medium
TR1007,Hyderabad,Tirunelveli,1200,1061,139,143,Weekday,No,2025-09-11,high
TR1035,Salem,Tirunelveli,1000,667,333,51,Weekend,No,2024-01-14,medium
TR1012,Tirunelveli,Erode,1200,959,241,62,Weekday,No,2025-04-30,high
TR1055,Hyderabad,Erode,1000,707,293,55,Weekday,No,2024-03-20,medium
TR1004,Tirunelveli,Trichy,1200,1169,31,174,Weekday,No,2024-07-29,high
TR1016,Hyderabad,Trichy,1200,862,338,58,Weekday,No,2025-08-29,medium
TR1040,Tirunelveli,Madurai,1000,586,414,23,Weekday,No,2024-07-02,medium
TR1060,Erode,Tirunelveli,1000,492,508,45,Weekday,No,2025-08-05,medium
TR1019,Chennai,Madurai,1200,962,238,41,Weekday,No,2024-12-04,high
TR1042,Coimbatore,Salem,1000,519,481,50,Weekday,No,2024-06-19,medium
TR1019,Chennai,Madurai,1200,844,356,39,Weekend,No,2024-09-01,medium
TR1069,Salem,Erode,800,358,442,30,Weekday,No,2025-01-22,medium
TR1027,Bangalore,Salem,1200,782,418,15,Weekend,No,2025-07-13,medium
TR1004,Tirunelveli,Trichy,1200,1009,191,79,Weekday,No,2025-03-18,high
TR1065,Erode,Madurai,800,566,234,57,Weekday,Yes,2025-11-13,medium
TR1062,Trichy,Tirunelveli,800,420,380,14,Weekday,No,2025-09-26,medium
TR1037,Madurai,Erode,1000,626,374,44,Weekday,No,2025-07-04,medium
TR1059,Trichy,Bangalore,1000,647,353,56,Weekend,No,2025-03-16,medium
TR1020,Coimbatore,Madurai,1200,891,309,13,Weekday,No,2024-07-30,medium
TR1049,Chennai,Hyderabad,1000,681,319,34,Weekday,Yes,2024-10-28,medium
TR1030,Chennai,Tirunelveli,1200,846,354,89,Weekday,No,2024-03-27,medium
TR1070,Madurai,Salem,600,233,367,43,Weekday,No,2024-09-30,low
TR1002,Coimbatore,Trichy,1200,849,351,34,Weekend,No,2025-11-08,medium
TR1041,Coimbatore,Tirunelveli,1000,499,501,6,Weekday,No,2024-11-07,medium
TR1038,Chennai,Trichy,1000,482,518,30,Weekend,No,2024-03-24,medium
TR1036,Erode,Chennai,1000,691,309,38,Weekday,No,2025-04-21,medium
TR1017,Bangalore,Hyderabad,1200,738,462,17,Weekday,Yes,2025-12-04,medium
TR1041,Coimbatore,Tirunelveli,1000,729,271,50,Weekday,No,2025-09-26,medium
TR1047,Erode,Trichy,1000,600,400,31,Weekday,No,2024-07-19,medium
TR1059,Trichy,Bangalore,1000,546,454,27,Weekday,No,2024-11-27,medium
TR1008,Salem,Bangalore,1200,825,375,29,Weekday,No,2025-01-23,medium
TR1002,Coimbatore,Trichy,1200,1080,120,162,Weekend,No,2024-06-30,high
TR1013,Bangalore,Chennai,1200,829,371,59,Weekday,No,2024-07-15,medium
TR1026,Chennai,Erode,1200,736,464,47,Weekend,No,2024-06-22,medium
TR1063,Bangalore,Erode,800,503,297,0,Weekend,No,2025-12-28,medium
TR1010,Hyderabad,Bangalore,1200,940,260,48,Weekend,No,2025-06-29,high
TR1069,Salem,Erode,800,337,463,0,Weekend,No,2025-09-06,medium
TR1003,Coimbatore,Chennai,1200,1044,156,197,Weekday,No,2025-08-19,high
TR1030,Chennai,Tirunelveli,1200,831,369,38,Weekday,No,2025-12-02,medium
TR1025,Chennai,Coimbatore,1200,867,333,34,Weekend,No,2024-03-17,medium
TR1053,Bangalore,Coimbatore,1000,500,500,50,Weekday,No,2025-10-06,medium
TR1023,Hyderabad,Coimbatore,1200,1029,171,141,Weekend,No,2024-02-18,high
TR1033,Madurai,Bangalore,1000,614,386,3,Weekday,No,2024-12-13,medium
TR1021,Tirunelveli,Hyderabad,1200,1018,182,26,Weekday,No,2025-03-10,high
TR1055,Hyderabad,Erode,1000,551,449,48,Weekday,No,2024-09-18,medium
TR1013,Bangalore,Chennai,1200,984,216,41,Weekday,No,2024-04-16,high
TR1014,Salem,Madurai,1200,939,261,67,Weekday,No,2024-05-20,high
TR1031,Madurai,Coimbatore,1200,941,259,108,Weekday,No,2025-08-25,high
TR1061,Bangalore,Madurai,800,374,426,17,Weekday,No,2024-08-20,medium
TR1051,Trichy,Erode,1000,652,348,0,Weekday,No,2024-08-14,medium
TR1018,Erode,Coimbatore,1200,1046,154,55,Weekday,No,2025-11-05,high
TR1003,Coimbatore,Chennai,1200,957,243,110,Weekday,No,2024-04-15,high
TR1045,Salem,Hyderabad,1000,600,400,35,Weekday,No,2025-10-31,medium
TR1071,Coimbatore,Bangalore,600,201,399,19,Weekday,No,2025-11-04,low
TR1043,Trichy,Coimbatore,1000,570,430,4,Weekday,No,2025-03-13,medium
TR1013,Bangalore,Chennai,1200,1071,129,165,Weekday,No,2024-05-01,high
TR1017,Bangalore,Hyderabad,1200,772,428,2,Weekday,No,2024-04-23,medium
TR1021,Tirunelveli,Hyderabad,1200,778,422,5,Weekend,No,2024-07-27,medium
TR1046,Erode,Hyderabad,1000,726,274,75,Weekday,Yes,2025-02-26,medium
TR1001,Hyderabad,Madurai,1200,1080,120,155,Weekday,No,2024-04-22,high
TR1032,Bangalore,Tirunelveli,1000,830,170,72,Weekday,No,2024-11-29,high
TR1001,Hyderabad,Madurai,1200,977,223,110,Weekday,No,2024-03-25,high
TR1055,Hyderabad,Erode,1000,576,424,16,Weekday,No,2025-01-29,medium
TR1004,Tirunelveli,Trichy,1200,919,281,71,Weekday,No,2024-01-16,high
TR1054,Salem,Chennai,1000,577,423,18,Weekday,No,2025-06-02,medium
TR1031,Madurai,Coimbatore,1200,660,540,21,Weekend,No,2024-02-10,medium
TR1036,Erode,Chennai,1000,715,285,26,Weekday,No,2024-05-22,medium
TR1016,Hyderabad,Trichy,1200,899,301,97,Weekday,Yes,2024-05-07,medium
TR1034,Chennai,Bangalore,1000,656,344,42,Weekend,No,2025-08-30,medium
TR1027,Bangalore,Salem,1200,793,407,42,Weekday,No,2024-02-09,medium
TR1001,Hyderabad,Madurai,1200,934,266,25,Weekend,Yes,2024-11-09,high
TR1024,Hyderabad,Salem,1200,900,300,22,Weekend,No,2025-03-08,high
TR1003,Coimbatore,Chennai,1200,870,330,96,Weekend,Yes,2025-01-12,medium
TR1043,Trichy,Coimbatore,1000,638,362,39,Weekday,No,2025-05-12,medium
TR1003,Coimbatore,Chennai,1200,1181,19,45,Weekend,No,2025-08-10,high
TR1025,Chennai,Coimbatore,1200,973,227,83,Weekday,No,2024-10-14,high
TR1012,Tirunelveli,Erode,1200,762,438,58,Weekday,No,2025-08-28,medium
TR1003,Coimbatore,Chennai,1200,931,269,92,Weekday,No,2024-08-20,high
TR1058,Chennai,Salem,1000,600,400,16,Weekend,No,2025-12-20,medium
TR1045,Salem,Hyderabad,1000,592,408,18,Weekday,No,2025-01-03,medium
TR1066,Hyderabad,Chennai,800,287,513,45,Weekend,No,2025-06-22,low
TR1041,Coimbatore,Tirunelveli,1000,660,340,24,Weekday,Yes,2025-10-01,medium
TR1016,Hyderabad,Trichy,1200,867,333,91,Weekend,No,2025-08-02,medium
TR1032,Bangalore,Tirunelveli,1000,814,186,115,Weekend,Yes,2025-09-14,high
TR1055,Hyderabad,Erode,1000,546,454,24,Weekday,No,2025-01-27,medium
TR1009,Trichy,Madurai,1200,1018,182,73,Weekday,No,2024-02-01,high
TR1031,Madurai,Coimbatore,1200,709,491,29,Weekday,No,2024-12-26,medium
TR1065,Erode,Madurai,800,336,464,30,Weekend,No,2024-05-12,medium
TR1025,Chennai,Coimbatore,1200,900,300,18,Weekend,No,2025-10-11,medium
TR1036,Erode,Chennai,1000,747,253,118,Weekend,No,2024-06-22,medium
TR1058,Chennai,Salem,1000,489,511,32,Weekend,Yes,2024-06-15,medium
TR1055,Hyderabad,Erode,1000,568,432,13,Weekday,No,2024-07-01,medium
TR1063,Bangalore,Erode,800,339,461,34,Weekday,No,2025-04-14,medium
TR1008,Salem,Bangalore,1200,889,311,53,Weekday,Yes,2025-02-21,medium
TR1019,Chennai,Madurai,1200,949,251,100,Weekday,Yes,2025-11-24,high
TR1006,Erode,Bangalore,1200,902,298,93,Weekday,No,2024-10-31,high
TR1021,Tirunelveli,Hyderabad,1200,845,355,52,Weekday,No,2024-07-25,medium
TR1030,Chennai,Tirunelveli,1200,722,478,42,Weekday,No,2024-02-06,medium
TR1036,Erode,Chennai,1000,609,391,1,Weekend,No,2024-01-06,medium
TR1024,Hyderabad,Salem,1200,999,201,116,Weekday,No,2024-09-30,high
TR1005,Erode,Salem,1200,989,211,66,Weekday,No,2025-11-07,high
TR1017,Bangalore,Hyderabad,1200,772,428,39,Weekday,No,2025-01-17,medium
TR1002,Coimbatore,Trichy,1200,990,210,80,Weekday,No,2025-10-15,high
TR1010,Hyderabad,Bangalore,1200,753,447,18,Weekday,No,2024-03-15,medium
TR1041,Coimbatore,Tirunelveli,1000,548,452,41,Weekend,No,2024-03-09,medium
TR1003,Coimbatore,Chennai,1200,1113,87,111,Weekday,No,2025-09-01,high
TR1005,Erode,Salem,1200,968,232,84,Weekday,No,2024-03-19,high
TR1013,Bangalore,Chennai,1200,1088,112,56,Weekday,No,2024-02-07,high
TR1056,Salem,Coimbatore,1000,558,442,8,Weekday,No,2024-10-22,medium
TR1024,Hyderabad,Salem,1200,827,373,55,Weekday,No,2025-11-07,medium
TR1001,Hyderabad,Madurai,1200,1082,118,172,Weekend,No,2025-05-18,high
TR1011,Tirunelveli,Bangalore,1200,650,550,7,Weekday,No,2024-03-13,medium
TR1042,Coimbatore,Salem,1000,645,355,12,Weekday,No,2025-09-03,medium
TR1015,Tirunelveli,Salem,1200,864,336,70,Weekday,No,2025-09-08,medium
TR1033,Madurai,Bangalore,1000,779,221,10,Weekday,No,2025-08-08,high
TR1046,Erode,Hyderabad,1000,675,325,24,Weekday,No,2025-10-21,medium
TR1012,Tirunelveli,Erode,1200,797,403,19,Weekday,No,2024-06-24,medium
TR1040,Tirunelveli,Madurai,1000,728,272,24,Weekday,No,2025-12-17,medium
TR1014,Salem,Madurai,1200,843,357,42,Weekday,No,2024-08-22,medium
TR1037,Madurai,Erode,1000,588,412,17,Weekend,No,2025-08-09,medium
TR1072,Trichy,Hyderabad,600,235,365,4,Weekday,No,2025-02-27,low
TR1035,Salem,Tirunelveli,1000,644,356,38,Weekday,No,2025-07-23,medium
TR1016,Hyderabad,Trichy,1200,1016,184,39,Weekday,No,2025-04-03,high
TR1032,Bangalore,Tirunelveli,1000,688,312,1,Weekday,No,2025-04-14,medium
TR1069,Salem,Erode,800,365,435,1,Weekday,No,2025-03-26,medium
TR1069,Salem,Erode,800,409,391,57,Weekday,Yes,2025-07-23,medium
TR1039,Coimbatore,Erode,1000,716,284,23,Weekday,No,2025-06-24,medium
TR1002,Coimbatore,Trichy,1200,1095,105,203,Weekday,No,2024-04-08,high
TR1012,Tirunelveli,Erode,1200,1043,157,69,Weekday,No,2025-08-26,high
TR1001,Hyderabad,Madurai,1200,1078,122,55,Weekend,No,2025-01-26,high
TR1049,Chennai,Hyderabad,1000,579,421,32,Weekend,Yes,2024-08-24,medium
TR1014,Salem,Madurai,1200,987,213,105,Weekday,No,2025-01-10,high
TR1046,Erode,Hyderabad,1000,590,410,4,Weekend,No,2025-12-07,medium
TR1058,Chennai,Salem,1000,568,432,19,Weekday,No,2025-09-18,medium
TR1009,Trichy,Madurai,1200,1072,128,175,Weekday,No,2025-09-01,high
TR1054,Salem,Chennai,1000,696,304,4,Weekday,No,2024-12-04,medium
TR1059,Trichy,Bangalore,1000,565,435,10,Weekend,Yes,2025-07-27,medium
TR1024,Hyderabad,Salem,1200,787,413,18,Weekday,No,2024-10-08,medium
TR1013,Bangalore,Chennai,1200,1047,153,185,Weekday,No,2025-05-16,high
TR1047,Erode,Trichy,1000,661,339,48,Weekend,No,2025-04-12,medium
TR1048,Madurai,Tirunelveli,1000,591,409,42,Weekday,No,2024-07-01,medium
TR1023,Hyderabad,Coimbatore,1200,800,400,39,Weekend,No,2024-07-13,medium
TR1015,Tirunelveli,Salem,1200,900,300,12,Weekday,No,2024-02-14,high
TR1026,Chennai,Erode,1200,828,372,14,Weekday,No,2024-04-12,medium
TR1037,Madurai,Erode,1000,607,393,55,Weekday,No,2024-11-12,medium
TR1054,Salem,Chennai,1000,576,424,43,Weekend,No,2024-12-15,medium
TR1034,Chennai,Bangalore,1000,682,318,14,Weekday,No,2024-04-30,medium
TR1050,Tirunelveli,Chennai,1000,536,464,42,Weekday,No,2024-10-31,medium
TR1025,Chennai,Coimbatore,1200,917,283,89,Weekday,No,2025-03-17,high
TR1020,Coimbatore,Madurai,1200,992,208,91,Weekday,No,2024-06-19,high
TR1059,Trichy,Bangalore,1000,643,357,58,Weekday,No,2024-09-04,medium
TR1014,Salem,Madurai,1200,842,358,69,Weekday,No,2024-09-25,medium
TR1056,Salem,Coimbatore,1000,626,374,3,Weekend,Yes,2025-01-04,medium
TR1019,Chennai,Madurai,1200,876,324,100,Weekday,No,2024-09-24,medium
TR1007,Hyderabad,Tirunelveli,1200,826,374,0,Weekend,No,2025-06-22,medium
TR1052,Salem,Trichy,1000,620,380,38,Weekday,No,2024-08-27,medium
TR1038,Chennai,Trichy,1000,641,359,47,Weekday,No,2024-11-13,medium
TR1005,Erode,Salem,1200,1200,0,62,Weekday,Yes,2024-10-04,high
TR1041,Coimbatore,Tirunelveli,1000,746,254,97,Weekday,No,2024-05-13,medium
TR1009,Trichy,Madurai,1200,975,225,99,Weekday,No,2025-05-16,high
TR1050,Tirunelveli,Chennai,1000,586,414,39,Weekday,No,2024-06-21,medium
TR1041,Coimbatore,Tirunelveli,1000,642,358,19,Weekday,No,2024-08-05,medium
TR1011,Tirunelveli,Bangalore,1200,810,390,12,Weekend,No,2025-08-02,medium
TR1068,Tirunelveli,Coimbatore,800,266,534,42,Weekday,No,2025-11-24,low
TR1060,Erode,Tirunelveli,1000,496,504,9,Weekday,No,2025-05-05,medium
TR1047,Erode,Trichy,1000,594,406,40,Weekday,No,2025-10-31,medium
TR1012,Tirunelveli,Erode,1200,704,496,10,Weekday,No,2025-09-16,medium
TR1006,Erode,Bangalore,1200,892,308,46,Weekday,No,2024-12-17,medium
TR1036,Erode,Chennai,1000,641,359,30,Weekday,Yes,2025-07-17,medium
TR1007,Hyderabad,Tirunelveli,1200,924,276,27,Weekday,No,2024-08-28,high
TR1038,Chennai,Trichy,1000,576,424,47,Weekday,No,2024-12-02,medium
TR1019,Chennai,Madurai,1200,836,364,41,Weekend,No,2025-01-26,medium
TR1007,Hyderabad,Tirunelveli,1200,1110,90,42,Weekday,No,2025-12-03,high
TR1020,Coimbatore,Madurai,1200,932,268,103,Weekday,No,2025-09-12,high
TR1039,Coimbatore,Erode,1000,584,416,43,Weekday,No,2024-12-23,medium
TR1031,Madurai,Coimbatore,1200,824,376,50,Weekday,No,2025-04-22,medium
TR1063,Bangalore,Erode,800,426,374,36,Weekday,No,2024-05-27,medium
TR1056,Salem,Coimbatore,1000,504,496,37,Weekday,No,2025-08-11,medium
TR1008,Salem,Bangalore,1200,832,368,23,Weekend,No,2025-02-08,medium
TR1037,Madurai,Erode,1000,741,259,35,Weekday,No,2025-01-24,medium
TR1040,Tirunelveli,Madurai,1000,595,405,14,Weekday,No,2025-07-14,medium
TR1015,Tirunelveli,Salem,1200,763,437,18,Weekday,No,2025-04-07,medium
TR1056,Salem,Coimbatore,1000,562,438,17,Weekday,No,2024-02-22,medium
TR1006,Erode,Bangalore,1200,956,244,93,Weekday,No,2024-07-29,high
TR1007,Hyderabad,Tirunelveli,1200,755,445,31,Weekday,No,2024-05-09,medium
TR1038,Chennai,Trichy,1000,626,374,24,Weekend,No,2025-06-21,medium
TR1032,Bangalore,Tirunelveli,1000,730,270,89,Weekday,No,2024-01-26,medium
TR1061,Bangalore,Madurai,800,456,344,43,Weekday,No,2024-05-27,medium
TR1022,Coimbatore,Hyderabad,1200,1045,155,208,Weekday,No,2025-03-12,high
TR1043,Trichy,Coimbatore,1000,697,303,18,Weekday,No,2025-05-22,medium
TR1063,Bangalore,Erode,800,520,280,14,Weekday,No,2025-01-02,medium
TR1028,Trichy,Salem,1200,1099,101,41,Weekend,No,2025-09-21,high
TR1064,Madurai,Hyderabad,800,451,349,9,Weekend,No,2025-11-02,medium
TR1015,Tirunelveli,Salem,1200,884,316,76,Weekend,No,2024-04-06,medium
TR1001,Hyderabad,Madurai,1200,1113,87,185,Weekday,No,2025-11-27,high
TR1020,Coimbatore,Madurai,1200,815,385,36,Weekday,No,2025-03-25,medium
TR1046,Erode,Hyderabad,1000,606,394,59,Weekday,No,2025-04-10,medium
TR1024,Hyderabad,Salem,1200,768,432,37,Weekend,Yes,2024-03-10,medium
TR1008,Salem,Bangalore,1200,945,255,107,Weekend,No,2025-03-30,high
TR1007,Hyderabad,Tirunelveli,1200,882,318,39,Weekend,No,2025-06-14,medium
TR1070,Madurai,Salem,600,212,388,19,Weekday,No,2025-02-28,low
TR1019,Chennai,Madurai,1200,908,292,99,Weekend,No,2024-03-02,high
TR1037,Madurai,Erode,1000,650,350,39,Weekday,No,2025-01-17,medium
TR1066,Hyderabad,Chennai,800,253,547,29,Weekend,No,2025-11-15,low
TR1032,Bangalore,Tirunelveli,1000,544,456,57,Weekday,No,2025-06-12,medium
TR1024,Hyderabad,Salem,1200,720,480,45,Weekday,No,2024-04-10,medium
TR1001,Hyderabad,Madurai,1200,935,265,42,Weekday,No,2025-12-02,high
TR1032,Bangalore,Tirunelveli,1000,694,306,36,Weekday,No,2025-12-01,medium
TR1033,Madurai,Bangalore,1000,678,322,23,Weekday,No,2024-05-03,medium
TR1050,Tirunelveli,Chennai,1000,651,349,24,Weekday,No,2025-08-08,medium
TR1028,Trichy,Salem,1200,903,297,98,Weekday,Yes,2024-10-24,high
TR1069,Salem,Erode,800,420,380,40,Weekend,Yes,2025-03-09,medium
TR1031,Madurai,Coimbatore,1200,889,311,11,Weekday,No,2024-11-21,medium
TR1050,Tirunelveli,Chennai,1000,583,417,34,Weekend,No,2025-07-26,medium
TR1050,Tirunelveli,Chennai,1000,654,346,38,Weekday,No,2025-12-29,medium
TR1008,Salem,Bangalore,1200,995,205,66,Weekday,No,2025-08-04,high
TR1027,Bangalore,Salem,1200,867,333,42,Weekday,No,2025-11-11,medium
TR1025,Chennai,Coimbatore,1200,953,247,81,Weekend,Yes,2025-11-22,high
TR1034,Chennai,Bangalore,1000,473,527,56,Weekday,No,2024-03-06,medium
TR1029,Madurai,Trichy,1200,803,397,5,Weekday,No,2024-07-04,medium
TR1060,Erode,Tirunelveli,1000,541,459,36,Weekday,No,2025-06-11,medium
TR1054,Salem,Chennai,1000,658,342,54,Weekday,No,2025-03-07,medium
TR1018,Erode,Coimbatore,1200,1019,181,54,Weekday,No,2024-02-06,high
TR1051,Trichy,Erode,1000,450,550,20,Weekend,Yes,2024-03-10,medium
TR1016,Hyderabad,Trichy,1200,1004,196,37,Weekday,No,2025-01-15,high
TR1006,Erode,Bangalore,1200,832,368,13,Weekday,No,2025-03-26,medium
TR1012,Tirunelveli,Erode,1200,797,403,23,Weekday,No,2024-05-02,medium
TR1062,Trichy,Tirunelveli,800,412,388,46,Weekend,No,2024-05-05,medium
TR1047,Erode,Trichy,1000,572,428,10,Weekday,No,2024-04-04,medium
TR1021,Tirunelveli,Hyderabad,1200,719,481,13,Weekend,No,2025-02-16,medium
TR1016,Hyderabad,Trichy,1200,931,269,119,Weekend,Yes,2024-01-06,high
TR1039,Coimbatore,Erode,1000,683,317,59,Weekend,No,2025-02-22,medium
TR1028,Trichy,Salem,1200,932,268,34,Weekday,No,2024-12-13,high
TR1021,Tirunelveli,Hyderabad,1200,827,373,25,Weekday,No,2024-12-06,medium
TR1015,Tirunelveli,Salem,1200,865,335,54,Weekend,No,2025-05-11,medium
TR1006,Erode,Bangalore,1200,941,259,42,Weekday,No,2025-01-17,high
TR1040,Tirunelveli,Madurai,1000,764,236,26,Weekend,No,2025-06-15,high
TR1054,Salem,Chennai,1000,339,661,3,Weekend,No,2025-07-12,low
TR1015,Tirunelveli,Salem,1200,777,423,36,Weekday,No,2025-11-03,medium
TR1028,Trichy,Salem,1200,831,369,2,Weekday,No,2025-08-07,medium
TR1003,Coimbatore,Chennai,1200,878,322,78,Weekday,No,2025-01-13,medium
TR1030,Chennai,Tirunelveli,1200,806,394,5,Weekday,Yes,2024-12-25,medium
TR1062,Trichy,Tirunelveli,800,419,381,9,Weekday,Yes,2024-06-21,medium
TR1053,Bangalore,Coimbatore,1000,513,487,0,Weekday,No,2025-03-14,medium
TR1016,Hyderabad,Trichy,1200,875,325,53,Weekday,No,2024-04-11,medium
TR1006,Erode,Bangalore,1200,1005,195,45,Weekday,No,2025-11-11,high
TR1027,Bangalore,Salem,1200,808,392,19,Weekday,No,2025-09-09,medium
TR1004,Tirunelveli,Trichy,1200,939,261,44,Weekday,Yes,2024-03-28,high
TR1021,Tirunelveli,Hyderabad,1200,853,347,113,Weekday,No,2025-07-28,medium
TR1019,Chennai,Madurai,1200,868,332,57,Weekday,Yes,2024-03-26,medium
TR1043,Trichy,Coimbatore,1000,458,542,48,Weekday,No,2025-06-11,medium
TR1046,Erode,Hyderabad,1000,634,366,13,Weekday,No,2024-03-05,medium
TR1017,Bangalore,Hyderabad,1200,825,375,28,Weekend,No,2024-12-22,medium
TR1029,Madurai,Trichy,1200,952,248,16,Weekday,Yes,2025-04-25,high
TR1005,Erode,Salem,1200,1039,161,86,Weekday,No,2025-06-16,high
TR1034,Chennai,Bangalore,1000,754,246,17,Weekend,No,2024-11-02,high
TR1031,Madurai,Coimbatore,1200,733,467,1,Weekday,No,2025-11-04,medium
TR1012,Tirunelveli,Erode,1200,871,329,30,Weekend,No,2025-07-20,medium
TR1016,Hyderabad,Trichy,1200,749,451,9,Weekend,No,2024-06-01,medium
TR1034,Chennai,Bangalore,1000,604,396,18,Weekday,No,2025-05-05,medium
TR1024,Hyderabad,Salem,1200,951,249,91,Weekday,No,2025-06-18,high
TR1042,Coimbatore,Salem,1000,748,252,26,Weekend,No,2024-08-31,medium
TR1045,Salem,Hyderabad,1000,506,494,36,Weekday,No,2025-06-23,medium
TR1038,Chennai,Trichy,1000,592,408,21,Weekend,No,2025-10-18,medium
TR1010,Hyderabad,Bangalore,1200,899,301,54,Weekday,Yes,2025-08-20,medium
TR1020,Coimbatore,Madurai,1200,925,275,111,Weekday,No,2025-07-11,high
TR1035,Salem,Tirunelveli,1000,520,480,27,Weekday,No,2025-04-08,medium
TR1041,Coimbatore,Tirunelveli,1000,501,499,15,Weekday,Yes,2024-07-16,medium
TR1042,Coimbatore,Salem,1000,668,332,14,Weekday,No,2025-08-04,medium
TR1015,Tirunelveli,Salem,1200,681,519,10,Weekday,No,2024-09-23,medium
TR1027,Bangalore,Salem,1200,788,412,48,Weekday,No,2025-01-24,medium
TR1071,Coimbatore,Bangalore,600,234,366,39,Weekend,No,2024-08-17,low
TR1026,Chennai,Erode,1200,870,330,39,Weekday,No,2024-08-16,medium
TR1002,Coimbatore,Trichy,1200,1006,194,63,Weekday,No,2024-04-25,high
TR1019,Chennai,Madurai,1200,833,367,30,Weekday,No,2025-12-03,medium
TR1028,Trichy,Salem,1200,912,288,15,Weekday,No,2024-04-18,high
TR1003,Coimbatore,Chennai,1200,1009,191,109,Weekday,No,2024-03-04,high
TR1021,Tirunelveli,Hyderabad,1200,806,394,47,Weekend,Yes,2025-11-15,medium
TR1035,Salem,Tirunelveli,1000,664,336,32,Weekend,No,2025-02-09,medium
TR1042,Coimbatore,Salem,1000,660,340,42,Weekend,No,2024-11-16,medium
TR1042,Coimbatore,Salem,1000,766,234,22,Weekday,Yes,2025-06-23,high
TR1022,Coimbatore,Hyderabad,1200,906,294,117,Weekday,No,2024-10-07,high
TR1058,Chennai,Salem,1000,663,337,38,Weekday,No,2024-04-03,medium
TR1005,Erode,Salem,1200,923,277,113,Weekday,No,2025-06-17,high
TR1016,Hyderabad,Trichy,1200,818,382,51,Weekday,No,2024-05-08,medium
TR1048,Madurai,Tirunelveli,1000,547,453,35,Weekend,No,2025-02-08,medium
TR1036,Erode,Chennai,1000,649,351,17,Weekday,No,2025-11-24,medium
TR1008,Salem,Bangalore,1200,810,390,41,Weekend,Yes,2025-11-15,medium
TR1003,Coimbatore,Chennai,1200,1104,96,132,Weekday,No,2024-09-20,high
TR1007,Hyderabad,Tirunelveli,1200,1029,171,113,Weekday,No,2025-07-24,high
TR1041,Coimbatore,Tirunelveli,1000,604,396,42,Weekend,No,2025-03-23,medium
TR1048,Madurai,Tirunelveli,1000,617,383,53,Weekday,No,2024-12-16,medium
TR1014,Salem,Madurai,1200,890,310,28,Weekday,No,2024-04-12,medium
TR1039,Coimbatore,Erode,1000,687,313,33,Weekday,No,2024-10-02,medium
TR1030,Chennai,Tirunelveli,1200,701,499,46,Weekday,No,2025-04-21,medium
TR1031,Madurai,Coimbatore,1200,817,383,19,Weekday,No,2025-12-22,medium
TR1004,Tirunelveli,Trichy,1200,977,223,47,Weekday,No,2024-01-04,high
TR1016,Hyderabad,Trichy,1200,928,272,11,Weekend,No,2025-06-08,high
TR1030,Chennai,Tirunelveli,1200,770,430,19,Weekday,No,2025-09-10,medium
TR1040,Tirunelveli,Madurai,1000,429,571,35,Weekday,No,2025-11-26,medium
TR1017,Bangalore,Hyderabad,1200,765,435,58,Weekday,No,2024-11-05,medium
TR1053,Bangalore,Coimbatore,1000,561,439,31,Weekday,No,2024-03-27,medium
TR1065,Erode,Madurai,800,406,394,17,Weekday,No,2024-07-17,medium
TR1037,Madurai,Erode,1000,795,205,99,Weekend,No,2025-09-13,high
TR1060,Erode,Tirunelveli,1000,612,388,11,Weekday,No,2025-10-03,medium
TR1036,Erode,Chennai,1000,667,333,11,Weekday,No,2025-04-10,medium
TR1020,Coimbatore,Madurai,1200,865,335,67,Weekend,No,2024-03-30,medium
TR1057,Trichy,Chennai,1000,654,346,48,Weekend,No,2024-03-30,medium
TR1011,Tirunelveli,Bangalore,1200,850,350,33,Weekend,No,2024-12-15,medium
TR1010,Hyderabad,Bangalore,1200,893,307,11,Weekday,No,2025-03-06,medium
TR1026,Chennai,Erode,1200,726,474,43,Weekday,Yes,2024-01-24,medium
TR1052,Salem,Trichy,1000,679,321,35,Weekday,No,2025-05-16,medium
TR1063,Bangalore,Erode,800,452,348,41,Weekend,No,2025-02-02,medium
TR1071,Coimbatore,Bangalore,600,192,408,23,Weekday,No,2024-01-09,low
TR1024,Hyderabad,Salem,1200,820,380,7,Weekend,Yes,2024-03-10,medium
TR1020,Coimbatore,Madurai,1200,917,283,46,Weekday,No,2024-11-28,high
TR1002,Coimbatore,Trichy,1200,996,204,61,Weekday,Yes,2025-06-12,high
TR1001,Hyderabad,Madurai,1200,969,231,57,Weekday,No,2025-08-26,high
TR1044,Bangalore,Trichy,1000,545,455,53,Weekday,No,2024-11-11,medium
TR1066,Hyderabad,Chennai,800,399,401,13,Weekend,Yes,2024-08-03,medium
TR1021,Tirunelveli,Hyderabad,1200,834,366,18,Weekday,No,2025-12-08,medium
TR1022,Coimbatore,Hyderabad,1200,787,413,11,Weekend,No,2024-12-01,medium
TR1029,Madurai,Trichy,1200,702,498,34,Weekend,No,2024-08-18,medium
TR1037,Madurai,Erode,1000,667,333,48,Weekday,No,2024-11-19,medium
TR1020,Coimbatore,Madurai,1200,851,349,107,Weekday,No,2024-01-09,medium
TR1067,Madurai,Chennai,800,356,444,13,Weekday,No,2024-08-08,medium
TR1045,Salem,Hyderabad,1000,613,387,25,Weekend,No,2025-01-11,medium
TR1018,Erode,Coimbatore,1200,940,260,91,Weekend,Yes,2025-11-02,high
TR1062,Trichy,Tirunelveli,800,472,328,2,Weekday,No,2025-06-23,medium
TR1056,Salem,Coimbatore,1000,610,390,42,Weekday,No,2025-07-25,medium
TR1004,Tirunelveli,Trichy,1200,959,241,24,Weekend,No,2025-02-02,high
TR1023,Hyderabad,Coimbatore,1200,776,424,2,Weekday,No,2024-03-21,medium
TR1029,Madurai,Trichy,1200,730,470,6,Weekend,Yes,2024-10-12,medium
TR1017,Bangalore,Hyderabad,1200,811,389,52,Weekday,No,2025-12-29,medium
TR1028,Trichy,Salem,1200,832,368,40,Weekday,No,2024-02-02,medium
TR1027,Bangalore,Salem,1200,755,445,47,Weekend,Yes,2025-10-04,medium
TR1006,Erode,Bangalore,1200,953,247,85,Weekday,No,2025-05-15,high
TR1039,Coimbatore,Erode,1000,552,448,47,Weekday,No,2024-07-26,medium
TR1038,Chennai,Trichy,1000,496,504,29,Weekday,No,2025-07-22,medium
TR1057,Trichy,Chennai,1000,631,369,48,Weekday,No,2025-09-03,medium
TR1037,Madurai,Erode,1000,623,377,3,Weekday,No,2024-02-01,medium
TR1003,Coimbatore,Chennai,1200,902,298,74,Weekday,No,2024-03-18,high
TR1002,Coimbatore,Trichy,1200,915,285,93,Weekday,No,2025-05-01,high
TR1056,Salem,Coimbatore,1000,600,400,59,Weekday,No,2025-12-31,medium
TR1014,Salem,Madurai,1200,1000,200,49,Weekday,No,2024-01-18,high
TR1025,Chennai,Coimbatore,1200,792,408,10,Weekday,No,2025-05-01,medium
TR1044,Bangalore,Trichy,1000,580,420,43,Weekday,No,2024-04-09,medium
TR1025,Chennai,Coimbatore,1200,933,267,17,Weekend,No,2025-04-20,high
TR1033,Madurai,Bangalore,1000,516,484,46,Weekday,No,2025-03-31,medium
TR1057,Trichy,Chennai,1000,723,277,87,Weekday,No,2024-03-07,medium
TR1046,Erode,Hyderabad,1000,793,207,86,Weekday,No,2025-05-12,high
TR1003,Coimbatore,Chennai,1200,722,478,17,Weekday,No,2025-10-17,medium
TR1068,Tirunelveli,Coimbatore,800,371,429,7,Weekday,Yes,2025-09-23,medium
TR1028,Trichy,Salem,1200,762,438,36,Weekday,No,2024-01-22,medium
TR1069,Salem,Erode,800,335,465,21,Weekday,No,2024-06-28,medium
TR1032,Bangalore,Tirunelveli,1000,627,373,23,Weekday,Yes,2024-06-25,medium
TR1061,Bangalore,Madurai,800,479,321,11,Weekday,No,2024-11-27,medium
TR1005,Erode,Salem,1200,971,229,46,Weekend,No,2024-04-14,high
TR1009,Trichy,Madurai,1200,819,381,49,Weekday,No,2025-09-16,medium
TR1013,Bangalore,Chennai,1200,890,310,108,Weekday,No,2025-07-21,medium
TR1009,Trichy,Madurai,1200,956,244,48,Weekday,Yes,2025-08-13,high
TR1004,Tirunelveli,Trichy,1200,868,332,25,Weekday,No,2024-05-24,medium
TR1062,Trichy,Tirunelveli,800,322,478,2,Weekday,No,2024-01-11,medium
TR1013,Bangalore,Chennai,1200,1098,102,74,Weekday,No,2025-10-27,high
TR1059,Trichy,Bangalore,1000,514,486,0,Weekday,No,2024-07-30,medium
TR1016,Hyderabad,Trichy,1200,855,345,83,Weekday,No,2025-04-24,medium
TR1062,Trichy,Tirunelveli,800,402,398,38,Weekend,No,2025-10-26,medium
TR1023,Hyderabad,Coimbatore,1200,883,317,96,Weekend,Yes,2024-01-27,medium
TR1064,Madurai,Hyderabad,800,516,284,19,Weekday,No,2024-01-05,medium
TR1064,Madurai,Hyderabad,800,439,361,49,Weekday,No,2024-01-04,medium
TR1005,Erode,Salem,1200,836,364,10,Weekday,No,2024-04-24,medium
TR1011,Tirunelveli,Bangalore,1200,773,427,13,Weekday,No,2024-02-07,medium
TR1005,Erode,Salem,1200,944,256,110,Weekday,No,2025-08-22,high
TR1011,Tirunelveli,Bangalore,1200,881,319,107,Weekday,No,2025-03-18,medium
TR1007,Hyderabad,Tirunelveli,1200,779,421,35,Weekday,Yes,2025-12-17,medium
TR1021,Tirunelveli,Hyderabad,1200,947,253,77,Weekday,Yes,2025-08-08,high
TR1011,Tirunelveli,Bangalore,1200,802,398,42,Weekday,No,2025-12-05,medium
TR1044,Bangalore,Trichy,1000,717,283,100,Weekend,No,2024-06-23,medium
TR1004,Tirunelveli,Trichy,1200,1157,43,81,Weekday,No,2024-07-29,high
TR1012,Tirunelveli,Erode,1200,882,318,17,Weekday,Yes,2025-09-12,medium
TR1048,Madurai,Tirunelveli,1000,601,399,11,Weekday,No,2024-06-28,medium
TR1021,Tirunelveli,Hyderabad,1200,750,450,21,Weekend,No,2024-02-11,medium
TR1006,Erode,Bangalore,1200,1004,196,35,Weekend,No,2025-05-04,high
TR1001,Hyderabad,Madurai,1200,972,228,67,Weekday,Yes,2025-08-08,high
TR1005,Erode,Salem,1200,878,322,25,Weekday,No,2025-12-08,medium
TR1027,Bangalore,Salem,1200,803,397,34,Weekend,No,2025-11-09,medium
TR1038,Chennai,Trichy,1000,592,408,42,Weekday,No,2024-03-28,medium
TR1024,Hyderabad,Salem,1200,799,401,5,Weekday,No,2025-07-18,medium
TR1028,Trichy,Salem,1200,922,278,41,Weekday,No,2025-09-10,high
TR1050,Tirunelveli,Chennai,1000,503,497,32,Weekend,No,2025-05-25,medium
TR1003,Coimbatore,Chennai,1200,1149,51,51,Weekday,No,2025-08-22,high
TR1037,Madurai,Erode,1000,555,445,39,Weekday,No,2025-09-04,medium
TR1009,Trichy,Madurai,1200,1061,139,175,Weekday,No,2024-11-22,high
TR1014,Salem,Madurai,1200,771,429,21,Weekday,No,2024-01-30,medium
TR1024,Hyderabad,Salem,1200,830,370,0,Weekday,No,2024-11-29,medium
TR1035,Salem,Tirunelveli,1000,621,379,30,Weekday,No,2024-05-27,medium
TR1051,Trichy,Erode,1000,538,462,52,Weekend,No,2024-03-24,medium
TR1043,Trichy,Coimbatore,1000,661,339,17,Weekday,No,2024-04-01,medium
TR1066,Hyderabad,Chennai,800,473,327,50,Weekend,Yes,2025-05-24,medium
TR1004,Tirunelveli,Trichy,1200,1096,104,196,Weekday,No,2025-01-03,high
TR1011,Tirunelveli,Bangalore,1200,867,333,40,Weekday,No,2025-01-29,medium
TR1008,Salem,Bangalore,1200,924,276,75,Weekend,No,2025-06-28,high
TR1024,Hyderabad,Salem,1200,755,445,2,Weekday,Yes,2025-02-04,medium
TR1048,Madurai,Tirunelveli,1000,486,514,33,Weekend,No,2025-04-05,medium
TR1018,Erode,Coimbatore,1200,758,442,52,Weekend,No,2024-03-03,medium
TR1037,Madurai,Erode,1000,626,374,56,Weekend,No,2025-09-14,medium
TR1043,Trichy,Coimbatore,1000,617,383,11,Weekend,No,2024-11-24,medium
TR1023,Hyderabad,Coimbatore,1200,647,553,39,Weekday,No,2024-04-23,medium
TR1029,Madurai,Trichy,1200,826,374,3,Weekend,No,2025-08-17,medium
TR1034,Chennai,Bangalore,1000,782,218,40,Weekend,No,2025-06-21,high
TR1019,Chennai,Madurai,1200,976,224,101,Weekday,No,2024-02-08,high
TR1018,Erode,Coimbatore,1200,812,388,38,Weekday,No,2024-05-21,medium
TR1073,Delhi,New Delhi,600,102,498,23,Weekday,Yes,2024-01-12,low
TR1074,Delhi,Mumbai,600,191,409,57,Weekday,No,2024-07-16,low
TR1075,Delhi,Chennai,600,90,510,45,Weekday,No,2024-03-14,low
TR1076,Delhi,Kolkata,600,222,378,1,Weekday,No,2025-06-02,low
TR1077,Delhi,Bangalore,600,159,441,4,Weekday,No,2025-01-16,low
TR1078,Delhi,Hyderabad,600,257,343,37,Weekday,No,2025-12-17,medium
TR1079,Delhi,Pune,600,90,510,52,Weekday,No,2025-07-01,low
TR1080,Delhi,Ahmedabad,600,213,387,9,Weekend,No,2025-03-23,low
TR1081,Delhi,Jaipur,600,164,436,32,Weekday,No,2025-01-07,low
TR1082,Delhi,Surat,600,153,447,48,Weekday,No,2024-02-09,low
TR1083,Delhi,Lucknow,600,103,497,51,Weekday,No,2024-02-21,low
TR1084,Delhi,Kanpur,600,198,402,38,Weekday,No,2025-03-26,low
TR1085,Delhi,Nagpur,600,201,399,59,Weekday,No,2024-01-04,low
TR1086,Delhi,Indore,600,255,345,56,Weekday,No,2024-01-31,medium
TR1087,Delhi,Bhopal,600,217,383,50,Weekend,No,2024-06-09,low
TR1088,Delhi,Patna,600,140,460,40,Weekday,No,2025-10-08,low
TR1089,Delhi,Ranchi,600,121,479,59,Weekend,No,2024-12-01,low
TR1090,Delhi,Bhubaneswar,600,103,497,1,Weekday,No,2025-06-02,low
TR1091,Delhi,Cuttack,600,240,360,5,Weekend,No,2024-10-27,low
TR1092,Delhi,Puri,600,132,468,30,Weekday,No,2024-05-06,low
TR1093,Delhi,Rourkela,600,240,360,40,Weekend,No,2024-09-28,low
TR1094,Delhi,Sambalpur,600,194,406,54,Weekday,No,2024-03-08,low
TR1095,Delhi,Guwahati,600,185,415,40,Weekday,No,2025-07-17,low
TR1096,Delhi,Dibrugarh,600,154,446,13,Weekday,No,2024-05-14,low
TR1097,Delhi,Agartala,600,201,399,54,Weekday,No,2024-10-02,low
TR1098,Delhi,Silchar,600,168,432,4,Weekday,No,2025-12-17,low
TR1099,Delhi,Visakhapatnam,600,151,449,5,Weekend,No,2025-03-08,low
TR1100,Delhi,Vijayawada,600,202,398,43,Weekend,No,2024-12-01,low
TR1101,Delhi,Guntur,600,162,438,57,Weekday,No,2025-01-31,low
TR1102,Delhi,Tirupati,600,131,469,30,Weekend,Yes,2025-07-27,low
TR1103,Delhi,Rajahmundry,600,198,402,8,Weekday,No,2024-07-05,low
TR1104,Delhi,Warangal,600,166,434,2,Weekday,No,2025-04-10,low
TR1105,Delhi,Nizamabad,600,192,408,58,Weekday,No,2025-09-29,low
TR1106,Delhi,Coimbatore,600,147,453,16,Weekend,No,2025-02-22,low
TR1107,Delhi,Madurai,600,111,489,38,Weekday,No,2024-11-22,low
TR1108,Delhi,Trichy,600,252,348,19,Weekday,No,2024-04-16,medium
TR1109,Delhi,Salem,600,243,357,12,Weekend,No,2024-06-30,medium
TR1110,Delhi,Erode,600,211,389,40,Weekend,No,2025-11-22,low
TR1111,Delhi,Tirunelveli,600,150,450,44,Weekday,No,2025-01-30,low
TR1112,Delhi,Thoothukudi,600,155,445,28,Weekday,No,2024-08-08,low
TR1113,Delhi,Vellore,600,235,365,30,Weekday,No,2024-11-01,low
TR1114,Delhi,Kochi,600,152,448,29,Weekday,No,2025-02-26,low
TR1115,Delhi,Thiruvananthapuram,600,139,461,35,Weekday,No,2025-01-27,low
TR1116,Delhi,Kozhikode,600,259,341,48,Weekday,No,2025-05-26,medium
TR1117,Delhi,Thrissur,600,167,433,42,Weekend,No,2024-07-07,low
TR1118,Delhi,Kollam,600,254,346,16,Weekend,No,2025-04-19,medium
TR1119,Delhi,Mysore,600,102,498,14,Weekday,No,2024-11-19,low
TR1120,Delhi,Mangalore,600,194,406,40,Weekday,No,2025-11-18,low
TR1121,Delhi,Hubli,600,268,332,38,Weekday,No,2024-04-25,medium
TR1122,Delhi,Belgaum,600,170,430,22,Weekday,No,2024-04-18,low
TR1123,Delhi,Davangere,600,156,444,50,Weekday,No,2024-12-03,low
TR1124,Delhi,Vadodara,600,113,487,25,Weekday,No,2025-01-06,low
TR1125,Delhi,Rajkot,600,221,379,20,Weekday,No,2025-05-20,low
TR1126,Delhi,Jamnagar,600,132,468,33,Weekday,No,2024-10-22,low
TR1127,Delhi,Bhavnagar,600,164,436,11,Weekday,No,2025-10-29,low
TR1128,Delhi,Gandhinagar,600,110,490,41,Weekday,No,2024-12-12,low
TR1129,Delhi,Nashik,600,244,356,53,Weekday,No,2024-04-04,medium
TR1130,Delhi,Aurangabad,600,224,376,56,Weekday,No,2024-03-28,low
TR1131,Delhi,Kolhapur,600,167,433,26,Weekday,No,2025-12-12,low
TR1132,Delhi,Solapur,600,114,486,16,Weekday,No,2024-04-08,low
TR1133,Delhi,Thane,600,243,357,28,Weekend,Yes,2025-11-23,medium
TR1134,Delhi,Navi Mumbai,600,151,449,6,Weekday,No,2024-07-22,low
TR1135,Delhi,Amravati,600,116,484,40,Weekend,No,2024-03-09,low
TR1136,Delhi,Jodhpur,600,90,510,25,Weekend,No,2024-08-10,low
TR1137,Delhi,Udaipur,600,138,462,7,Weekday,No,2025-03-25,low
TR1138,Delhi,Ajmer,600,99,501,32,Weekday,No,2024-11-08,low
TR1139,Delhi,Kota,600,139,461,43,Weekday,Yes,2025-07-28,low
TR1140,Delhi,Bikaner,600,205,395,13,Weekend,Yes,2025-03-22,low
TR1141,Delhi,Alwar,600,151,449,24,Weekend,No,2024-10-19,low
TR1142,Delhi,Varanasi,600,186,414,53,Weekday,No,2025-04-08,low
TR1143,Delhi,Prayagraj,600,134,466,42,Weekday,No,2025-12-11,low
TR1144,Delhi,Agra,600,172,428,47,Weekday,No,2024-10-28,low
TR1145,Delhi,Meerut,600,261,339,26,Weekday,No,2024-04-22,medium
TR1146,Delhi,Bareilly,600,152,448,29,Weekday,No,2024-10-25,low
TR1147,Delhi,Gorakhpur,600,187,413,29,Weekend,No,2025-09-06,low
TR1148,Delhi,Mathura,600,94,506,27,Weekend,No,2024-06-08,low
TR1149,Delhi,Dehradun,600,242,358,8,Weekday,No,2025-11-24,medium
TR1150,Delhi,Haridwar,600,146,454,2,Weekday,No,2025-03-06,low
TR1151,Delhi,Amritsar,600,219,381,49,Weekend,No,2025-03-15,low
TR1152,Delhi,Ludhiana,600,163,437,32,Weekday,No,2024-08-19,low
TR1153,Delhi,Jalandhar,600,198,402,31,Weekday,No,2025-11-03,low
TR1154,Delhi,Patiala,600,201,399,35,Weekend,No,2024-01-27,low
TR1155,Delhi,Chandigarh,600,147,453,24,Weekday,No,2024-08-06,low
TR1156,Delhi,Jammu,600,221,379,53,Weekday,Yes,2024-11-01,low
TR1157,Delhi,Srinagar,600,133,467,28,Weekend,No,2024-12-14,low
TR1158,Delhi,Raipur,600,206,394,30,Weekday,No,2024-12-12,low
TR1159,Delhi,Bilaspur,600,150,450,31,Weekday,Yes,2024-04-18,low
TR1160,Delhi,Durg,600,186,414,9,Weekday,No,2024-06-13,low
TR1161,Delhi,Jabalpur,600,147,453,10,Weekend,No,2024-03-10,low
TR1162,Delhi,Gwalior,600,171,429,10,Weekend,No,2025-02-22,low
TR1163,Delhi,Ujjain,600,117,483,15,Weekday,No,2024-09-13,low
TR1164,Delhi,Rewa,600,181,419,9,Weekday,Yes,2025-02-17,low
TR1165,Delhi,Dhanbad,600,171,429,13,Weekday,No,2025-03-07,low
TR1166,Delhi,Asansol,600,143,457,56,Weekday,No,2025-05-28,low
TR1167,Delhi,Jamshedpur,600,166,434,21,Weekday,No,2025-02-03,low
TR1168,Delhi,Tatanagar,600,175,425,47,Weekday,No,2025-04-18,low
TR1169,Delhi,Gaya,600,139,461,23,Weekday,No,2025-03-05,low
TR1170,Delhi,Muzaffarpur,600,163,437,49,Weekday,No,2025-04-21,low
TR1171,Delhi,Bhagalpur,600,121,479,45,Weekday,No,2025-03-26,low
TR1172,Delhi,Siliguri,600,282,318,50,Weekday,No,2024-08-19,medium
TR1173,Delhi,New Jalpaiguri,600,220,380,17,Weekend,Yes,2024-06-29,low
TR1174,Delhi,Durgapur,600,182,418,5,Weekday,No,2025-07-29,low
TR1175,Delhi,Howrah,600,225,375,18,Weekend,No,2024-09-07,low
TR1176,Delhi,Malda,600,90,510,42,Weekday,No,2025-02-05,low
TR1177,Delhi,Panaji,600,90,510,39,Weekday,No,2024-05-23,low
TR1178,New Delhi,Delhi,600,150,450,42,Weekday,No,2024-11-11,low
TR1179,New Delhi,Mumbai,600,103,497,59,Weekday,No,2025-01-22,low
TR1180,New Delhi,Chennai,600,158,442,13,Weekday,No,2025-04-02,low
TR1181,New Delhi,Kolkata,600,179,421,26,Weekend,Yes,2025-01-19,low
TR1182,New Delhi,Bangalore,600,213,387,29,Weekday,No,2024-09-20,low
TR1183,New Delhi,Hyderabad,600,114,486,8,Weekday,No,2025-12-04,low
TR1184,New Delhi,Pune,600,188,412,39,Weekday,No,2025-01-09,low
TR1185,New Delhi,Ahmedabad,600,170,430,2,Weekday,No,2025-08-13,low
TR1186,New Delhi,Jaipur,600,186,414,53,Weekend,No,2025-06-22,low
TR1187,New Delhi,Surat,600,144,456,5,Weekday,No,2025-02-12,low
TR1188,New Delhi,Lucknow,600,235,365,6,Weekday,No,2025-10-09,low
TR1189,New Delhi,Kanpur,600,164,436,10,Weekday,No,2024-04-03,low
TR1190,New Delhi,Nagpur,600,254,346,53,Weekday,No,2025-11-04,medium
TR1191,New Delhi,Indore,600,131,469,51,Weekend,No,2025-09-13,low
TR1192,New Delhi,Bhopal,600,205,395,55,Weekday,No,2025-01-03,low
TR1193,New Delhi,Patna,600,166,434,49,Weekday,No,2025-06-20,low
TR1194,New Delhi,Ranchi,600,153,447,55,Weekday,No,2025-01-15,low
TR1195,New Delhi,Bhubaneswar,600,199,401,28,Weekday,No,2024-07-15,low
TR1196,New Delhi,Cuttack,600,155,445,0,Weekday,No,2025-08-07,low
TR1197,New Delhi,Puri,600,90,510,26,Weekday,Yes,2024-06-28,low
TR1198,New Delhi,Rourkela,600,90,510,13,Weekend,No,2024-08-17,low
TR1199,New Delhi,Sambalpur,600,230,370,14,Weekday,No,2025-01-14,low
TR1200,New Delhi,Guwahati,600,228,372,41,Weekday,No,2025-09-04,low
TR1201,New Delhi,Dibrugarh,600,260,340,10,Weekday,No,2024-10-07,medium
TR1202,New Delhi,Agartala,600,168,432,19,Weekday,No,2024-12-27,low
TR1203,New Delhi,Silchar,600,107,493,23,Weekday,No,2024-01-31,low
TR1204,New Delhi,Visakhapatnam,600,149,451,3,Weekday,No,2024-03-25,low
TR1205,New Delhi,Vijayawada,600,169,431,42,Weekend,No,2024-02-10,low
TR1206,New Delhi,Guntur,600,121,479,45,Weekday,No,2024-02-22,low
TR1207,New Delhi,Tirupati,600,248,352,33,Weekday,No,2025-09-26,medium
TR1208,New Delhi,Rajahmundry,600,276,324,1,Weekend,No,2025-09-07,medium
TR1209,New Delhi,Warangal,600,192,408,47,Weekend,No,2025-08-23,low
TR1210,New Delhi,Nizamabad,600,168,432,26,Weekend,No,2024-02-10,low
TR1211,New Delhi,Coimbatore,600,107,493,15,Weekday,Yes,2024-02-26,low
TR1212,New Delhi,Madurai,600,243,357,56,Weekday,No,2024-07-24,medium
TR1213,New Delhi,Trichy,600,173,427,51,Weekday,No,2025-02-17,low
TR1214,New Delhi,Salem,600,155,445,26,Weekend,No,2024-09-01,low
TR1215,New Delhi,Erode,600,192,408,26,Weekend,No,2024-12-22,low
TR1216,New Delhi,Tirunelveli,600,141,459,54,Weekday,No,2024-05-06,low
TR1217,New Delhi,Thoothukudi,600,176,424,11,Weekday,No,2025-06-18,low
TR1218,New Delhi,Vellore,600,100,500,24,Weekend,No,2024-08-17,low
TR1219,New Delhi,Kochi,600,221,379,34,Weekend,Yes,2024-02-18,low
TR1220,New Delhi,Thiruvananthapuram,600,164,436,20,Weekday,No,2025-06-26,low
TR1221,New Delhi,Kozhikode,600,225,375,18,Weekday,No,2025-10-21,low
TR1222,New Delhi,Thrissur,600,159,441,6,Weekday,No,2024-01-11,low
TR1223,New Delhi,Kollam,600,162,438,16,Weekday,No,2024-11-15,low
TR1224,New Delhi,Mysore,600,111,489,21,Weekday,No,2025-08-27,low
TR1225,New Delhi,Mangalore,600,205,395,50,Weekend,No,2025-05-31,low
TR1226,New Delhi,Hubli,600,127,473,20,Weekday,No,2025-09-18,low
TR1227,New Delhi,Belgaum,600,146,454,9,Weekday,No,2024-10-30,low
TR1228,New Delhi,Davangere,600,169,431,50,Weekend,No,2024-09-29,low
TR1229,New Delhi,Vadodara,600,175,425,21,Weekday,No,2025-06-02,low
TR1230,New Delhi,Rajkot,600,90,510,55,Weekday,Yes,2024-04-22,low
TR1231,New Delhi,Jamnagar,600,158,442,6,Weekday,No,2024-06-24,low
TR1232,New Delhi,Bhavnagar,600,207,393,1,Weekend,No,2025-03-15,low
TR1233,New Delhi,Gandhinagar,600,151,449,55,Weekend,No,2025-05-03,low
TR1234,New Delhi,Nashik,600,158,442,5,Weekday,No,2024-03-28,low
TR1235,New Delhi,Aurangabad,600,177,423,0,Weekday,No,2025-01-06,low
TR1236,New Delhi,Kolhapur,600,163,437,38,Weekday,No,2024-09-23,low
TR1237,New Delhi,Solapur,600,119,481,19,Weekday,No,2025-01-01,low
TR1238,New Delhi,Thane,600,167,433,29,Weekday,Yes,2025-12-01,low
TR1239,New Delhi,Navi Mumbai,600,217,383,24,Weekday,Yes,2024-02-26,low
TR1240,New Delhi,Amravati,600,118,482,17,Weekend,No,2025-12-28,low
TR1241,New Delhi,Jodhpur,600,151,449,28,Weekend,No,2024-11-24,low
TR1242,New Delhi,Udaipur,600,103,497,15,Weekday,Yes,2025-07-18,low
TR1243,New Delhi,Ajmer,600,214,386,13,Weekday,No,2024-11-06,low
TR1244,New Delhi,Kota,600,165,435,13,Weekday,No,2024-08-15,low
TR1245,New Delhi,Bikaner,600,128,472,7,Weekday,No,2025-07-17,low
TR1246,New Delhi,Alwar,600,173,427,31,Weekend,No,2025-05-17,low
TR1247,New Delhi,Varanasi,600,111,489,32,Weekday,No,2024-04-15,low
TR1248,New Delhi,Prayagraj,600,119,481,1,Weekday,No,2025-05-30,low
TR1249,New Delhi,Agra,600,99,501,27,Weekday,No,2025-07-04,low
TR1250,New Delhi,Meerut,600,118,482,44,Weekday,No,2024-10-10,low
TR1251,New Delhi,Bareilly,600,234,366,0,Weekday,No,2025-11-07,low
TR1252,New Delhi,Gorakhpur,600,134,466,18,Weekend,No,2025-04-13,low
TR1253,New Delhi,Mathura,600,191,409,57,Weekend,No,2024-08-31,low
TR1254,New Delhi,Dehradun,600,129,471,25,Weekday,No,2024-01-08,low
TR1255,New Delhi,Haridwar,600,205,395,0,Weekday,No,2025-05-08,low
TR1256,New Delhi,Amritsar,600,120,480,31,Weekend,Yes,2024-06-01,low
TR1257,New Delhi,Ludhiana,600,171,429,24,Weekday,No,2025-07-07,low
TR1258,New Delhi,Jalandhar,600,171,429,12,Weekend,No,2025-01-18,low
TR1259,New Delhi,Patiala,600,281,319,4,Weekend,No,2024-12-07,medium
TR1260,New Delhi,Chandigarh,600,199,401,53,Weekday,No,2024-04-29,low
TR1261,New Delhi,Jammu,600,140,460,48,Weekday,No,2025-06-04,low
TR1262,New Delhi,Srinagar,600,202,398,40,Weekday,No,2024-05-01,low
TR1263,New Delhi,Raipur,600,272,328,1,Weekday,No,2024-11-01,medium
TR1264,New Delhi,Bilaspur,600,91,509,52,Weekday,No,2025-09-03,low
TR1265,New Delhi,Durg,600,129,471,28,Weekday,Yes,2025-11-03,low
TR1266,New Delhi,Jabalpur,600,158,442,28,Weekday,No,2025-12-24,low
TR1267,New Delhi,Gwalior,600,149,451,52,Weekday,No,2025-12-01,low
TR1268,New Delhi,Ujjain,600,153,447,25,Weekday,No,2025-02-10,low
TR1269,New Delhi,Rewa,600,106,494,14,Weekend,No,2024-05-26,low
TR1270,New Delhi,Dhanbad,600,236,364,14,Weekday,Yes,2025-09-05,low
TR1271,New Delhi,Asansol,600,101,499,55,Weekday,No,2025-08-08,low
TR1272,New Delhi,Jamshedpur,600,159,441,32,Weekday,No,2025-12-24,low
TR1273,New Delhi,Tatanagar,600,219,381,34,Weekend,No,2025-04-20,low
TR1274,New Delhi,Gaya,600,167,433,35,Weekend,No,2024-04-13,low
TR1275,New Delhi,Muzaffarpur,600,122,478,13,Weekday,No,2025-01-02,low
TR1276,New Delhi,Bhagalpur,600,104,496,25,Weekend,No,2024-11-23,low
TR1277,New Delhi,Siliguri,600,158,442,57,Weekday,No,2025-09-08,low
TR1278,New Delhi,New Jalpaiguri,600,133,467,8,Weekend,Yes,2024-10-13,low
TR1279,New Delhi,Durgapur,600,179,421,57,Weekday,Yes,2024-08-28,low
TR1280,New Delhi,Howrah,600,102,498,16,Weekday,No,2024-02-28,low
TR1281,New Delhi,Malda,600,208,392,17,Weekday,No,2025-09-02,low
TR1282,New Delhi,Panaji,600,174,426,0,Weekend,No,2025-07-06,low
TR1283,Mumbai,Delhi,600,178,422,39,Weekday,No,2024-01-31,low
TR1284,Mumbai,New Delhi,600,238,362,19,Weekday,No,2024-11-13,low
TR1285,Mumbai,Chennai,600,148,452,27,Weekday,Yes,2024-12-16,low
TR1286,Mumbai,Kolkata,600,134,466,34,Weekday,No,2024-12-09,low
TR1287,Mumbai,Bangalore,600,143,457,38,Weekend,No,2025-11-02,low
TR1288,Mumbai,Hyderabad,600,160,440,57,Weekend,No,2024-04-20,low
TR1289,Mumbai,Pune,600,165,435,33,Weekend,No,2024-08-11,low
TR1290,Mumbai,Ahmedabad,600,129,471,10,Weekend,No,2024-05-12,low
TR1291,Mumbai,Jaipur,600,90,510,42,Weekday,No,2024-06-27,low
TR1292,Mumbai,Surat,600,142,458,3,Weekend,No,2025-10-25,low
TR1293,Mumbai,Lucknow,600,186,414,50,Weekday,No,2025-11-18,low
TR1294,Mumbai,Kanpur,600,175,425,17,Weekday,No,2024-02-02,low
TR1295,Mumbai,Nagpur,600,227,373,43,Weekday,Yes,2025-04-07,low
TR1296,Mumbai,Indore,600,263,337,9,Weekday,No,2024-06-19,medium
TR1297,Mumbai,Bhopal,600,205,395,24,Weekday,No,2024-05-20,low
TR1298,Mumbai,Patna,600,235,365,41,Weekday,No,2024-08-01,low
TR1299,Mumbai,Ranchi,600,206,394,37,Weekday,No,2024-05-22,low
TR1300,Mumbai,Bhubaneswar,600,251,349,0,Weekday,No,2024-12-24,medium
TR1301,Mumbai,Cuttack,600,258,342,2,Weekend,Yes,2025-12-28,medium
TR1302,Mumbai,Puri,600,215,385,58,Weekday,No,2025-03-04,low
TR1303,Mumbai,Rourkela,600,203,397,31,Weekday,No,2025-06-12,low
TR1304,Mumbai,Sambalpur,600,159,441,51,Weekday,No,2024-12-26,low
TR1305,Mumbai,Guwahati,600,167,433,4,Weekday,Yes,2024-01-11,low
TR1306,Mumbai,Dibrugarh,600,153,447,29,Weekend,No,2024-03-02,low
TR1307,Mumbai,Agartala,600,199,401,34,Weekday,No,2024-07-15,low
TR1308,Mumbai,Silchar,600,134,466,55,Weekday,No,2024-06-27,low
TR1309,Mumbai,Visakhapatnam,600,160,440,42,Weekend,No,2025-09-06,low
TR1310,Mumbai,Vijayawada,600,90,510,37,Weekday,No,2025-09-08,low
TR1311,Mumbai,Guntur,600,252,348,17,Weekday,No,2025-09-16,medium
TR1312,Mumbai,Tirupati,600,158,442,59,Weekday,No,2025-04-11,low
TR1313,Mumbai,Rajahmundry,600,191,409,19,Weekday,No,2025-02-10,low
TR1314,Mumbai,Warangal,600,239,361,16,Weekend,No,2025-04-19,low
TR1315,Mumbai,Nizamabad,600,183,417,43,Weekday,No,2024-10-24,low
TR1316,Mumbai,Coimbatore,600,238,362,59,Weekend,No,2025-05-04,low
TR1317,Mumbai,Madurai,600,109,491,51,Weekend,No,2025-08-03,low
TR1318,Mumbai,Trichy,600,284,316,10,Weekday,No,2025-07-11,medium
TR1319,Mumbai,Salem,600,221,379,48,Weekday,No,2025-03-24,low
TR1320,Mumbai,Erode,600,179,421,21,Weekday,No,2024-02-12,low
TR1321,Mumbai,Tirunelveli,600,237,363,13,Weekday,No,2025-06-13,low
TR1322,Mumbai,Thoothukudi,600,113,487,56,Weekday,No,2024-09-24,low
TR1323,Mumbai,Vellore,600,155,445,56,Weekday,No,2025-06-27,low
TR1324,Mumbai,Kochi,600,238,362,22,Weekday,Yes,2025-01-29,low
TR1325,Mumbai,Thiruvananthapuram,600,90,510,1,Weekday,No,2025-10-06,low
TR1326,Mumbai,Kozhikode,600,196,404,12,Weekday,No,2024-09-04,low
TR1327,Mumbai,Thrissur,600,194,406,32,Weekday,Yes,2025-11-11,low
TR1328,Mumbai,Kollam,600,263,337,3,Weekday,No,2025-09-09,medium
TR1329,Mumbai,Mysore,600,93,507,13,Weekday,No,2024-08-30,low
TR1330,Mumbai,Mangalore,600,246,354,8,Weekday,No,2024-12-18,medium
TR1331,Mumbai,Hubli,600,142,458,57,Weekday,No,2025-01-23,low
TR1332,Mumbai,Belgaum,600,147,453,21,Weekday,No,2025-07-15,low
TR1333,Mumbai,Davangere,600,110,490,22,Weekend,Yes,2025-05-18,low
TR1334,Mumbai,Vadodara,600,117,483,25,Weekend,No,2025-09-14,low
TR1335,Mumbai,Rajkot,600,188,412,0,Weekday,No,2024-09-27,low
TR1336,Mumbai,Jamnagar,600,116,484,32,Weekend,No,2025-01-04,low
TR1337,Mumbai,Bhavnagar,600,204,396,54,Weekend,No,2024-11-10,low
TR1338,Mumbai,Gandhinagar,600,137,463,48,Weekend,No,2025-10-26,low
TR1339,Mumbai,Nashik,600,111,489,15,Weekend,No,2024-08-10,low
TR1340,Mumbai,Aurangabad,600,144,456,0,Weekday,No,2025-03-05,low
TR1341,Mumbai,Kolhapur,600,185,415,46,Weekday,No,2024-03-28,low
TR1342,Mumbai,Solapur,600,156,444,50,Weekend,No,2025-09-13,low
TR1343,Mumbai,Thane,600,171,429,55,Weekday,No,2024-10-07,low
TR1344,Mumbai,Navi Mumbai,600,202,398,34,Weekday,No,2024-09-05,low
TR1345,Mumbai,Amravati,600,221,379,28,Weekend,No,2025-03-02,low
TR1346,Mumbai,Jodhpur,600,154,446,45,Weekday,No,2024-12-30,low
TR1347,Mumbai,Udaipur,600,119,481,41,Weekday,No,2025-09-11,low
TR1348,Mumbai,Ajmer,600,173,427,45,Weekday,No,2025-01-23,low
TR1349,Mumbai,Kota,600,192,408,17,Weekend,No,2025-01-12,low
TR1350,Mumbai,Bikaner,600,99,501,54,Weekend,No,2024-03-17,low
TR1351,Mumbai,Alwar,600,126,474,2,Weekday,No,2024-01-17,low
TR1352,Mumbai,Varanasi,600,134,466,5,Weekday,No,2024-10-18,low
TR1353,Mumbai,Prayagraj,600,159,441,39,Weekday,Yes,2025-12-30,low
TR1354,Mumbai,Agra,600,132,468,34,Weekend,Yes,2025-11-01,low
TR1355,Mumbai,Meerut,600,203,397,33,Weekday,No,2025-04-04,low
TR1356,Mumbai,Bareilly,600,92,508,54,Weekend,Yes,2025-04-06,low
TR1357,Mumbai,Gorakhpur,600,93,507,52,Weekend,No,2024-10-13,low
TR1358,Mumbai,Mathura,600,153,447,43,Weekday,No,2024-05-09,low
TR1359,Mumbai,Dehradun,600,161,439,9,Weekend,No,2024-01-07,low
TR1360,Mumbai,Haridwar,600,99,501,5,Weekday,No,2024-09-04,low
TR1361,Mumbai,Amritsar,600,140,460,8,Weekday,No,2024-08-19,low
TR1362,Mumbai,Ludhiana,600,150,450,36,Weekday,No,2024-05-20,low
TR1363,Mumbai,Jalandhar,600,150,450,42,Weekday,No,2024-07-08,low
TR1364,Mumbai,Patiala,600,176,424,47,Weekday,Yes,2024-01-19,low
TR1365,Mumbai,Chandigarh,600,137,463,6,Weekday,No,2025-03-20,low
TR1366,Mumbai,Jammu,600,240,360,16,Weekend,No,2025-11-08,low
TR1367,Mumbai,Srinagar,600,192,408,20,Weekday,No,2025-05-19,low
TR1368,Mumbai,Raipur,600,130,470,37,Weekend,No,2024-11-23,low
TR1369,Mumbai,Bilaspur,600,173,427,2,Weekend,No,2024-11-03,low
TR1370,Mumbai,Durg,600,175,425,50,Weekday,No,2024-08-12,low
TR1371,Mumbai,Jabalpur,600,227,373,4,Weekend,No,2024-04-14,low
TR1372,Mumbai,Gwalior,600,140,460,31,Weekday,No,2025-03-13,low
TR1373,Mumbai,Ujjain,600,206,394,55,Weekday,No,2025-02-18,low
TR1374,Mumbai,Rewa,600,171,429,11,Weekend,Yes,2024-01-06,low
TR1375,Mumbai,Dhanbad,600,241,359,41,Weekday,No,2024-10-30,medium
TR1376,Mumbai,Asansol,600,231,369,32,Weekday,No,2024-07-22,low
TR1377,Mumbai,Jamshedpur,600,178,422,49,Weekend,No,2024-05-04,low
TR1378,Mumbai,Tatanagar,600,156,444,35,Weekday,No,2025-05-28,low
TR1379,Mumbai,Gaya,600,193,407,50,Weekend,No,2025-01-19,low
TR1380,Mumbai,Muzaffarpur,600,160,440,24,Weekday,No,2025-04-08,low
TR1381,Mumbai,Bhagalpur,600,250,350,9,Weekday,No,2025-06-05,medium
TR1382,Mumbai,Siliguri,600,173,427,40,Weekday,No,2025-12-18,low
TR1383,Mumbai,New Jalpaiguri,600,149,451,58,Weekend,No,2025-08-09,low
TR1384,Mumbai,Durgapur,600,147,453,25,Weekend,No,2025-03-29,low
TR1385,Mumbai,Howrah,600,111,489,49,Weekend,No,2025-10-04,low
TR1386,Mumbai,Malda,600,196,404,52,Weekend,No,2024-12-15,low
TR1387,Mumbai,Panaji,600,130,470,38,Weekend,No,2025-12-20,low
TR1388,Chennai,Delhi,600,222,378,47,Weekday,No,2025-07-10,low
TR1389,Chennai,New Delhi,600,107,493,33,Weekend,No,2025-04-20,low
TR1390,Chennai,Mumbai,600,175,425,48,Weekday,No,2025-10-22,low
TR1391,Chennai,Kolkata,600,224,376,20,Weekend,No,2025-01-11,low
TR1392,Chennai,Pune,600,90,510,31,Weekday,No,2025-06-10,low
TR1393,Chennai,Ahmedabad,600,266,334,4,Weekend,No,2024-07-27,medium
TR1394,Chennai,Jaipur,600,149,451,11,Weekday,No,2025-12-05,low
TR1395,Chennai,Surat,600,176,424,34,Weekday,No,2025-03-31,low
TR1396,Chennai,Lucknow,600,196,404,43,Weekday,No,2025-07-25,low
TR1397,Chennai,Kanpur,600,204,396,1,Weekday,No,2024-12-02,low
TR1398,Chennai,Nagpur,600,182,418,4,Weekday,No,2025-09-25,low
TR1399,Chennai,Indore,600,217,383,0,Weekend,No,2024-02-24,low
TR1400,Chennai,Bhopal,600,194,406,31,Weekend,No,2024-03-24,low
TR1401,Chennai,Patna,600,253,347,20,Weekend,No,2025-01-05,medium
TR1402,Chennai,Ranchi,600,194,406,3,Weekday,No,2025-06-19,low
TR1403,Chennai,Bhubaneswar,600,263,337,47,Weekday,No,2025-08-14,medium
TR1404,Chennai,Cuttack,600,212,388,31,Weekend,No,2024-11-17,low
TR1405,Chennai,Puri,600,90,510,0,Weekend,No,2025-04-19,low
TR1406,Chennai,Rourkela,600,294,306,41,Weekend,Yes,2025-02-08,medium
TR1407,Chennai,Sambalpur,600,141,459,54,Weekday,No,2025-12-03,low
TR1408,Chennai,Guwahati,600,241,359,25,Weekday,No,2025-04-23,medium
TR1409,Chennai,Dibrugarh,600,170,430,56,Weekday,No,2024-10-31,low
TR1410,Chennai,Agartala,600,220,380,25,Weekday,Yes,2025-12-09,low
TR1411,Chennai,Silchar,600,136,464,4,Weekday,No,2024-03-19,low
TR1412,Chennai,Visakhapatnam,600,199,401,7,Weekend,No,2025-12-20,low
TR1413,Chennai,Vijayawada,600,157,443,4,Weekday,No,2024-04-22,low
TR1414,Chennai,Guntur,600,245,355,18,Weekday,No,2024-07-29,medium
TR1415,Chennai,Tirupati,600,190,410,23,Weekend,No,2025-08-23,low
TR1416,Chennai,Rajahmundry,600,214,386,26,Weekday,No,2025-06-20,low
TR1417,Chennai,Warangal,600,90,510,28,Weekday,No,2025-12-10,low
TR1418,Chennai,Nizamabad,600,165,435,51,Weekday,No,2025-07-02,low
TR1419,Chennai,Thoothukudi,600,189,411,0,Weekday,No,2025-04-10,low
TR1420,Chennai,Vellore,600,180,420,53,Weekday,Yes,2024-09-10,low
TR1421,Chennai,Kochi,600,215,385,14,Weekday,No,2024-01-04,low
TR1422,Chennai,Thiruvananthapuram,600,151,449,57,Weekend,Yes,2024-03-31,low
TR1423,Chennai,Kozhikode,600,171,429,8,Weekday,No,2024-08-05,low
TR1424,Chennai,Thrissur,600,226,374,6,Weekday,No,2024-01-30,low
TR1425,Chennai,Kollam,600,90,510,7,Weekday,No,2025-01-06,low
TR1426,Chennai,Mysore,600,197,403,17,Weekday,No,2025-07-22,low
TR1427,Chennai,Mangalore,600,153,447,56,Weekday,No,2025-12-05,low
TR1428,Chennai,Hubli,600,125,475,27,Weekday,No,2024-12-23,low
TR1429,Chennai,Belgaum,600,185,415,9,Weekday,No,2025-10-01,low
TR1430,Chennai,Davangere,600,228,372,38,Weekend,No,2025-12-21,low
TR1431,Chennai,Vadodara,600,219,381,30,Weekend,No,2025-09-20,low
TR1432,Chennai,Rajkot,600,162,438,42,Weekday,Yes,2024-12-05,low
TR1433,Chennai,Jamnagar,600,211,389,44,Weekend,Yes,2024-08-25,low
TR1434,Chennai,Bhavnagar,600,211,389,47,Weekday,No,2025-12-15,low
TR1435,Chennai,Gandhinagar,600,165,435,9,Weekday,No,2024-06-25,low
TR1436,Chennai,Nashik,600,136,464,29,Weekend,Yes,2024-10-27,low
TR1437,Chennai,Aurangabad,600,138,462,37,Weekend,No,2024-02-24,low
TR1438,Chennai,Kolhapur,600,209,391,33,Weekend,No,2025-08-03,low
TR1439,Chennai,Solapur,600,167,433,58,Weekend,Yes,2025-04-20,low
TR1440,Chennai,Thane,600,119,481,57,Weekend,No,2024-03-03,low
TR1441,Chennai,Navi Mumbai,600,90,510,48,Weekday,No,2024-06-11,low
TR1442,Chennai,Amravati,600,209,391,14,Weekday,No,2025-02-10,low
TR1443,Chennai,Jodhpur,600,143,457,31,Weekday,No,2025-01-30,low
TR1444,Chennai,Udaipur,600,185,415,48,Weekend,Yes,2025-08-09,low
TR1445,Chennai,Ajmer,600,228,372,16,Weekend,No,2024-07-13,low
TR1446,Chennai,Kota,600,106,494,42,Weekday,Yes,2025-11-06,low
TR1447,Chennai,Bikaner,600,167,433,14,Weekday,No,2024-11-20,low
TR1448,Chennai,Alwar,600,161,439,8,Weekend,No,2025-08-24,low
TR1449,Chennai,Varanasi,600,187,413,14,Weekend,No,2024-06-23,low
TR1450,Chennai,Prayagraj,600,228,372,55,Weekend,No,2024-01-28,low
TR1451,Chennai,Agra,600,105,495,59,Weekend,No,2024-02-10,low
TR1452,Chennai,Meerut,600,196,404,51,Weekend,No,2024-09-29,low
TR1453,Chennai,Bareilly,600,218,382,16,Weekday,No,2025-11-27,low
TR1454,Chennai,Gorakhpur,600,160,440,46,Weekday,No,2024-02-05,low
TR1455,Chennai,Mathura,600,162,438,13,Weekday,No,2024-09-26,low
TR1456,Chennai,Dehradun,600,189,411,7,Weekday,No,2024-03-20,low
TR1457,Chennai,Haridwar,600,185,415,15,Weekday,No,2025-11-11,low
TR1458,Chennai,Amritsar,600,197,403,8,Weekday,No,2025-05-08,low
TR1459,Chennai,Ludhiana,600,196,404,38,Weekday,No,2025-07-11,low
TR1460,Chennai,Jalandhar,600,122,478,40,Weekday,No,2025-06-05,low
TR1461,Chennai,Patiala,600,216,384,2,Weekday,No,2025-04-25,low
TR1462,Chennai,Chandigarh,600,225,375,6,Weekend,No,2025-07-19,low
TR1463,Chennai,Jammu,600,178,422,28,Weekend,Yes,2024-01-06,low
TR1464,Chennai,Srinagar,600,97,503,6,Weekday,No,2025-09-24,low
TR1465,Chennai,Raipur,600,163,437,49,Weekday,Yes,2025-06-24,low
TR1466,Chennai,Bilaspur,600,178,422,24,Weekday,Yes,2025-06-24,low
TR1467,Chennai,Durg,600,114,486,24,Weekday,No,2024-10-14,low
TR1468,Chennai,Jabalpur,600,152,448,0,Weekday,No,2025-08-08,low
TR1469,Chennai,Gwalior,600,101,499,42,Weekend,Yes,2024-10-06,low
TR1470,Chennai,Ujjain,600,198,402,43,Weekday,No,2024-02-05,low
TR1471,Chennai,Rewa,600,177,423,45,Weekend,No,2025-10-25,low
TR1472,Chennai,Dhanbad,600,90,510,32,Weekday,No,2024-06-20,low
TR1473,Chennai,Asansol,600,186,414,16,Weekday,No,2024-03-15,low
TR1474,Chennai,Jamshedpur,600,166,434,4,Weekend,No,2025-03-30,low
TR1475,Chennai,Tatanagar,600,194,406,18,Weekday,No,2024-06-19,low
TR1476,Chennai,Gaya,600,150,450,32,Weekday,Yes,2025-09-19,low
TR1477,Chennai,Muzaffarpur,600,130,470,6,Weekday,Yes,2024-11-20,low
TR1478,Chennai,Bhagalpur,600,132,468,3,Weekday,No,2024-01-04,low
TR1479,Chennai,Siliguri,600,143,457,13,Weekday,No,2025-11-26,low
TR1480,Chennai,New Jalpaiguri,600,170,430,4,Weekend,No,2025-01-11,low
TR1481,Chennai,Durgapur,600,176,424,0,Weekday,No,2024-07-11,low
TR1482,Chennai,Howrah,600,160,440,29,Weekend,No,2025-05-10,low
TR1483,Chennai,Malda,600,149,451,44,Weekday,No,2025-01-22,low
TR1484,Chennai,Panaji,600,152,448,29,Weekday,No,2024-01-22,low
TR1485,Kolkata,Delhi,600,289,311,5,Weekday,No,2025-07-09,medium
TR1486,Kolkata,New Delhi,600,132,468,20,Weekend,No,2024-10-20,low
TR1487,Kolkata,Mumbai,600,142,458,2,Weekday,No,2025-05-26,low
TR1488,Kolkata,Chennai,600,327,273,37,Weekday,No,2025-10-16,medium
TR1489,Kolkata,Bangalore,600,189,411,13,Weekend,No,2025-03-22,low
TR1490,Kolkata,Hyderabad,600,103,497,23,Weekday,No,2025-05-05,low
TR1491,Kolkata,Pune,600,209,391,54,Weekday,No,2024-07-05,low
TR1492,Kolkata,Ahmedabad,600,125,475,35,Weekend,No,2024-06-22,low
TR1493,Kolkata,Jaipur,600,213,387,45,Weekday,No,2024-10-30,low
TR1494,Kolkata,Surat,600,159,441,20,Weekday,No,2025-09-15,low
TR1495,Kolkata,Lucknow,600,148,452,55,Weekend,No,2025-01-18,low
TR1496,Kolkata,Kanpur,600,246,354,42,Weekday,No,2024-09-11,medium
TR1497,Kolkata,Nagpur,600,196,404,30,Weekday,No,2025-07-23,low
TR1498,Kolkata,Indore,600,216,384,34,Weekday,No,2025-09-15,low
TR1499,Kolkata,Bhopal,600,190,410,37,Weekday,No,2025-10-21,low
TR1500,Kolkata,Patna,600,148,452,9,Weekday,No,2024-08-06,low
TR1501,Kolkata,Ranchi,600,198,402,15,Weekday,No,2025-06-02,low
TR1502,Kolkata,Bhubaneswar,600,227,373,41,Weekday,Yes,2025-03-07,low
TR1503,Kolkata,Cuttack,600,175,425,26,Weekend,No,2024-11-24,low
TR1504,Kolkata,Puri,600,255,345,47,Weekday,No,2024-10-17,medium
TR1505,Kolkata,Rourkela,600,210,390,31,Weekend,No,2024-03-24,low
TR1506,Kolkata,Sambalpur,600,179,421,3,Weekday,Yes,2024-07-19,low
TR1507,Kolkata,Guwahati,600,181,419,39,Weekday,No,2025-02-05,low
TR1508,Kolkata,Dibrugarh,600,176,424,36,Weekday,No,2025-10-10,low
TR1509,Kolkata,Agartala,600,109,491,21,Weekday,No,2025-09-25,low
TR1510,Kolkata,Silchar,600,165,435,47,Weekday,No,2024-05-17,low
TR1511,Kolkata,Visakhapatnam,600,180,420,21,Weekend,No,2025-05-11,low
TR1512,Kolkata,Vijayawada,600,149,451,6,Weekend,No,2024-03-02,low
TR1513,Kolkata,Guntur,600,185,415,7,Weekday,Yes,2025-05-08,low
TR1514,Kolkata,Tirupati,600,170,430,54,Weekday,Yes,2024-09-06,low
TR1515,Kolkata,Rajahmundry,600,206,394,22,Weekend,No,2024-11-24,low
TR1516,Kolkata,Warangal,600,201,399,24,Weekend,No,2025-06-08,low
TR1517,Kolkata,Nizamabad,600,177,423,18,Weekday,No,2024-11-06,low
TR1518,Kolkata,Coimbatore,600,103,497,44,Weekday,No,2025-08-13,low
TR1519,Kolkata,Madurai,600,255,345,36,Weekend,No,2025-01-25,medium
TR1520,Kolkata,Trichy,600,162,438,53,Weekday,No,2025-12-31,low
TR1521,Kolkata,Salem,600,165,435,53,Weekday,No,2025-04-11,low
TR1522,Kolkata,Erode,600,153,447,59,Weekend,No,2024-08-04,low
TR1523,Kolkata,Tirunelveli,600,146,454,19,Weekend,No,2025-07-20,low
TR1524,Kolkata,Thoothukudi,600,243,357,35,Weekday,No,2024-10-25,medium
TR1525,Kolkata,Vellore,600,235,365,20,Weekend,No,2025-01-25,low
TR1526,Kolkata,Kochi,600,190,410,42,Weekday,Yes,2024-04-10,low
TR1527,Kolkata,Thiruvananthapuram,600,164,436,44,Weekday,No,2024-03-28,low
TR1528,Kolkata,Kozhikode,600,199,401,15,Weekday,No,2025-02-24,low
TR1529,Kolkata,Thrissur,600,172,428,51,Weekday,No,2024-05-16,low
TR1530,Kolkata,Kollam,600,160,440,17,Weekday,No,2025-12-30,low
TR1531,Kolkata,Mysore,600,185,415,58,Weekday,No,2025-09-17,low
TR1532,Kolkata,Mangalore,600,148,452,51,Weekday,Yes,2025-05-27,low
TR1533,Kolkata,Hubli,600,181,419,1,Weekend,No,2025-06-21,low
TR1534,Kolkata,Belgaum,600,179,421,23,Weekday,No,2025-03-11,low
TR1535,Kolkata,Davangere,600,198,402,23,Weekday,Yes,2024-02-14,low
TR1536,Kolkata,Vadodara,600,139,461,49,Weekend,No,2024-10-13,low
TR1537,Kolkata,Rajkot,600,203,397,43,Weekend,No,2024-12-28,low
TR1538,Kolkata,Jamnagar,600,125,475,3,Weekday,No,2025-10-31,low
TR1539,Kolkata,Bhavnagar,600,141,459,50,Weekend,No,2024-06-09,low
TR1540,Kolkata,Gandhinagar,600,144,456,13,Weekend,Yes,2024-12-29,low
TR1541,Kolkata,Nashik,600,117,483,22,Weekend,Yes,2024-09-08,low
TR1542,Kolkata,Aurangabad,600,218,382,10,Weekday,No,2024-04-08,low
TR1543,Kolkata,Kolhapur,600,122,478,9,Weekend,No,2024-03-16,low
TR1544,Kolkata,Solapur,600,135,465,31,Weekday,No,2024-09-24,low
TR1545,Kolkata,Thane,600,229,371,5,Weekday,No,2024-03-01,low
TR1546,Kolkata,Navi Mumbai,600,142,458,4,Weekday,No,2024-02-19,low
TR1547,Kolkata,Amravati,600,160,440,47,Weekday,No,2024-09-13,low
TR1548,Kolkata,Jodhpur,600,120,480,20,Weekday,Yes,2024-05-27,low
TR1549,Kolkata,Udaipur,600,209,391,38,Weekend,No,2025-02-09,low
TR1550,Kolkata,Ajmer,600,210,390,59,Weekend,No,2024-01-13,low
TR1551,Kolkata,Kota,600,204,396,3,Weekday,No,2024-08-08,low
TR1552,Kolkata,Bikaner,600,195,405,47,Weekday,No,2024-11-27,low
TR1553,Kolkata,Alwar,600,172,428,6,Weekday,No,2025-12-05,low
TR1554,Kolkata,Varanasi,600,144,456,45,Weekday,No,2025-04-08,low
TR1555,Kolkata,Prayagraj,600,130,470,18,Weekend,No,2025-10-05,low
TR1556,Kolkata,Agra,600,231,369,8,Weekend,No,2024-09-07,low
TR1557,Kolkata,Meerut,600,206,394,13,Weekend,No,2024-11-24,low
TR1558,Kolkata,Bareilly,600,136,464,21,Weekend,No,2024-11-03,low
TR1559,Kolkata,Gorakhpur,600,171,429,43,Weekday,No,2025-10-10,low
TR1560,Kolkata,Mathura,600,155,445,40,Weekday,No,2025-12-02,low
TR1561,Kolkata,Dehradun,600,115,485,43,Weekday,No,2025-12-04,low
TR1562,Kolkata,Haridwar,600,177,423,1,Weekday,No,2025-07-03,low
TR1563,Kolkata,Amritsar,600,149,451,58,Weekday,No,2025-01-02,low
TR1564,Kolkata,Ludhiana,600,123,477,26,Weekday,No,2025-01-30,low
TR1565,Kolkata,Jalandhar,600,98,502,6,Weekday,No,2025-12-17,low
TR1566,Kolkata,Patiala,600,94,506,55,Weekday,No,2024-07-26,low
TR1567,Kolkata,Chandigarh,600,151,449,47,Weekday,No,2024-09-10,low
TR1568,Kolkata,Jammu,600,165,435,4,Weekday,Yes,2025-10-17,low
TR1569,Kolkata,Srinagar,600,127,473,26,Weekday,No,2024-10-09,low
TR1570,Kolkata,Raipur,600,200,400,54,Weekday,No,2024-06-20,low
TR1571,Kolkata,Bilaspur,600,166,434,40,Weekday,No,2025-02-13,low
TR1572,Kolkata,Durg,600,197,403,11,Weekend,No,2024-08-25,low
TR1573,Kolkata,Jabalpur,600,160,440,42,Weekday,No,2025-10-13,low
TR1574,Kolkata,Gwalior,600,131,469,11,Weekend,No,2025-10-26,low
TR1575,Kolkata,Ujjain,600,174,426,21,Weekend,No,2024-08-11,low
TR1576,Kolkata,Rewa,600,108,492,11,Weekday,No,2025-01-22,low
TR1577,Kolkata,Dhanbad,600,195,405,41,Weekend,Yes,2025-12-20,low
TR1578,Kolkata,Asansol,600,124,476,55,Weekday,No,2025-06-26,low
TR1579,Kolkata,Jamshedpur,600,213,387,2,Weekday,No,2024-06-06,low
TR1580,Kolkata,Tatanagar,600,153,447,36,Weekday,No,2025-03-07,low
TR1581,Kolkata,Gaya,600,220,380,14,Weekend,No,2025-03-29,low
TR1582,Kolkata,Muzaffarpur,600,115,485,45,Weekday,No,2025-04-22,low
TR1583,Kolkata,Bhagalpur,600,136,464,8,Weekday,Yes,2024-01-19,low
TR1584,Kolkata,Siliguri,600,187,413,21,Weekday,No,2024-08-06,low
TR1585,Kolkata,New Jalpaiguri,600,225,375,12,Weekday,No,2025-09-16,low
TR1586,Kolkata,Durgapur,600,249,351,52,Weekday,No,2024-06-25,medium
TR1587,Kolkata,Howrah,600,171,429,4,Weekday,No,2024-08-07,low
TR1588,Kolkata,Malda,600,257,343,34,Weekday,No,2024-08-23,medium
TR1589,Kolkata,Panaji,600,155,445,7,Weekday,No,2024-05-09,low
TR1590,Bangalore,Delhi,600,222,378,35,Weekday,No,2024-04-23,low
TR1591,Bangalore,New Delhi,600,124,476,46,Weekday,No,2024-09-10,low
TR1592,Bangalore,Mumbai,600,189,411,45,Weekday,No,2025-10-01,low
TR1593,Bangalore,Kolkata,600,90,510,2,Weekday,No,2024-01-02,low
TR1594,Bangalore,Pune,600,115,485,46,Weekday,No,2024-07-26,low
TR1595,Bangalore,Ahmedabad,600,191,409,17,Weekday,No,2024-02-14,low
TR1596,Bangalore,Jaipur,600,106,494,40,Weekday,No,2025-02-14,low
TR1597,Bangalore,Surat,600,189,411,57,Weekday,No,2024-07-02,low
TR1598,Bangalore,Lucknow,600,212,388,7,Weekday,No,2025-08-01,low
TR1599,Bangalore,Kanpur,600,145,455,21,Weekday,No,2025-03-03,low
TR1600,Bangalore,Nagpur,600,122,478,52,Weekend,No,2025-07-26,low
TR1601,Bangalore,Indore,600,146,454,8,Weekday,No,2025-04-09,low
TR1602,Bangalore,Bhopal,600,123,477,15,Weekend,Yes,2024-11-16,low
TR1603,Bangalore,Patna,600,164,436,32,Weekend,No,2025-09-21,low
TR1604,Bangalore,Ranchi,600,174,426,59,Weekend,No,2024-12-14,low
TR1605,Bangalore,Bhubaneswar,600,154,446,17,Weekday,No,2025-11-25,low
TR1606,Bangalore,Cuttack,600,249,351,23,Weekend,No,2025-12-28,medium
TR1607,Bangalore,Puri,600,134,466,47,Weekday,Yes,2025-03-06,low
TR1608,Bangalore,Rourkela,600,236,364,7,Weekday,No,2025-05-08,low
TR1609,Bangalore,Sambalpur,600,119,481,19,Weekday,No,2024-07-05,low
TR1610,Bangalore,Guwahati,600,172,428,18,Weekday,Yes,2025-08-18,low
TR1611,Bangalore,Dibrugarh,600,226,374,24,Weekday,No,2025-05-05,low
TR1612,Bangalore,Agartala,600,223,377,34,Weekday,No,2025-10-21,low
TR1613,Bangalore,Silchar,600,149,451,13,Weekend,No,2024-07-14,low
TR1614,Bangalore,Visakhapatnam,600,196,404,23,Weekday,No,2025-07-29,low
TR1615,Bangalore,Vijayawada,600,189,411,55,Weekday,No,2024-12-09,low
TR1616,Bangalore,Guntur,600,143,457,49,Weekday,No,2024-05-15,low
TR1617,Bangalore,Tirupati,600,199,401,57,Weekend,No,2024-05-05,low
TR1618,Bangalore,Rajahmundry,600,258,342,40,Weekday,No,2025-02-14,medium
TR1619,Bangalore,Warangal,600,192,408,34,Weekday,No,2024-08-21,low
TR1620,Bangalore,Nizamabad,600,196,404,12,Weekday,Yes,2024-03-15,low
TR1621,Bangalore,Thoothukudi,600,201,399,9,Weekday,No,2024-11-08,low
TR1622,Bangalore,Vellore,600,99,501,32,Weekday,No,2025-04-22,low
TR1623,Bangalore,Kochi,600,191,409,24,Weekday,No,2024-08-21,low
TR1624,Bangalore,Thiruvananthapuram,600,120,480,47,Weekend,Yes,2025-11-29,low
TR1625,Bangalore,Kozhikode,600,141,459,0,Weekday,No,2025-07-23,low
TR1626,Bangalore,Thrissur,600,273,327,53,Weekday,No,2025-01-09,medium
TR1627,Bangalore,Kollam,600,157,443,10,Weekday,No,2025-11-14,low
TR1628,Bangalore,Mysore,600,133,467,23,Weekday,No,2024-11-12,low
TR1629,Bangalore,Mangalore,600,224,376,21,Weekday,No,2024-04-12,low
TR1630,Bangalore,Hubli,600,123,477,55,Weekend,No,2024-01-27,low
TR1631,Bangalore,Belgaum,600,147,453,43,Weekend,No,2025-11-16,low
TR1632,Bangalore,Davangere,600,229,371,2,Weekday,No,2025-12-02,low
TR1633,Bangalore,Vadodara,600,171,429,51,Weekday,No,2025-06-24,low
TR1634,Bangalore,Rajkot,600,94,506,40,Weekend,No,2024-03-16,low
TR1635,Bangalore,Jamnagar,600,195,405,4,Weekday,No,2024-08-02,low
TR1636,Bangalore,Bhavnagar,600,150,450,46,Weekday,No,2024-01-31,low
TR1637,Bangalore,Gandhinagar,600,243,357,2,Weekday,No,2024-02-07,medium
TR1638,Bangalore,Nashik,600,140,460,25,Weekday,Yes,2024-06-28,low
TR1639,Bangalore,Aurangabad,600,219,381,9,Weekend,No,2025-02-22,low
TR1640,Bangalore,Kolhapur,600,254,346,0,Weekend,No,2024-02-17,medium
TR1641,Bangalore,Solapur,600,128,472,33,Weekend,No,2025-12-20,low
TR1642,Bangalore,Thane,600,160,440,41,Weekday,No,2024-11-28,low
TR1643,Bangalore,Navi Mumbai,600,188,412,28,Weekday,No,2024-07-11,low
TR1644,Bangalore,Amravati,600,128,472,20,Weekend,No,2025-01-12,low
TR1645,Bangalore,Jodhpur,600,182,418,30,Weekday,No,2025-07-31,low
TR1646,Bangalore,Udaipur,600,158,442,9,Weekday,No,2024-08-16,low
TR1647,Bangalore,Ajmer,600,157,443,2,Weekend,No,2024-02-04,low
TR1648,Bangalore,Kota,600,171,429,9,Weekday,No,2024-02-07,low
TR1649,Bangalore,Bikaner,600,172,428,3,Weekend,No,2025-09-14,low
TR1650,Bangalore,Alwar,600,177,423,46,Weekday,No,2024-03-22,low
TR1651,Bangalore,Varanasi,600,140,460,36,Weekday,No,2025-04-09,low
TR1652,Bangalore,Prayagraj,600,142,458,11,Weekday,No,2024-10-08,low
TR1653,Bangalore,Agra,600,163,437,34,Weekday,No,2025-07-22,low
TR1654,Bangalore,Meerut,600,167,433,29,Weekday,Yes,2024-02-14,low
TR1655,Bangalore,Bareilly,600,148,452,6,Weekend,No,2025-10-18,low
TR1656,Bangalore,Gorakhpur,600,184,416,58,Weekend,No,2025-05-25,low
TR1657,Bangalore,Mathura,600,90,510,56,Weekend,No,2024-11-24,low
TR1658,Bangalore,Dehradun,600,134,466,45,Weekday,No,2024-05-31,low
TR1659,Bangalore,Haridwar,600,156,444,48,Weekday,No,2025-12-15,low
TR1660,Bangalore,Amritsar,600,128,472,32,Weekday,No,2024-08-08,low
TR1661,Bangalore,Ludhiana,600,247,353,48,Weekday,No,2024-12-24,medium
TR1662,Bangalore,Jalandhar,600,170,430,31,Weekday,No,2024-10-15,low
TR1663,Bangalore,Patiala,600,177,423,9,Weekday,Yes,2024-06-17,low
TR1664,Bangalore,Chandigarh,600,146,454,10,Weekday,No,2024-10-31,low
TR1665,Bangalore,Jammu,600,168,432,51,Weekend,No,2024-04-20,low
TR1666,Bangalore,Srinagar,600,111,489,26,Weekday,No,2024-01-02,low
TR1667,Bangalore,Raipur,600,161,439,43,Weekday,No,2024-07-30,low
TR1668,Bangalore,Bilaspur,600,124,476,8,Weekday,No,2024-03-22,low
TR1669,Bangalore,Durg,600,156,444,26,Weekday,No,2024-10-30,low
TR1670,Bangalore,Jabalpur,600,90,510,5,Weekday,No,2025-09-22,low
TR1671,Bangalore,Gwalior,600,115,485,13,Weekend,No,2024-04-28,low
TR1672,Bangalore,Ujjain,600,239,361,6,Weekday,No,2024-01-01,low
TR1673,Bangalore,Rewa,600,209,391,12,Weekday,No,2024-03-22,low
TR1674,Bangalore,Dhanbad,600,232,368,36,Weekday,No,2025-01-06,low
TR1675,Bangalore,Asansol,600,236,364,0,Weekday,No,2024-07-19,low
TR1676,Bangalore,Jamshedpur,600,201,399,11,Weekday,No,2024-12-23,low
TR1677,Bangalore,Tatanagar,600,147,453,41,Weekday,No,2024-01-22,low
TR1678,Bangalore,Gaya,600,119,481,8,Weekend,No,2024-08-31,low
TR1679,Bangalore,Muzaffarpur,600,224,376,33,Weekend,No,2024-10-26,low
TR1680,Bangalore,Bhagalpur,600,172,428,52,Weekday,No,2024-11-11,low
TR1681,Bangalore,Siliguri,600,289,311,46,Weekday,No,2025-02-06,medium
TR1682,Bangalore,New Jalpaiguri,600,151,449,7,Weekday,No,2025-07-24,low
TR1683,Bangalore,Durgapur,600,264,336,8,Weekend,Yes,2024-12-07,medium
TR1684,Bangalore,Howrah,600,161,439,42,Weekend,No,2025-09-06,low
TR1685,Bangalore,Malda,600,233,367,20,Weekday,No,2025-01-22,low
TR1686,Bangalore,Panaji,600,250,350,25,Weekday,No,2024-07-09,medium
TR1687,Hyderabad,Delhi,600,120,480,28,Weekend,No,2024-06-16,low
TR1688,Hyderabad,New Delhi,600,146,454,34,Weekday,Yes,2024-08-23,low
TR1689,Hyderabad,Mumbai,600,119,481,26,Weekday,Yes,2025-03-12,low
TR1690,Hyderabad,Kolkata,600,110,490,1,Weekday,No,2024-06-26,low
TR1691,Hyderabad,Pune,600,201,399,5,Weekday,No,2025-10-30,low
TR1692,Hyderabad,Ahmedabad,600,160,440,0,Weekday,No,2024-12-16,low
TR1693,Hyderabad,Jaipur,600,171,429,15,Weekday,No,2025-09-23,low
TR1694,Hyderabad,Surat,600,196,404,49,Weekday,No,2025-05-14,low
TR1695,Hyderabad,Lucknow,600,90,510,58,Weekend,No,2024-08-31,low
TR1696,Hyderabad,Kanpur,600,231,369,28,Weekend,No,2024-06-15,low
TR1697,Hyderabad,Nagpur,600,152,448,1,Weekday,No,2025-06-27,low
TR1698,Hyderabad,Indore,600,195,405,4,Weekday,No,2024-08-29,low
TR1699,Hyderabad,Bhopal,600,199,401,48,Weekend,No,2024-06-29,low
TR1700,Hyderabad,Patna,600,235,365,20,Weekday,Yes,2025-11-11,low
TR1701,Hyderabad,Ranchi,600,164,436,52,Weekday,No,2024-12-18,low
TR1702,Hyderabad,Bhubaneswar,600,90,510,30,Weekday,No,2024-02-05,low
TR1703,Hyderabad,Cuttack,600,172,428,52,Weekday,No,2024-12-27,low
TR1704,Hyderabad,Puri,600,179,421,8,Weekday,No,2024-12-02,low
TR1705,Hyderabad,Rourkela,600,119,481,51,Weekday,No,2025-09-23,low
TR1706,Hyderabad,Sambalpur,600,176,424,32,Weekday,No,2025-06-04,low
TR1707,Hyderabad,Guwahati,600,152,448,26,Weekend,Yes,2024-05-19,low
TR1708,Hyderabad,Dibrugarh,600,104,496,31,Weekday,No,2024-04-19,low
TR1709,Hyderabad,Agartala,600,201,399,19,Weekday,No,2025-03-17,low
TR1710,Hyderabad,Silchar,600,142,458,36,Weekend,No,2024-02-04,low
TR1711,Hyderabad,Visakhapatnam,600,149,451,46,Weekday,No,2024-08-21,low
TR1712,Hyderabad,Vijayawada,600,147,453,48,Weekday,No,2024-04-11,low
TR1713,Hyderabad,Guntur,600,228,372,58,Weekday,No,2024-01-16,low
TR1714,Hyderabad,Tirupati,600,167,433,24,Weekend,No,2025-11-02,low
TR1715,Hyderabad,Rajahmundry,600,173,427,46,Weekday,No,2024-03-06,low
TR1716,Hyderabad,Warangal,600,148,452,53,Weekend,No,2024-01-07,low
TR1717,Hyderabad,Nizamabad,600,191,409,1,Weekday,No,2025-11-12,low
TR1718,Hyderabad,Thoothukudi,600,234,366,28,Weekday,No,2024-05-17,low
TR1719,Hyderabad,Vellore,600,200,400,42,Weekday,No,2025-08-19,low
TR1720,Hyderabad,Kochi,600,202,398,27,Weekday,No,2024-01-23,low
TR1721,Hyderabad,Thiruvananthapuram,600,198,402,6,Weekday,Yes,2024-04-22,low
TR1722,Hyderabad,Kozhikode,600,103,497,39,Weekday,No,2024-03-21,low
TR1723,Hyderabad,Thrissur,600,127,473,24,Weekend,Yes,2025-05-31,low
TR1724,Hyderabad,Kollam,600,159,441,37,Weekend,Yes,2025-03-29,low
TR1725,Hyderabad,Mysore,600,134,466,0,Weekday,No,2024-12-13,low
TR1726,Hyderabad,Mangalore,600,118,482,0,Weekday,No,2024-06-25,low
TR1727,Hyderabad,Hubli,600,90,510,36,Weekday,No,2024-03-05,low
TR1728,Hyderabad,Belgaum,600,104,496,58,Weekday,No,2025-02-20,low
TR1729,Hyderabad,Davangere,600,157,443,38,Weekday,No,2024-06-17,low
TR1730,Hyderabad,Vadodara,600,166,434,56,Weekday,No,2025-03-07,low
TR1731,Hyderabad,Rajkot,600,131,469,50,Weekend,No,2025-05-17,low
TR1732,Hyderabad,Jamnagar,600,173,427,16,Weekday,Yes,2025-09-12,low
TR1733,Hyderabad,Bhavnagar,600,148,452,6,Weekday,No,2024-12-27,low
TR1734,Hyderabad,Gandhinagar,600,221,379,33,Weekday,No,2024-01-04,low
TR1735,Hyderabad,Nashik,600,161,439,37,Weekday,No,2024-07-24,low
TR1736,Hyderabad,Aurangabad,600,202,398,46,Weekday,No,2025-09-15,low
TR1737,Hyderabad,Kolhapur,600,179,421,31,Weekday,No,2025-01-24,low
TR1738,Hyderabad,Solapur,600,102,498,55,Weekday,Yes,2025-03-28,low
TR1739,Hyderabad,Thane,600,165,435,50,Weekend,No,2024-11-30,low
TR1740,Hyderabad,Navi Mumbai,600,110,490,35,Weekend,Yes,2024-04-28,low
TR1741,Hyderabad,Amravati,600,164,436,33,Weekday,No,2025-10-17,low
TR1742,Hyderabad,Jodhpur,600,133,467,1,Weekend,No,2025-07-19,low
TR1743,Hyderabad,Udaipur,600,187,413,46,Weekend,Yes,2025-12-28,low
TR1744,Hyderabad,Ajmer,600,105,495,40,Weekday,No,2025-09-17,low
TR1745,Hyderabad,Kota,600,170,430,53,Weekday,No,2024-07-31,low
TR1746,Hyderabad,Bikaner,600,196,404,5,Weekday,No,2024-07-04,low
TR1747,Hyderabad,Alwar,600,213,387,8,Weekend,No,2024-06-30,low
TR1748,Hyderabad,Varanasi,600,132,468,40,Weekend,No,2025-11-02,low
TR1749,Hyderabad,Prayagraj,600,170,430,29,Weekday,No,2025-02-11,low
TR1750,Hyderabad,Agra,600,178,422,35,Weekday,No,2024-11-28,low
TR1751,Hyderabad,Meerut,600,243,357,26,Weekday,No,2025-12-08,medium
TR1752,Hyderabad,Bareilly,600,98,502,38,Weekday,No,2025-03-17,low
TR1753,Hyderabad,Gorakhpur,600,125,475,39,Weekend,No,2025-10-26,low
TR1754,Hyderabad,Mathura,600,304,296,11,Weekend,No,2025-12-20,medium
TR1755,Hyderabad,Dehradun,600,156,444,45,Weekday,Yes,2024-02-28,low
TR1756,Hyderabad,Haridwar,600,90,510,29,Weekend,No,2024-09-21,low
TR1757,Hyderabad,Amritsar,600,141,459,34,Weekday,No,2025-06-20,low
TR1758,Hyderabad,Ludhiana,600,90,510,37,Weekend,No,2025-08-17,low
TR1759,Hyderabad,Jalandhar,600,181,419,44,Weekday,No,2024-04-18,low
TR1760,Hyderabad,Patiala,600,208,392,18,Weekday,No,2024-08-20,low
TR1761,Hyderabad,Chandigarh,600,125,475,0,Weekday,No,2025-02-04,low
TR1762,Hyderabad,Jammu,600,146,454,10,Weekday,No,2025-08-07,low
TR1763,Hyderabad,Srinagar,600,213,387,57,Weekend,Yes,2024-03-23,low
TR1764,Hyderabad,Raipur,600,90,510,13,Weekend,Yes,2025-03-15,low
TR1765,Hyderabad,Bilaspur,600,106,494,14,Weekend,No,2024-08-04,low
TR1766,Hyderabad,Durg,600,158,442,51,Weekday,No,2024-06-07,low
TR1767,Hyderabad,Jabalpur,600,133,467,14,Weekend,No,2025-01-11,low
TR1768,Hyderabad,Gwalior,600,155,445,27,Weekday,No,2024-10-29,low
TR1769,Hyderabad,Ujjain,600,108,492,22,Weekday,Yes,2025-04-09,low
TR1770,Hyderabad,Rewa,600,179,421,39,Weekday,No,2024-08-20,low
TR1771,Hyderabad,Dhanbad,600,162,438,35,Weekend,No,2025-08-24,low
TR1772,Hyderabad,Asansol,600,195,405,30,Weekday,No,2024-02-27,low
TR1773,Hyderabad,Jamshedpur,600,179,421,30,Weekday,No,2025-09-22,low
TR1774,Hyderabad,Tatanagar,600,179,421,50,Weekday,No,2024-01-22,low
TR1775,Hyderabad,Gaya,600,100,500,34,Weekend,Yes,2025-06-21,low
TR1776,Hyderabad,Muzaffarpur,600,193,407,30,Weekday,No,2024-09-10,low
TR1777,Hyderabad,Bhagalpur,600,153,447,53,Weekday,No,2024-10-07,low
TR1778,Hyderabad,Siliguri,600,161,439,5,Weekend,No,2024-01-14,low
TR1779,Hyderabad,New Jalpaiguri,600,219,381,50,Weekday,No,2025-05-28,low
TR1780,Hyderabad,Durgapur,600,134,466,11,Weekday,No,2024-04-30,low
TR1781,Hyderabad,Howrah,600,234,366,19,Weekend,No,2025-04-26,low
TR1782,Hyderabad,Malda,600,238,362,0,Weekend,No,2025-06-14,low
TR1783,Hyderabad,Panaji,600,205,395,34,Weekday,No,2025-09-09,low
TR1784,Pune,Delhi,600,122,478,49,Weekend,No,2025-06-01,low
TR1785,Pune,New Delhi,600,90,510,22,Weekday,No,2024-08-08,low
TR1786,Pune,Mumbai,600,221,379,39,Weekday,No,2025-06-23,low
TR1787,Pune,Chennai,600,174,426,23,Weekday,No,2025-08-26,low
TR1788,Pune,Kolkata,600,133,467,45,Weekday,No,2024-08-19,low
TR1789,Pune,Bangalore,600,225,375,59,Weekend,No,2024-03-31,low
TR1790,Pune,Hyderabad,600,128,472,42,Weekend,No,2025-10-12,low
TR1791,Pune,Ahmedabad,600,149,451,20,Weekday,No,2024-04-18,low
TR1792,Pune,Jaipur,600,194,406,49,Weekday,Yes,2025-03-10,low
TR1793,Pune,Surat,600,115,485,2,Weekday,Yes,2024-06-21,low
TR1794,Pune,Lucknow,600,164,436,59,Weekday,No,2024-04-02,low
TR1795,Pune,Kanpur,600,221,379,50,Weekday,No,2025-07-21,low
TR1796,Pune,Nagpur,600,179,421,39,Weekday,No,2024-04-15,low
TR1797,Pune,Indore,600,229,371,37,Weekend,No,2025-05-04,low
TR1798,Pune,Bhopal,600,223,377,15,Weekday,No,2025-05-21,low
TR1799,Pune,Patna,600,169,431,25,Weekday,No,2024-02-14,low
TR1800,Pune,Ranchi,600,90,510,6,Weekday,No,2024-05-06,low
TR1801,Pune,Bhubaneswar,600,116,484,20,Weekend,No,2025-08-03,low
TR1802,Pune,Cuttack,600,206,394,35,Weekend,No,2025-01-05,low
TR1803,Pune,Puri,600,95,505,21,Weekday,No,2024-03-29,low
TR1804,Pune,Rourkela,600,153,447,46,Weekday,No,2025-12-25,low
TR1805,Pune,Sambalpur,600,185,415,51,Weekday,No,2024-07-12,low
TR1806,Pune,Guwahati,600,239,361,33,Weekday,No,2024-01-03,low
TR1807,Pune,Dibrugarh,600,141,459,20,Weekday,No,2025-11-06,low
TR1808,Pune,Agartala,600,138,462,18,Weekend,Yes,2024-01-13,low
TR1809,Pune,Silchar,600,166,434,32,Weekend,No,2025-02-08,low
TR1810,Pune,Visakhapatnam,600,186,414,43,Weekday,No,2025-12-26,low
TR1811,Pune,Vijayawada,600,162,438,7,Weekday,No,2025-02-26,low
TR1812,Pune,Guntur,600,219,381,26,Weekday,No,2025-03-03,low
TR1813,Pune,Tirupati,600,131,469,26,Weekday,No,2024-10-10,low
TR1814,Pune,Rajahmundry,600,175,425,17,Weekday,No,2024-04-02,low
TR1815,Pune,Warangal,600,190,410,14,Weekend,No,2025-02-22,low
TR1816,Pune,Nizamabad,600,150,450,50,Weekday,No,2025-10-17,low
TR1817,Pune,Coimbatore,600,209,391,25,Weekday,No,2024-03-07,low
TR1818,Pune,Madurai,600,176,424,34,Weekend,No,2025-10-05,low
TR1819,Pune,Trichy,600,207,393,2,Weekday,No,2024-10-30,low
TR1820,Pune,Salem,600,178,422,17,Weekend,No,2025-01-26,low
TR1821,Pune,Erode,600,187,413,13,Weekday,No,2024-04-30,low
TR1822,Pune,Tirunelveli,600,139,461,19,Weekend,No,2025-03-30,low
TR1823,Pune,Thoothukudi,600,139,461,50,Weekday,No,2024-05-13,low
TR1824,Pune,Vellore,600,228,372,34,Weekday,No,2024-07-18,low
TR1825,Pune,Kochi,600,199,401,54,Weekday,No,2025-06-11,low
TR1826,Pune,Thiruvananthapuram,600,120,480,25,Weekday,No,2024-02-06,low
TR1827,Pune,Kozhikode,600,178,422,46,Weekday,No,2024-11-22,low
TR1828,Pune,Thrissur,600,90,510,9,Weekday,No,2025-03-10,low
TR1829,Pune,Kollam,600,141,459,48,Weekend,No,2024-04-06,low
TR1830,Pune,Mysore,600,215,385,36,Weekend,No,2024-08-03,low
TR1831,Pune,Mangalore,600,163,437,2,Weekend,No,2024-09-08,low
TR1832,Pune,Hubli,600,175,425,41,Weekday,No,2025-04-30,low
TR1833,Pune,Belgaum,600,90,510,28,Weekend,No,2025-12-14,low
TR1834,Pune,Davangere,600,150,450,0,Weekday,No,2025-09-03,low
TR1835,Pune,Vadodara,600,185,415,50,Weekend,No,2024-05-18,low
TR1836,Pune,Rajkot,600,191,409,32,Weekend,No,2024-01-14,low
TR1837,Pune,Jamnagar,600,215,385,36,Weekday,Yes,2024-02-07,low
TR1838,Pune,Bhavnagar,600,159,441,34,Weekday,No,2025-03-11,low
TR1839,Pune,Gandhinagar,600,161,439,5,Weekday,Yes,2024-04-24,low
TR1840,Pune,Nashik,600,105,495,19,Weekday,No,2024-06-18,low
TR1841,Pune,Aurangabad,600,159,441,42,Weekday,No,2025-09-11,low
TR1842,Pune,Kolhapur,600,108,492,20,Weekday,No,2025-09-30,low
TR1843,Pune,Solapur,600,90,510,53,Weekday,No,2025-09-05,low
TR1844,Pune,Thane,600,117,483,19,Weekday,No,2024-07-04,low
TR1845,Pune,Navi Mumbai,600,241,359,27,Weekday,No,2025-03-28,medium
TR1846,Pune,Amravati,600,156,444,26,Weekend,No,2025-03-22,low
TR1847,Pune,Jodhpur,600,180,420,1,Weekday,No,2024-05-15,low
TR1848,Pune,Udaipur,600,144,456,48,Weekend,No,2025-02-08,low
TR1849,Pune,Ajmer,600,90,510,8,Weekend,No,2025-01-18,low
TR1850,Pune,Kota,600,214,386,28,Weekday,No,2024-10-16,low
TR1851,Pune,Bikaner,600,90,510,54,Weekday,No,2025-07-03,low
TR1852,Pune,Alwar,600,142,458,59,Weekend,No,2025-05-10,low
TR1853,Pune,Varanasi,600,166,434,13,Weekday,No,2025-01-24,low
TR1854,Pune,Prayagraj,600,180,420,22,Weekend,No,2025-06-14,low
TR1855,Pune,Agra,600,134,466,33,Weekday,No,2025-07-11,low
TR1856,Pune,Meerut,600,90,510,41,Weekday,No,2025-02-18,low
TR1857,Pune,Bareilly,600,130,470,15,Weekend,No,2024-07-14,low
TR1858,Pune,Gorakhpur,600,133,467,32,Weekday,No,2025-07-08,low
TR1859,Pune,Mathura,600,132,468,50,Weekend,Yes,2025-06-08,low
TR1860,Pune,Dehradun,600,216,384,45,Weekday,No,2025-12-19,low
TR1861,Pune,Haridwar,600,111,489,49,Weekday,No,2024-04-19,low
TR1862,Pune,Amritsar,600,183,417,53,Weekend,No,2024-11-02,low
TR1863,Pune,Ludhiana,600,177,423,51,Weekday,No,2025-11-06,low
TR1864,Pune,Jalandhar,600,215,385,30,Weekend,Yes,2025-01-11,low
TR1865,Pune,Patiala,600,163,437,58,Weekday,No,2025-11-20,low
TR1866,Pune,Chandigarh,600,207,393,29,Weekday,No,2024-01-10,low
TR1867,Pune,Jammu,600,161,439,42,Weekday,No,2024-01-26,low
TR1868,Pune,Srinagar,600,190,410,56,Weekday,No,2025-08-04,low
TR1869,Pune,Raipur,600,97,503,2,Weekday,No,2024-09-19,low
TR1870,Pune,Bilaspur,600,90,510,56,Weekday,No,2025-01-15,low
TR1871,Pune,Durg,600,187,413,49,Weekday,No,2024-11-08,low
TR1872,Pune,Jabalpur,600,190,410,59,Weekday,No,2024-10-25,low
TR1873,Pune,Gwalior,600,192,408,46,Weekday,No,2025-11-17,low
TR1874,Pune,Ujjain,600,144,456,9,Weekend,No,2024-03-09,low
TR1875,Pune,Rewa,600,240,360,18,Weekday,No,2025-07-18,medium
TR1876,Pune,Dhanbad,600,147,453,0,Weekend,No,2025-10-12,low
TR1877,Pune,Asansol,600,189,411,36,Weekday,No,2025-04-25,low
TR1878,Pune,Jamshedpur,600,197,403,26,Weekday,No,2024-10-15,low
TR1879,Pune,Tatanagar,600,251,349,28,Weekday,No,2024-04-26,medium
TR1880,Pune,Gaya,600,154,446,44,Weekday,No,2025-05-13,low
TR1881,Pune,Muzaffarpur,600,138,462,49,Weekend,No,2024-12-08,low
TR1882,Pune,Bhagalpur,600,97,503,4,Weekday,No,2024-04-19,low
TR1883,Pune,Siliguri,600,243,357,55,Weekday,No,2024-09-19,medium
TR1884,Pune,New Jalpaiguri,600,189,411,22,Weekday,No,2025-12-03,low
TR1885,Pune,Durgapur,600,191,409,45,Weekday,No,2024-07-12,low
TR1886,Pune,Howrah,600,319,281,34,Weekday,No,2024-05-10,medium
TR1887,Pune,Malda,600,185,415,26,Weekday,No,2025-05-13,low
TR1888,Pune,Panaji,600,106,494,12,Weekend,Yes,2024-05-25,low
TR1889,Ahmedabad,Delhi,600,160,440,11,Weekday,No,2025-11-03,low
TR1890,Ahmedabad,New Delhi,600,122,478,43,Weekday,No,2025-09-19,low
TR1891,Ahmedabad,Mumbai,600,150,450,19,Weekday,No,2025-12-19,low
TR1892,Ahmedabad,Chennai,600,150,450,13,Weekday,No,2025-10-29,low
TR1893,Ahmedabad,Kolkata,600,141,459,0,Weekday,No,2024-06-27,low
TR1894,Ahmedabad,Bangalore,600,102,498,50,Weekday,No,2024-06-04,low
TR1895,Ahmedabad,Hyderabad,600,245,355,23,Weekend,No,2024-09-07,medium
TR1896,Ahmedabad,Pune,600,183,417,20,Weekday,No,2024-12-09,low
TR1897,Ahmedabad,Jaipur,600,158,442,22,Weekend,Yes,2025-10-05,low
TR1898,Ahmedabad,Surat,600,205,395,35,Weekday,No,2025-06-20,low
TR1899,Ahmedabad,Lucknow,600,192,408,28,Weekday,No,2025-04-16,low
TR1900,Ahmedabad,Kanpur,600,182,418,32,Weekend,No,2025-10-04,low
TR1901,Ahmedabad,Nagpur,600,202,398,16,Weekday,No,2025-04-17,low
TR1902,Ahmedabad,Indore,600,175,425,17,Weekday,No,2024-10-04,low
TR1903,Ahmedabad,Bhopal,600,201,399,51,Weekday,No,2024-10-28,low
TR1904,Ahmedabad,Patna,600,205,395,26,Weekend,No,2025-01-12,low
TR1905,Ahmedabad,Ranchi,600,177,423,58,Weekday,No,2024-03-05,low
TR1906,Ahmedabad,Bhubaneswar,600,158,442,50,Weekday,No,2025-06-26,low
TR1907,Ahmedabad,Cuttack,600,242,358,42,Weekday,Yes,2025-04-22,medium
TR1908,Ahmedabad,Puri,600,146,454,32,Weekday,No,2025-06-18,low
TR1909,Ahmedabad,Rourkela,600,188,412,50,Weekend,Yes,2025-01-25,low
TR1910,Ahmedabad,Sambalpur,600,189,411,3,Weekend,Yes,2025-07-26,low
TR1911,Ahmedabad,Guwahati,600,140,460,29,Weekday,No,2025-11-25,low
TR1912,Ahmedabad,Dibrugarh,600,130,470,42,Weekday,No,2025-02-20,low
TR1913,Ahmedabad,Agartala,600,152,448,6,Weekday,No,2024-11-20,low
TR1914,Ahmedabad,Silchar,600,145,455,10,Weekend,No,2024-03-17,low
TR1915,Ahmedabad,Visakhapatnam,600,99,501,3,Weekday,No,2025-07-23,low
TR1916,Ahmedabad,Vijayawada,600,138,462,29,Weekday,No,2025-10-22,low
TR1917,Ahmedabad,Guntur,600,182,418,32,Weekday,No,2025-05-26,low
TR1918,Ahmedabad,Tirupati,600,230,370,28,Weekday,No,2025-09-24,low
TR1919,Ahmedabad,Rajahmundry,600,196,404,3,Weekend,No,2025-09-21,low
TR1920,Ahmedabad,Warangal,600,90,510,29,Weekday,No,2025-08-06,low
TR1921,Ahmedabad,Nizamabad,600,200,400,53,Weekday,No,2025-01-02,low
TR1922,Ahmedabad,Coimbatore,600,142,458,1,Weekday,No,2024-03-13,low
TR1923,Ahmedabad,Madurai,600,191,409,46,Weekday,No,2024-01-03,low
TR1924,Ahmedabad,Trichy,600,168,432,16,Weekday,No,2024-05-29,low
TR1925,Ahmedabad,Salem,600,160,440,4,Weekday,No,2024-11-11,low
TR1926,Ahmedabad,Erode,600,164,436,3,Weekday,No,2025-06-27,low
TR1927,Ahmedabad,Tirunelveli,600,168,432,0,Weekday,No,2024-11-29,low
TR1928,Ahmedabad,Thoothukudi,600,233,367,24,Weekday,No,2024-01-17,low
TR1929,Ahmedabad,Vellore,600,168,432,29,Weekend,No,2024-06-02,low
TR1930,Ahmedabad,Kochi,600,221,379,37,Weekday,No,2025-12-16,low
TR1931,Ahmedabad,Thiruvananthapuram,600,214,386,4,Weekday,No,2025-12-23,low
TR1932,Ahmedabad,Kozhikode,600,201,399,39,Weekday,No,2024-10-02,low
TR1933,Ahmedabad,Thrissur,600,90,510,44,Weekday,No,2025-08-11,low
TR1934,Ahmedabad,Kollam,600,223,377,3,Weekday,No,2025-06-09,low
TR1935,Ahmedabad,Mysore,600,147,453,40,Weekday,No,2025-11-11,low
TR1936,Ahmedabad,Mangalore,600,203,397,7,Weekday,No,2025-10-10,low
TR1937,Ahmedabad,Hubli,600,122,478,26,Weekday,No,2025-04-04,low
TR1938,Ahmedabad,Belgaum,600,112,488,39,Weekday,No,2024-10-15,low
TR1939,Ahmedabad,Davangere,600,264,336,52,Weekday,No,2025-04-03,medium
TR1940,Ahmedabad,Vadodara,600,123,477,31,Weekday,Yes,2024-08-21,low
TR1941,Ahmedabad,Rajkot,600,224,376,26,Weekday,No,2024-09-11,low
TR1942,Ahmedabad,Jamnagar,600,175,425,50,Weekday,No,2025-03-20,low
TR1943,Ahmedabad,Bhavnagar,600,149,451,12,Weekday,No,2025-02-21,low
TR1944,Ahmedabad,Gandhinagar,600,167,433,12,Weekday,No,2025-02-28,low
TR1945,Ahmedabad,Nashik,600,106,494,27,Weekday,No,2024-10-08,low
TR1946,Ahmedabad,Aurangabad,600,168,432,7,Weekend,No,2024-10-26,low
TR1947,Ahmedabad,Kolhapur,600,117,483,1,Weekday,No,2024-01-08,low
TR1948,Ahmedabad,Solapur,600,150,450,21,Weekend,No,2025-03-15,low
TR1949,Ahmedabad,Thane,600,213,387,9,Weekday,No,2025-02-24,low
TR1950,Ahmedabad,Navi Mumbai,600,181,419,38,Weekday,No,2025-11-14,low
TR1951,Ahmedabad,Amravati,600,98,502,32,Weekday,No,2025-01-03,low
TR1952,Ahmedabad,Jodhpur,600,210,390,29,Weekend,No,2024-12-07,low
TR1953,Ahmedabad,Udaipur,600,169,431,29,Weekday,No,2024-02-19,low
TR1954,Ahmedabad,Ajmer,600,143,457,5,Weekday,No,2024-05-23,low
TR1955,Ahmedabad,Kota,600,205,395,24,Weekday,No,2024-09-04,low
TR1956,Ahmedabad,Bikaner,600,161,439,4,Weekday,No,2024-10-02,low
TR1957,Ahmedabad,Alwar,600,113,487,21,Weekend,No,2024-09-22,low
TR1958,Ahmedabad,Varanasi,600,258,342,40,Weekday,No,2024-10-15,medium
TR1959,Ahmedabad,Prayagraj,600,168,432,59,Weekday,No,2025-07-16,low
TR1960,Ahmedabad,Agra,600,165,435,17,Weekday,No,2024-04-05,low
TR1961,Ahmedabad,Meerut,600,150,450,15,Weekday,No,2024-08-30,low
TR1962,Ahmedabad,Bareilly,600,226,374,40,Weekday,No,2024-04-29,low
TR1963,Ahmedabad,Gorakhpur,600,144,456,55,Weekday,No,2024-08-12,low
TR1964,Ahmedabad,Mathura,600,95,505,17,Weekday,No,2025-05-15,low
TR1965,Ahmedabad,Dehradun,600,136,464,50,Weekend,No,2024-02-04,low
TR1966,Ahmedabad,Haridwar,600,233,367,18,Weekday,No,2024-09-05,low
TR1967,Ahmedabad,Amritsar,600,209,391,38,Weekday,No,2024-01-18,low
TR1968,Ahmedabad,Ludhiana,600,157,443,12,Weekend,No,2025-11-29,low
TR1969,Ahmedabad,Jalandhar,600,235,365,15,Weekend,No,2025-06-15,low
TR1970,Ahmedabad,Patiala,600,205,395,59,Weekday,No,2024-06-27,low
TR1971,Ahmedabad,Chandigarh,600,156,444,23,Weekday,No,2024-05-24,low
TR1972,Ahmedabad,Jammu,600,161,439,0,Weekday,No,2024-03-13,low
TR1973,Ahmedabad,Srinagar,600,185,415,46,Weekday,No,2024-12-11,low
TR1974,Ahmedabad,Raipur,600,129,471,7,Weekday,No,2025-07-04,low
TR1975,Ahmedabad,Bilaspur,600,169,431,6,Weekday,No,2025-03-03,low
TR1976,Ahmedabad,Durg,600,184,416,50,Weekday,No,2025-10-06,low
TR1977,Ahmedabad,Jabalpur,600,90,510,20,Weekend,Yes,2024-09-08,low
TR1978,Ahmedabad,Gwalior,600,160,440,8,Weekday,No,2024-07-22,low
TR1979,Ahmedabad,Ujjain,600,154,446,58,Weekend,Yes,2024-12-15,low
TR1980,Ahmedabad,Rewa,600,218,382,16,Weekday,No,2024-05-27,low
TR1981,Ahmedabad,Dhanbad,600,90,510,37,Weekend,No,2025-12-14,low
TR1982,Ahmedabad,Asansol,600,151,449,15,Weekday,No,2024-05-15,low
TR1983,Ahmedabad,Jamshedpur,600,146,454,34,Weekday,No,2024-12-16,low
TR1984,Ahmedabad,Tatanagar,600,215,385,41,Weekday,No,2025-01-16,low
TR1985,Ahmedabad,Gaya,600,167,433,45,Weekend,No,2024-02-11,low
TR1986,Ahmedabad,Muzaffarpur,600,255,345,24,Weekend,No,2024-12-08,medium
TR1987,Ahmedabad,Bhagalpur,600,201,399,36,Weekday,No,2024-11-28,low
TR1988,Ahmedabad,Siliguri,600,149,451,50,Weekday,No,2024-07-08,low
TR1989,Ahmedabad,New Jalpaiguri,600,180,420,50,Weekday,No,2024-04-03,low
TR1990,Ahmedabad,Durgapur,600,152,448,44,Weekend,No,2024-02-03,low
TR1991,Ahmedabad,Howrah,600,210,390,23,Weekend,No,2024-01-07,low
TR1992,Ahmedabad,Malda,600,105,495,31,Weekday,No,2024-12-17,low
TR1993,Ahmedabad,Panaji,600,129,471,58,Weekday,No,2024-03-06,low
TR1994,Jaipur,Delhi,600,191,409,14,Weekday,No,2025-12-02,low
TR1995,Jaipur,New Delhi,600,228,372,41,Weekday,No,2024-06-27,low
TR1996,Jaipur,Mumbai,600,90,510,47,Weekday,No,2025-04-21,low
TR1997,Jaipur,Chennai,600,235,365,28,Weekday,No,2025-05-07,low
TR1998,Jaipur,Kolkata,600,162,438,51,Weekend,No,2024-12-28,low
TR1999,Jaipur,Bangalore,600,90,510,25,Weekday,No,2025-10-07,low
TR2000,Jaipur,Hyderabad,600,90,510,50,Weekday,No,2024-03-21,low
TR2001,Jaipur,Pune,600,96,504,38,Weekday,No,2024-06-20,low
TR2002,Jaipur,Ahmedabad,600,168,432,3,Weekday,No,2024-07-03,low
TR2003,Jaipur,Surat,600,166,434,49,Weekday,No,2024-04-08,low
TR2004,Jaipur,Lucknow,600,199,401,41,Weekend,Yes,2024-08-03,low
TR2005,Jaipur,Kanpur,600,143,457,13,Weekday,No,2024-08-16,low
TR2006,Jaipur,Nagpur,600,116,484,42,Weekend,Yes,2025-07-13,low
TR2007,Jaipur,Indore,600,149,451,30,Weekday,No,2024-08-08,low
TR2008,Jaipur,Bhopal,600,171,429,56,Weekday,No,2025-10-02,low
TR2009,Jaipur,Patna,600,180,420,18,Weekday,No,2025-07-18,low
TR2010,Jaipur,Ranchi,600,131,469,15,Weekday,No,2025-10-21,low
TR2011,Jaipur,Bhubaneswar,600,212,388,3,Weekend,Yes,2024-03-17,low
TR2012,Jaipur,Cuttack,600,139,461,47,Weekend,No,2025-12-20,low
TR2013,Jaipur,Puri,600,127,473,59,Weekday,No,2025-03-24,low
TR2014,Jaipur,Rourkela,600,143,457,41,Weekday,No,2025-12-19,low
TR2015,Jaipur,Sambalpur,600,221,379,22,Weekday,No,2024-09-16,low
TR2016,Jaipur,Guwahati,600,163,437,52,Weekday,No,2025-11-27,low
TR2017,Jaipur,Dibrugarh,600,136,464,15,Weekday,Yes,2025-03-06,low
TR2018,Jaipur,Agartala,600,213,387,41,Weekday,No,2024-02-22,low
TR2019,Jaipur,Silchar,600,272,328,35,Weekend,No,2024-10-26,medium
TR2020,Jaipur,Visakhapatnam,600,179,421,51,Weekday,No,2024-04-10,low
TR2021,Jaipur,Vijayawada,600,228,372,58,Weekday,No,2025-11-19,low
TR2022,Jaipur,Guntur,600,219,381,21,Weekend,Yes,2024-08-10,low
TR2023,Jaipur,Tirupati,600,140,460,5,Weekday,No,2024-06-11,low
TR2024,Jaipur,Rajahmundry,600,170,430,9,Weekend,No,2025-02-08,low
TR2025,Jaipur,Warangal,600,107,493,44,Weekday,No,2024-11-06,low
TR2026,Jaipur,Nizamabad,600,159,441,21,Weekday,No,2024-03-11,low
TR2027,Jaipur,Coimbatore,600,139,461,8,Weekday,No,2025-08-19,low
TR2028,Jaipur,Madurai,600,150,450,48,Weekday,Yes,2025-09-10,low
TR2029,Jaipur,Trichy,600,133,467,38,Weekday,No,2025-06-27,low
TR2030,Jaipur,Salem,600,155,445,7,Weekday,No,2025-03-26,low
TR2031,Jaipur,Erode,600,194,406,42,Weekday,No,2024-10-21,low
TR2032,Jaipur,Tirunelveli,600,163,437,38,Weekday,No,2025-01-31,low
TR2033,Jaipur,Thoothukudi,600,90,510,59,Weekday,No,2025-01-15,low
TR2034,Jaipur,Vellore,600,133,467,59,Weekday,No,2024-04-30,low
TR2035,Jaipur,Kochi,600,96,504,58,Weekday,No,2024-02-29,low
TR2036,Jaipur,Thiruvananthapuram,600,181,419,53,Weekday,No,2024-07-04,low
TR2037,Jaipur,Kozhikode,600,193,407,47,Weekday,Yes,2024-11-28,low
TR2038,Jaipur,Thrissur,600,181,419,40,Weekend,No,2024-04-27,low
TR2039,Jaipur,Kollam,600,131,469,32,Weekday,No,2024-03-18,low
TR2040,Jaipur,Mysore,600,181,419,47,Weekend,No,2025-09-14,low
TR2041,Jaipur,Mangalore,600,146,454,57,Weekday,No,2024-10-01,low
TR2042,Jaipur,Hubli,600,114,486,6,Weekday,No,2025-03-03,low
TR2043,Jaipur,Belgaum,600,205,395,8,Weekend,No,2025-01-18,low
TR2044,Jaipur,Davangere,600,208,392,29,Weekend,No,2025-06-21,low
TR2045,Jaipur,Vadodara,600,214,386,17,Weekday,No,2025-06-24,low
TR2046,Jaipur,Rajkot,600,140,460,31,Weekend,No,2024-08-04,low
TR2047,Jaipur,Jamnagar,600,226,374,18,Weekday,No,2025-09-11,low
TR2048,Jaipur,Bhavnagar,600,145,455,46,Weekend,No,2024-09-28,low
TR2049,Jaipur,Gandhinagar,600,200,400,53,Weekday,No,2025-09-02,low
TR2050,Jaipur,Nashik,600,144,456,16,Weekday,No,2024-10-22,low
TR2051,Jaipur,Aurangabad,600,158,442,46,Weekday,No,2024-03-22,low
TR2052,Jaipur,Kolhapur,600,90,510,6,Weekday,No,2025-07-09,low
TR2053,Jaipur,Solapur,600,154,446,47,Weekday,No,2024-01-23,low
TR2054,Jaipur,Thane,600,173,427,41,Weekday,Yes,2025-07-18,low
TR2055,Jaipur,Navi Mumbai,600,149,451,42,Weekday,No,2024-02-01,low
TR2056,Jaipur,Amravati,600,253,347,29,Weekday,No,2024-05-31,medium
TR2057,Jaipur,Jodhpur,600,113,487,6,Weekday,No,2025-03-17,low
TR2058,Jaipur,Udaipur,600,142,458,50,Weekday,No,2025-11-19,low
TR2059,Jaipur,Ajmer,600,126,474,6,Weekday,No,2024-10-25,low
TR2060,Jaipur,Kota,600,142,458,28,Weekday,No,2024-03-29,low
TR2061,Jaipur,Bikaner,600,218,382,10,Weekday,Yes,2024-06-19,low
TR2062,Jaipur,Alwar,600,240,360,50,Weekday,No,2025-10-17,low
TR2063,Jaipur,Varanasi,600,135,465,34,Weekend,No,2025-06-15,low
TR2064,Jaipur,Prayagraj,600,134,466,30,Weekday,No,2024-03-14,low
TR2065,Jaipur,Agra,600,113,487,19,Weekday,No,2024-10-08,low
TR2066,Jaipur,Meerut,600,232,368,46,Weekday,No,2024-07-12,low
TR2067,Jaipur,Bareilly,600,223,377,12,Weekday,No,2024-05-09,low
TR2068,Jaipur,Gorakhpur,600,164,436,43,Weekday,No,2025-09-10,low
TR2069,Jaipur,Mathura,600,102,498,58,Weekday,No,2025-03-27,low
TR2070,Jaipur,Dehradun,600,106,494,15,Weekend,No,2024-05-11,low
TR2071,Jaipur,Haridwar,600,177,423,41,Weekend,No,2025-04-20,low
TR2072,Jaipur,Amritsar,600,195,405,18,Weekday,Yes,2024-10-29,low
TR2073,Jaipur,Ludhiana,600,90,510,55,Weekday,No,2024-02-14,low
TR2074,Jaipur,Jalandhar,600,154,446,53,Weekend,No,2024-11-24,low
TR2075,Jaipur,Patiala,600,247,353,18,Weekday,No,2024-05-15,medium
TR2076,Jaipur,Chandigarh,600,159,441,13,Weekday,No,2024-06-28,low
TR2077,Jaipur,Jammu,600,240,360,4,Weekend,No,2025-10-04,medium
TR2078,Jaipur,Srinagar,600,200,400,41,Weekday,No,2025-06-03,low
TR2079,Jaipur,Raipur,600,117,483,55,Weekday,No,2024-04-08,low
TR2080,Jaipur,Bilaspur,600,155,445,8,Weekend,No,2025-09-14,low
TR2081,Jaipur,Durg,600,163,437,48,Weekend,Yes,2025-02-23,low
TR2082,Jaipur,Jabalpur,600,123,477,45,Weekday,Yes,2025-10-01,low
TR2083,Jaipur,Gwalior,600,122,478,28,Weekday,No,2025-06-30,low
TR2084,Jaipur,Ujjain,600,241,359,13,Weekday,No,2024-09-05,medium
TR2085,Jaipur,Rewa,600,122,478,39,Weekend,No,2025-01-25,low
TR2086,Jaipur,Dhanbad,600,221,379,35,Weekday,No,2025-01-23,low
TR2087,Jaipur,Asansol,600,148,452,48,Weekday,No,2025-06-10,low
TR2088,Jaipur,Jamshedpur,600,168,432,33,Weekend,No,2024-06-30,low
TR2089,Jaipur,Tatanagar,600,196,404,2,Weekend,Yes,2024-08-31,low
TR2090,Jaipur,Gaya,600,140,460,12,Weekday,No,2024-06-27,low
TR2091,Jaipur,Muzaffarpur,600,196,404,22,Weekend,No,2024-08-04,low
TR2092,Jaipur,Bhagalpur,600,90,510,29,Weekend,No,2024-04-27,low
TR2093,Jaipur,Siliguri,600,190,410,20,Weekend,No,2024-01-27,low
TR2094,Jaipur,New Jalpaiguri,600,90,510,52,Weekday,No,2025-11-18,low
TR2095,Jaipur,Durgapur,600,158,442,16,Weekend,No,2024-02-24,low
TR2096,Jaipur,Howrah,600,210,390,40,Weekend,Yes,2025-10-11,low
TR2097,Jaipur,Malda,600,199,401,21,Weekday,No,2024-01-03,low
TR2098,Jaipur,Panaji,600,107,493,59,Weekday,No,2025-07-22,low
TR2099,Surat,Delhi,600,113,487,54,Weekday,No,2024-08-28,low
TR2100,Surat,New Delhi,600,136,464,47,Weekday,No,2025-01-13,low
TR2101,Surat,Mumbai,600,178,422,45,Weekday,No,2024-07-25,low
TR2102,Surat,Chennai,600,90,510,38,Weekday,No,2024-12-24,low
TR2103,Surat,Kolkata,600,168,432,35,Weekday,No,2024-11-26,low
TR2104,Surat,Bangalore,600,184,416,33,Weekday,No,2025-01-22,low
TR2105,Surat,Hyderabad,600,155,445,1,Weekday,No,2024-10-14,low
TR2106,Surat,Pune,600,194,406,56,Weekday,No,2025-01-27,low
TR2107,Surat,Ahmedabad,600,180,420,58,Weekday,No,2025-08-26,low
TR2108,Surat,Jaipur,600,143,457,31,Weekday,No,2024-11-13,low
TR2109,Surat,Lucknow,600,90,510,52,Weekend,No,2024-09-21,low
TR2110,Surat,Kanpur,600,175,425,24,Weekend,Yes,2024-04-06,low
TR2111,Surat,Nagpur,600,123,477,6,Weekday,No,2024-09-19,low
TR2112,Surat,Indore,600,141,459,50,Weekday,No,2024-04-01,low
TR2113,Surat,Bhopal,600,192,408,30,Weekday,No,2024-05-13,low
TR2114,Surat,Patna,600,237,363,56,Weekday,No,2025-11-27,low
TR2115,Surat,Ranchi,600,167,433,12,Weekday,No,2024-03-06,low
TR2116,Surat,Bhubaneswar,600,196,404,28,Weekday,No,2024-12-18,low
TR2117,Surat,Cuttack,600,100,500,40,Weekday,No,2025-09-01,low
TR2118,Surat,Puri,600,181,419,8,Weekday,No,2025-11-27,low
TR2119,Surat,Rourkela,600,166,434,59,Weekday,No,2024-04-17,low
TR2120,Surat,Sambalpur,600,228,372,36,Weekday,No,2024-04-29,low
TR2121,Surat,Guwahati,600,143,457,10,Weekend,No,2024-09-29,low
TR2122,Surat,Dibrugarh,600,157,443,44,Weekend,No,2025-02-09,low
TR2123,Surat,Agartala,600,220,380,52,Weekday,Yes,2025-12-02,low
TR2124,Surat,Silchar,600,165,435,22,Weekday,No,2024-05-31,low
TR2125,Surat,Visakhapatnam,600,116,484,36,Weekday,No,2024-04-30,low
TR2126,Surat,Vijayawada,600,291,309,44,Weekday,Yes,2024-07-04,medium
TR2127,Surat,Guntur,600,117,483,8,Weekday,No,2025-10-01,low
TR2128,Surat,Tirupati,600,166,434,31,Weekday,No,2024-01-22,low
TR2129,Surat,Rajahmundry,600,186,414,33,Weekday,No,2024-10-04,low
TR2130,Surat,Warangal,600,182,418,18,Weekday,No,2024-03-27,low
TR2131,Surat,Nizamabad,600,160,440,17,Weekday,No,2024-04-24,low
TR2132,Surat,Coimbatore,600,160,440,37,Weekend,No,2025-11-01,low
TR2133,Surat,Madurai,600,158,442,45,Weekday,No,2024-01-02,low
TR2134,Surat,Trichy,600,115,485,23,Weekday,No,2024-08-23,low
TR2135,Surat,Salem,600,272,328,8,Weekday,No,2025-10-31,medium
TR2136,Surat,Erode,600,158,442,47,Weekday,No,2025-03-20,low
TR2137,Surat,Tirunelveli,600,198,402,10,Weekday,No,2024-02-22,low
TR2138,Surat,Thoothukudi,600,153,447,0,Weekday,No,2024-12-05,low
TR2139,Surat,Vellore,600,152,448,19,Weekday,No,2025-12-10,low
TR2140,Surat,Kochi,600,147,453,49,Weekend,Yes,2024-10-19,low
TR2141,Surat,Thiruvananthapuram,600,95,505,45,Weekday,No,2025-01-21,low
TR2142,Surat,Kozhikode,600,161,439,18,Weekday,No,2025-01-23,low
TR2143,Surat,Thrissur,600,149,451,31,Weekend,No,2025-04-27,low
TR2144,Surat,Kollam,600,225,375,57,Weekday,No,2024-05-16,low
TR2145,Surat,Mysore,600,112,488,43,Weekday,No,2025-09-05,low
TR2146,Surat,Mangalore,600,141,459,45,Weekday,No,2025-12-23,low
TR2147,Surat,Hubli,600,126,474,5,Weekend,No,2024-04-14,low
TR2148,Surat,Belgaum,600,238,362,14,Weekday,No,2025-08-21,low
TR2149,Surat,Davangere,600,127,473,6,Weekday,No,2025-08-20,low
TR2150,Surat,Vadodara,600,196,404,58,Weekday,No,2025-06-26,low
TR2151,Surat,Rajkot,600,216,384,20,Weekend,No,2024-09-28,low
TR2152,Surat,Jamnagar,600,162,438,29,Weekend,No,2024-12-08,low
TR2153,Surat,Bhavnagar,600,103,497,33,Weekday,No,2025-09-05,low
TR2154,Surat,Gandhinagar,600,103,497,31,Weekend,No,2024-04-21,low
TR2155,Surat,Nashik,600,210,390,3,Weekday,No,2025-08-28,low
TR2156,Surat,Aurangabad,600,108,492,54,Weekday,No,2025-11-04,low
TR2157,Surat,Kolhapur,600,188,412,22,Weekday,No,2025-05-13,low
TR2158,Surat,Solapur,600,174,426,55,Weekday,No,2024-09-06,low
TR2159,Surat,Thane,600,187,413,45,Weekday,No,2025-02-12,low
TR2160,Surat,Navi Mumbai,600,192,408,41,Weekday,No,2024-02-06,low
TR2161,Surat,Amravati,600,124,476,42,Weekday,No,2025-11-12,low
TR2162,Surat,Jodhpur,600,122,478,58,Weekend,No,2024-09-07,low
TR2163,Surat,Udaipur,600,203,397,18,Weekend,Yes,2024-02-11,low
TR2164,Surat,Ajmer,600,139,461,19,Weekend,No,2025-08-03,low
TR2165,Surat,Kota,600,90,510,40,Weekday,No,2025-04-25,low
TR2166,Surat,Bikaner,600,200,400,13,Weekday,No,2025-03-31,low
TR2167,Surat,Alwar,600,119,481,48,Weekday,No,2024-02-09,low
TR2168,Surat,Varanasi,600,191,409,1,Weekday,No,2025-07-02,low
TR2169,Surat,Prayagraj,600,236,364,53,Weekday,No,2025-04-10,low
TR2170,Surat,Agra,600,170,430,20,Weekend,No,2025-08-03,low
TR2171,Surat,Meerut,600,217,383,0,Weekday,No,2025-08-27,low
TR2172,Surat,Bareilly,600,176,424,36,Weekday,No,2024-06-03,low
TR2173,Surat,Gorakhpur,600,245,355,16,Weekend,No,2024-06-02,medium
TR2174,Surat,Mathura,600,118,482,18,Weekday,No,2025-11-06,low
TR2175,Surat,Dehradun,600,169,431,28,Weekday,No,2025-01-23,low
TR2176,Surat,Haridwar,600,201,399,34,Weekend,No,2024-11-16,low
TR2177,Surat,Amritsar,600,160,440,8,Weekend,No,2024-07-28,low
TR2178,Surat,Ludhiana,600,224,376,2,Weekend,No,2025-04-12,low
TR2179,Surat,Jalandhar,600,148,452,27,Weekend,No,2025-07-05,low
TR2180,Surat,Patiala,600,268,332,21,Weekday,No,2024-01-02,medium
TR2181,Surat,Chandigarh,600,271,329,34,Weekday,No,2025-02-07,medium
TR2182,Surat,Jammu,600,182,418,44,Weekend,No,2025-12-27,low
TR2183,Surat,Srinagar,600,195,405,36,Weekday,No,2024-07-24,low
TR2184,Surat,Raipur,600,226,374,6,Weekday,No,2024-07-24,low
TR2185,Surat,Bilaspur,600,112,488,59,Weekday,No,2025-10-03,low
TR2186,Surat,Durg,600,106,494,42,Weekday,No,2024-02-15,low
TR2187,Surat,Jabalpur,600,229,371,2,Weekday,No,2024-10-17,low
TR2188,Surat,Gwalior,600,182,418,45,Weekend,No,2024-11-30,low
TR2189,Surat,Ujjain,600,158,442,52,Weekday,No,2025-08-06,low
TR2190,Surat,Rewa,600,169,431,34,Weekday,No,2024-04-04,low
TR2191,Surat,Dhanbad,600,90,510,49,Weekday,No,2024-11-13,low
TR2192,Surat,Asansol,600,160,440,53,Weekend,No,2024-04-21,low
TR2193,Surat,Jamshedpur,600,133,467,57,Weekday,No,2025-07-29,low
TR2194,Surat,Tatanagar,600,213,387,57,Weekday,No,2025-04-07,low
TR2195,Surat,Gaya,600,217,383,11,Weekend,No,2024-12-29,low
TR2196,Surat,Muzaffarpur,600,197,403,2,Weekday,No,2024-10-14,low
TR2197,Surat,Bhagalpur,600,188,412,39,Weekend,No,2024-04-21,low
TR2198,Surat,Siliguri,600,97,503,40,Weekday,No,2025-11-04,low
TR2199,Surat,New Jalpaiguri,600,197,403,34,Weekday,No,2025-04-18,low
TR2200,Surat,Durgapur,600,199,401,14,Weekday,No,2024-08-21,low
TR2201,Surat,Howrah,600,229,371,56,Weekday,No,2024-10-29,low
TR2202,Surat,Malda,600,271,329,24,Weekend,No,2025-06-14,medium
TR2203,Surat,Panaji,600,90,510,44,Weekday,Yes,2025-06-10,low
TR2204,Lucknow,Delhi,600,150,450,37,Weekday,No,2024-12-03,low
TR2205,Lucknow,New Delhi,600,133,467,53,Weekday,No,2024-08-09,low
TR2206,Lucknow,Mumbai,600,177,423,42,Weekend,No,2025-04-27,low
TR2207,Lucknow,Chennai,600,170,430,38,Weekend,Yes,2025-04-26,low
TR2208,Lucknow,Kolkata,600,158,442,50,Weekday,No,2025-03-14,low
TR2209,Lucknow,Bangalore,600,218,382,3,Weekday,No,2024-02-23,low
TR2210,Lucknow,Hyderabad,600,116,484,42,Weekday,Yes,2024-12-11,low
TR2211,Lucknow,Pune,600,119,481,35,Weekday,No,2025-03-24,low
TR2212,Lucknow,Ahmedabad,600,120,480,46,Weekday,No,2025-11-25,low
TR2213,Lucknow,Jaipur,600,152,448,13,Weekend,Yes,2025-01-19,low
TR2214,Lucknow,Surat,600,110,490,35,Weekend,No,2024-09-07,low
TR2215,Lucknow,Kanpur,600,167,433,17,Weekday,No,2025-02-10,low
TR2216,Lucknow,Nagpur,600,161,439,7,Weekday,No,2024-05-09,low
TR2217,Lucknow,Indore,600,131,469,34,Weekday,No,2024-03-07,low
TR2218,Lucknow,Bhopal,600,211,389,1,Weekend,No,2025-05-10,low
TR2219,Lucknow,Patna,600,166,434,5,Weekend,No,2025-12-21,low
TR2220,Lucknow,Ranchi,600,220,380,31,Weekday,No,2025-09-10,low
TR2221,Lucknow,Bhubaneswar,600,160,440,53,Weekend,No,2025-03-02,low
TR2222,Lucknow,Cuttack,600,168,432,42,Weekday,No,2024-01-30,low
TR2223,Lucknow,Puri,600,142,458,0,Weekday,No,2025-12-23,low
TR2224,Lucknow,Rourkela,600,169,431,6,Weekend,No,2024-11-24,low
TR2225,Lucknow,Sambalpur,600,203,397,25,Weekday,No,2024-07-30,low
TR2226,Lucknow,Guwahati,600,149,451,25,Weekday,No,2025-10-14,low
TR2227,Lucknow,Dibrugarh,600,194,406,2,Weekend,No,2025-06-29,low
TR2228,Lucknow,Agartala,600,130,470,15,Weekday,No,2025-07-01,low
TR2229,Lucknow,Silchar,600,205,395,7,Weekday,No,2024-07-22,low
TR2230,Lucknow,Visakhapatnam,600,141,459,34,Weekday,No,2025-12-26,low
TR2231,Lucknow,Vijayawada,600,210,390,39,Weekday,No,2024-11-27,low
TR2232,Lucknow,Guntur,600,172,428,23,Weekday,No,2025-01-23,low
TR2233,Lucknow,Tirupati,600,242,358,34,Weekday,No,2025-07-02,medium
TR2234,Lucknow,Rajahmundry,600,114,486,12,Weekend,No,2025-04-27,low
TR2235,Lucknow,Warangal,600,98,502,51,Weekend,No,2024-05-05,low
TR2236,Lucknow,Nizamabad,600,139,461,0,Weekday,No,2024-08-09,low
TR2237,Lucknow,Coimbatore,600,102,498,30,Weekend,No,2024-09-21,low
TR2238,Lucknow,Madurai,600,103,497,19,Weekend,No,2025-11-23,low
TR2239,Lucknow,Trichy,600,199,401,27,Weekday,Yes,2025-06-06,low
TR2240,Lucknow,Salem,600,169,431,30,Weekday,No,2024-09-24,low
TR2241,Lucknow,Erode,600,146,454,38,Weekend,No,2025-06-21,low
TR2242,Lucknow,Tirunelveli,600,150,450,55,Weekday,No,2025-06-23,low
TR2243,Lucknow,Thoothukudi,600,140,460,33,Weekday,No,2024-10-15,low
TR2244,Lucknow,Vellore,600,248,352,13,Weekday,No,2024-10-21,medium
TR2245,Lucknow,Kochi,600,134,466,31,Weekday,No,2025-10-15,low
TR2246,Lucknow,Thiruvananthapuram,600,105,495,30,Weekday,No,2025-02-14,low
TR2247,Lucknow,Kozhikode,600,207,393,51,Weekday,No,2024-04-19,low
TR2248,Lucknow,Thrissur,600,159,441,33,Weekday,No,2025-06-10,low
TR2249,Lucknow,Kollam,600,267,333,52,Weekday,No,2025-03-06,medium
TR2250,Lucknow,Mysore,600,144,456,38,Weekday,No,2025-01-07,low
TR2251,Lucknow,Mangalore,600,210,390,34,Weekend,Yes,2025-06-14,low
TR2252,Lucknow,Hubli,600,221,379,19,Weekend,No,2025-10-25,low
TR2253,Lucknow,Belgaum,600,144,456,15,Weekday,No,2024-08-29,low
TR2254,Lucknow,Davangere,600,133,467,5,Weekend,No,2024-11-02,low
TR2255,Lucknow,Vadodara,600,205,395,32,Weekend,No,2024-05-18,low
TR2256,Lucknow,Rajkot,600,197,403,55,Weekday,No,2025-04-18,low
TR2257,Lucknow,Jamnagar,600,101,499,0,Weekday,No,2024-10-21,low
TR2258,Lucknow,Bhavnagar,600,115,485,57,Weekend,No,2024-09-07,low
TR2259,Lucknow,Gandhinagar,600,90,510,51,Weekend,No,2025-05-24,low
TR2260,Lucknow,Nashik,600,198,402,26,Weekday,No,2024-10-25,low
TR2261,Lucknow,Aurangabad,600,156,444,18,Weekday,No,2024-12-05,low
TR2262,Lucknow,Kolhapur,600,161,439,34,Weekend,No,2024-11-17,low
TR2263,Lucknow,Solapur,600,90,510,51,Weekend,Yes,2024-07-07,low
TR2264,Lucknow,Thane,600,116,484,1,Weekday,No,2024-04-01,low
TR2265,Lucknow,Navi Mumbai,600,146,454,26,Weekday,No,2025-08-27,low
TR2266,Lucknow,Amravati,600,137,463,2,Weekday,No,2024-03-08,low
TR2267,Lucknow,Jodhpur,600,175,425,38,Weekend,Yes,2024-08-25,low
TR2268,Lucknow,Udaipur,600,197,403,4,Weekday,No,2025-05-02,low
TR2269,Lucknow,Ajmer,600,278,322,18,Weekday,No,2024-04-05,medium
TR2270,Lucknow,Kota,600,168,432,44,Weekday,No,2025-04-24,low
TR2271,Lucknow,Bikaner,600,222,378,45,Weekday,No,2025-06-19,low
TR2272,Lucknow,Alwar,600,129,471,13,Weekday,No,2025-04-29,low
TR2273,Lucknow,Varanasi,600,90,510,30,Weekend,No,2024-08-10,low
TR2274,Lucknow,Prayagraj,600,152,448,11,Weekday,No,2024-01-15,low
TR2275,Lucknow,Agra,600,92,508,35,Weekday,No,2025-10-10,low
TR2276,Lucknow,Meerut,600,170,430,0,Weekday,No,2024-08-26,low
TR2277,Lucknow,Bareilly,600,131,469,48,Weekday,No,2025-08-11,low
TR2278,Lucknow,Gorakhpur,600,90,510,1,Weekday,No,2024-05-24,low
TR2279,Lucknow,Mathura,600,252,348,36,Weekend,No,2024-04-28,medium
TR2280,Lucknow,Dehradun,600,143,457,24,Weekday,No,2025-07-22,low
TR2281,Lucknow,Haridwar,600,90,510,13,Weekday,Yes,2025-11-17,low
TR2282,Lucknow,Amritsar,600,212,388,32,Weekend,No,2025-09-21,low
TR2283,Lucknow,Ludhiana,600,134,466,8,Weekday,Yes,2025-07-03,low
TR2284,Lucknow,Jalandhar,600,221,379,34,Weekend,Yes,2024-06-29,low
TR2285,Lucknow,Patiala,600,134,466,38,Weekday,No,2025-10-29,low
TR2286,Lucknow,Chandigarh,600,143,457,27,Weekend,Yes,2025-05-03,low
TR2287,Lucknow,Jammu,600,185,415,21,Weekend,No,2024-05-05,low
TR2288,Lucknow,Srinagar,600,197,403,27,Weekday,No,2024-04-04,low
TR2289,Lucknow,Raipur,600,206,394,57,Weekend,No,2025-09-28,low
TR2290,Lucknow,Bilaspur,600,165,435,45,Weekend,No,2024-07-20,low
TR2291,Lucknow,Durg,600,194,406,0,Weekend,No,2025-07-13,low
TR2292,Lucknow,Jabalpur,600,205,395,17,Weekday,No,2024-04-11,low
TR2293,Lucknow,Gwalior,600,179,421,1,Weekday,No,2024-07-24,low
TR2294,Lucknow,Ujjain,600,162,438,14,Weekday,No,2024-07-26,low
TR2295,Lucknow,Rewa,600,100,500,46,Weekday,Yes,2024-07-24,low
TR2296,Lucknow,Dhanbad,600,198,402,51,Weekday,No,2025-05-08,low
TR2297,Lucknow,Asansol,600,171,429,27,Weekday,No,2025-10-30,low
TR2298,Lucknow,Jamshedpur,600,149,451,41,Weekday,No,2025-10-27,low
TR2299,Lucknow,Tatanagar,600,230,370,22,Weekday,No,2025-06-26,low
TR2300,Lucknow,Gaya,600,100,500,28,Weekday,No,2024-05-28,low
TR2301,Lucknow,Muzaffarpur,600,248,352,49,Weekday,No,2025-12-03,medium
TR2302,Lucknow,Bhagalpur,600,168,432,16,Weekday,No,2025-01-31,low
TR2303,Lucknow,Siliguri,600,184,416,19,Weekday,No,2025-02-03,low
TR2304,Lucknow,New Jalpaiguri,600,150,450,8,Weekday,No,2025-05-27,low
TR2305,Lucknow,Durgapur,600,90,510,13,Weekday,Yes,2025-07-16,low
TR2306,Lucknow,Howrah,600,162,438,2,Weekday,No,2025-11-27,low
TR2307,Lucknow,Malda,600,185,415,48,Weekend,No,2025-03-01,low
TR2308,Lucknow,Panaji,600,201,399,51,Weekday,No,2025-03-21,low
TR2309,Kanpur,Delhi,600,159,441,25,Weekend,No,2025-06-28,low
TR2310,Kanpur,New Delhi,600,90,510,35,Weekday,No,2024-07-05,low
TR2311,Kanpur,Mumbai,600,95,505,14,Weekday,No,2024-08-12,low
TR2312,Kanpur,Chennai,600,267,333,2,Weekday,No,2025-04-02,medium
TR2313,Kanpur,Kolkata,600,117,483,30,Weekday,No,2024-02-16,low
TR2314,Kanpur,Bangalore,600,237,363,9,Weekday,No,2024-08-22,low
TR2315,Kanpur,Hyderabad,600,124,476,50,Weekend,No,2025-06-08,low
TR2316,Kanpur,Pune,600,160,440,16,Weekend,No,2025-12-14,low
TR2317,Kanpur,Ahmedabad,600,199,401,44,Weekday,No,2025-01-14,low
TR2318,Kanpur,Jaipur,600,130,470,15,Weekend,No,2024-10-19,low
TR2319,Kanpur,Surat,600,245,355,7,Weekend,No,2024-11-17,medium
TR2320,Kanpur,Lucknow,600,173,427,32,Weekday,No,2025-05-16,low
TR2321,Kanpur,Nagpur,600,191,409,10,Weekend,No,2025-02-02,low
TR2322,Kanpur,Indore,600,156,444,23,Weekday,No,2024-01-17,low
TR2323,Kanpur,Bhopal,600,201,399,17,Weekday,No,2025-01-29,low
TR2324,Kanpur,Patna,600,245,355,52,Weekend,No,2024-10-19,medium
TR2325,Kanpur,Ranchi,600,163,437,30,Weekday,No,2025-05-27,low
TR2326,Kanpur,Bhubaneswar,600,252,348,43,Weekday,No,2025-10-01,medium
TR2327,Kanpur,Cuttack,600,140,460,35,Weekday,No,2025-12-04,low
TR2328,Kanpur,Puri,600,206,394,54,Weekend,No,2025-03-22,low
TR2329,Kanpur,Rourkela,600,192,408,26,Weekend,No,2024-09-22,low
TR2330,Kanpur,Sambalpur,600,118,482,51,Weekday,No,2024-11-20,low
TR2331,Kanpur,Guwahati,600,179,421,53,Weekday,Yes,2024-05-08,low
TR2332,Kanpur,Dibrugarh,600,169,431,55,Weekend,Yes,2025-11-15,low
TR2333,Kanpur,Agartala,600,128,472,41,Weekday,No,2025-09-11,low
TR2334,Kanpur,Silchar,600,186,414,58,Weekday,No,2025-09-16,low
TR2335,Kanpur,Visakhapatnam,600,176,424,44,Weekday,No,2024-08-27,low
TR2336,Kanpur,Vijayawada,600,165,435,18,Weekday,No,2024-08-23,low
TR2337,Kanpur,Guntur,600,166,434,9,Weekday,No,2025-09-18,low
TR2338,Kanpur,Tirupati,600,165,435,12,Weekend,No,2025-02-02,low
TR2339,Kanpur,Rajahmundry,600,151,449,34,Weekday,No,2025-05-30,low
TR2340,Kanpur,Warangal,600,176,424,9,Weekday,No,2024-12-24,low
TR2341,Kanpur,Nizamabad,600,138,462,14,Weekday,No,2024-11-19,low
TR2342,Kanpur,Coimbatore,600,296,304,37,Weekday,No,2025-04-07,medium
TR2343,Kanpur,Madurai,600,101,499,19,Weekend,No,2025-08-17,low
TR2344,Kanpur,Trichy,600,141,459,40,Weekend,No,2024-09-01,low
TR2345,Kanpur,Salem,600,145,455,59,Weekday,No,2025-08-14,low
TR2346,Kanpur,Erode,600,267,333,5,Weekday,No,2024-06-27,medium
TR2347,Kanpur,Tirunelveli,600,106,494,38,Weekday,No,2024-10-21,low
TR2348,Kanpur,Thoothukudi,600,189,411,49,Weekday,No,2025-10-29,low
TR2349,Kanpur,Vellore,600,181,419,8,Weekday,No,2025-11-28,low
TR2350,Kanpur,Kochi,600,185,415,46,Weekday,Yes,2025-11-06,low
TR2351,Kanpur,Thiruvananthapuram,600,228,372,30,Weekday,No,2024-08-19,low
TR2352,Kanpur,Kozhikode,600,227,373,37,Weekday,No,2025-09-08,low
TR2353,Kanpur,Thrissur,600,147,453,3,Weekend,Yes,2025-11-15,low
TR2354,Kanpur,Kollam,600,178,422,26,Weekday,No,2025-12-16,low
TR2355,Kanpur,Mysore,600,90,510,22,Weekday,No,2024-01-16,low
TR2356,Kanpur,Mangalore,600,174,426,9,Weekend,No,2025-06-28,low
TR2357,Kanpur,Hubli,600,131,469,45,Weekday,No,2025-12-29,low
TR2358,Kanpur,Belgaum,600,160,440,30,Weekend,No,2025-07-12,low
TR2359,Kanpur,Davangere,600,90,510,52,Weekday,No,2024-06-19,low
TR2360,Kanpur,Vadodara,600,188,412,9,Weekday,No,2025-07-11,low
TR2361,Kanpur,Rajkot,600,90,510,43,Weekend,No,2024-03-17,low
TR2362,Kanpur,Jamnagar,600,176,424,36,Weekday,No,2024-12-17,low
TR2363,Kanpur,Bhavnagar,600,110,490,39,Weekday,No,2025-04-02,low
TR2364,Kanpur,Gandhinagar,600,128,472,18,Weekday,No,2024-11-29,low
TR2365,Kanpur,Nashik,600,224,376,41,Weekday,No,2025-05-26,low
TR2366,Kanpur,Aurangabad,600,197,403,14,Weekday,No,2024-06-24,low
TR2367,Kanpur,Kolhapur,600,224,376,45,Weekday,No,2025-03-19,low
TR2368,Kanpur,Solapur,600,244,356,26,Weekday,No,2025-04-16,medium
TR2369,Kanpur,Thane,600,132,468,28,Weekday,No,2025-04-08,low
TR2370,Kanpur,Navi Mumbai,600,241,359,34,Weekday,No,2024-07-30,medium
TR2371,Kanpur,Amravati,600,99,501,5,Weekend,No,2024-08-11,low
TR2372,Kanpur,Jodhpur,600,205,395,22,Weekend,No,2024-07-07,low
TR2373,Kanpur,Udaipur,600,145,455,12,Weekday,No,2024-12-03,low
TR2374,Kanpur,Ajmer,600,124,476,57,Weekday,No,2025-03-04,low
TR2375,Kanpur,Kota,600,198,402,25,Weekend,No,2024-09-22,low
TR2376,Kanpur,Bikaner,600,214,386,0,Weekend,No,2024-10-26,low
TR2377,Kanpur,Alwar,600,213,387,1,Weekend,No,2024-07-28,low
TR2378,Kanpur,Varanasi,600,179,421,54,Weekend,No,2024-06-08,low
TR2379,Kanpur,Prayagraj,600,175,425,9,Weekday,No,2025-04-25,low
TR2380,Kanpur,Agra,600,194,406,0,Weekday,No,2025-08-19,low
TR2381,Kanpur,Meerut,600,184,416,12,Weekday,No,2024-07-31,low
TR2382,Kanpur,Bareilly,600,195,405,13,Weekend,No,2025-09-21,low
TR2383,Kanpur,Gorakhpur,600,179,421,4,Weekday,No,2025-02-21,low
TR2384,Kanpur,Mathura,600,209,391,59,Weekday,No,2024-05-02,low
TR2385,Kanpur,Dehradun,600,91,509,3,Weekday,No,2024-09-24,low
TR2386,Kanpur,Haridwar,600,163,437,43,Weekend,No,2024-01-06,low
TR2387,Kanpur,Amritsar,600,103,497,50,Weekday,No,2024-01-29,low
TR2388,Kanpur,Ludhiana,600,182,418,38,Weekday,No,2024-09-02,low
TR2389,Kanpur,Jalandhar,600,248,352,7,Weekday,No,2024-11-28,medium
TR2390,Kanpur,Patiala,600,146,454,43,Weekday,No,2025-08-05,low
TR2391,Kanpur,Chandigarh,600,175,425,19,Weekday,No,2024-04-08,low
TR2392,Kanpur,Jammu,600,205,395,24,Weekday,No,2025-09-05,low
TR2393,Kanpur,Srinagar,600,90,510,15,Weekday,No,2024-06-20,low
TR2394,Kanpur,Raipur,600,144,456,47,Weekday,No,2024-04-11,low
TR2395,Kanpur,Bilaspur,600,186,414,34,Weekday,No,2025-05-26,low
TR2396,Kanpur,Durg,600,90,510,9,Weekend,No,2025-07-20,low
TR2397,Kanpur,Jabalpur,600,122,478,24,Weekday,No,2025-03-18,low
TR2398,Kanpur,Gwalior,600,222,378,47,Weekday,No,2024-03-25,low
TR2399,Kanpur,Ujjain,600,217,383,56,Weekday,No,2024-03-25,low
TR2400,Kanpur,Rewa,600,187,413,56,Weekend,No,2024-10-12,low
TR2401,Kanpur,Dhanbad,600,211,389,8,Weekday,Yes,2024-11-25,low
TR2402,Kanpur,Asansol,600,179,421,51,Weekday,No,2025-12-30,low
TR2403,Kanpur,Jamshedpur,600,196,404,33,Weekend,No,2024-07-28,low
TR2404,Kanpur,Tatanagar,600,154,446,44,Weekday,No,2024-05-20,low
TR2405,Kanpur,Gaya,600,175,425,23,Weekend,No,2025-11-22,low
TR2406,Kanpur,Muzaffarpur,600,139,461,39,Weekday,No,2024-04-22,low
TR2407,Kanpur,Bhagalpur,600,230,370,15,Weekend,No,2024-01-20,low
TR2408,Kanpur,Siliguri,600,242,358,31,Weekday,No,2024-11-05,medium
TR2409,Kanpur,New Jalpaiguri,600,235,365,13,Weekend,No,2024-10-20,low
TR2410,Kanpur,Durgapur,600,149,451,23,Weekday,No,2025-03-28,low
TR2411,Kanpur,Howrah,600,123,477,24,Weekday,No,2025-10-03,low
TR2412,Kanpur,Malda,600,230,370,51,Weekday,No,2025-11-12,low
TR2413,Kanpur,Panaji,600,195,405,37,Weekday,No,2024-07-30,low
TR2414,Nagpur,Delhi,600,185,415,38,Weekday,No,2025-12-17,low
TR2415,Nagpur,New Delhi,600,139,461,17,Weekday,No,2025-04-07,low
TR2416,Nagpur,Mumbai,600,189,411,26,Weekday,No,2024-02-20,low
TR2417,Nagpur,Chennai,600,117,483,28,Weekday,No,2025-11-17,low
TR2418,Nagpur,Kolkata,600,199,401,47,Weekday,Yes,2024-04-10,low
TR2419,Nagpur,Bangalore,600,235,365,11,Weekday,No,2025-03-06,low
TR2420,Nagpur,Hyderabad,600,247,353,3,Weekday,No,2025-08-01,medium
TR2421,Nagpur,Pune,600,203,397,30,Weekday,Yes,2024-07-01,low
TR2422,Nagpur,Ahmedabad,600,103,497,48,Weekday,No,2024-07-16,low
TR2423,Nagpur,Jaipur,600,178,422,44,Weekend,No,2024-12-14,low
TR2424,Nagpur,Surat,600,272,328,48,Weekday,No,2025-10-08,medium
TR2425,Nagpur,Lucknow,600,127,473,23,Weekday,No,2024-06-12,low
TR2426,Nagpur,Kanpur,600,166,434,13,Weekday,No,2025-04-29,low
TR2427,Nagpur,Indore,600,237,363,39,Weekday,No,2024-11-26,low
TR2428,Nagpur,Bhopal,600,199,401,2,Weekday,No,2024-03-22,low
TR2429,Nagpur,Patna,600,288,312,53,Weekday,No,2025-06-03,medium
TR2430,Nagpur,Ranchi,600,134,466,42,Weekend,No,2025-08-31,low
TR2431,Nagpur,Bhubaneswar,600,121,479,30,Weekday,No,2025-02-24,low
TR2432,Nagpur,Cuttack,600,228,372,11,Weekday,No,2024-05-08,low
TR2433,Nagpur,Puri,600,112,488,15,Weekday,No,2024-04-23,low
TR2434,Nagpur,Rourkela,600,160,440,59,Weekday,No,2024-11-05,low
TR2435,Nagpur,Sambalpur,600,166,434,0,Weekend,Yes,2025-01-05,low
TR2436,Nagpur,Guwahati,600,219,381,0,Weekday,No,2025-02-07,low
TR2437,Nagpur,Dibrugarh,600,198,402,20,Weekday,No,2024-06-27,low
TR2438,Nagpur,Agartala,600,191,409,13,Weekday,No,2025-01-01,low
TR2439,Nagpur,Silchar,600,150,450,40,Weekend,No,2024-08-03,low
TR2440,Nagpur,Visakhapatnam,600,227,373,2,Weekday,No,2025-05-16,low
TR2441,Nagpur,Vijayawada,600,362,238,47,Weekday,No,2025-08-05,medium
TR2442,Nagpur,Guntur,600,202,398,46,Weekday,No,2025-04-22,low
TR2443,Nagpur,Tirupati,600,174,426,13,Weekday,No,2024-01-01,low
TR2444,Nagpur,Rajahmundry,600,107,493,34,Weekday,No,2025-12-26,low
TR2445,Nagpur,Warangal,600,138,462,40,Weekday,No,2024-01-18,low
TR2446,Nagpur,Nizamabad,600,159,441,50,Weekday,No,2025-12-31,low
TR2447,Nagpur,Coimbatore,600,143,457,43,Weekday,No,2024-01-24,low
TR2448,Nagpur,Madurai,600,168,432,57,Weekend,No,2025-01-12,low
TR2449,Nagpur,Trichy,600,254,346,6,Weekday,No,2024-03-18,medium
TR2450,Nagpur,Salem,600,229,371,36,Weekend,Yes,2024-03-10,low
TR2451,Nagpur,Erode,600,161,439,46,Weekday,No,2025-05-14,low
TR2452,Nagpur,Tirunelveli,600,111,489,13,Weekday,No,2025-06-16,low
TR2453,Nagpur,Thoothukudi,600,233,367,13,Weekday,No,2024-03-27,low
TR2454,Nagpur,Vellore,600,167,433,5,Weekend,No,2025-12-14,low
TR2455,Nagpur,Kochi,600,90,510,59,Weekday,No,2024-08-22,low
TR2456,Nagpur,Thiruvananthapuram,600,203,397,51,Weekday,No,2024-08-20,low
TR2457,Nagpur,Kozhikode,600,218,382,7,Weekday,No,2024-08-05,low
TR2458,Nagpur,Thrissur,600,90,510,14,Weekday,No,2024-12-03,low
TR2459,Nagpur,Kollam,600,129,471,27,Weekday,No,2024-05-09,low
TR2460,Nagpur,Mysore,600,164,436,53,Weekday,No,2024-11-06,low
TR2461,Nagpur,Mangalore,600,204,396,49,Weekend,No,2024-06-02,low
TR2462,Nagpur,Hubli,600,144,456,52,Weekday,No,2024-02-07,low
TR2463,Nagpur,Belgaum,600,129,471,49,Weekday,No,2024-09-26,low
TR2464,Nagpur,Davangere,600,204,396,37,Weekday,No,2025-05-06,low
TR2465,Nagpur,Vadodara,600,146,454,17,Weekday,No,2025-07-11,low
TR2466,Nagpur,Rajkot,600,195,405,36,Weekend,No,2024-09-15,low
TR2467,Nagpur,Jamnagar,600,116,484,29,Weekend,Yes,2024-08-24,low
TR2468,Nagpur,Bhavnagar,600,104,496,57,Weekday,No,2025-07-29,low
TR2469,Nagpur,Gandhinagar,600,205,395,26,Weekday,No,2025-05-12,low
TR2470,Nagpur,Nashik,600,181,419,45,Weekend,No,2025-08-31,low
TR2471,Nagpur,Aurangabad,600,213,387,10,Weekday,No,2025-10-24,low
TR2472,Nagpur,Kolhapur,600,143,457,40,Weekend,Yes,2025-08-23,low
TR2473,Nagpur,Solapur,600,131,469,27,Weekend,No,2025-11-15,low
TR2474,Nagpur,Thane,600,234,366,26,Weekday,No,2024-10-31,low
TR2475,Nagpur,Navi Mumbai,600,96,504,45,Weekday,No,2024-10-15,low
TR2476,Nagpur,Amravati,600,229,371,29,Weekday,No,2024-08-23,low
TR2477,Nagpur,Jodhpur,600,232,368,3,Weekday,No,2024-06-20,low
TR2478,Nagpur,Udaipur,600,210,390,23,Weekday,No,2025-07-01,low
TR2479,Nagpur,Ajmer,600,136,464,57,Weekday,No,2025-06-06,low
TR2480,Nagpur,Kota,600,130,470,56,Weekday,No,2025-08-08,low
TR2481,Nagpur,Bikaner,600,159,441,36,Weekday,No,2024-05-02,low
TR2482,Nagpur,Alwar,600,107,493,38,Weekday,No,2024-12-25,low
TR2483,Nagpur,Varanasi,600,123,477,15,Weekday,No,2024-06-11,low
TR2484,Nagpur,Prayagraj,600,200,400,46,Weekday,No,2025-10-14,low
TR2485,Nagpur,Agra,600,200,400,35,Weekend,Yes,2024-07-14,low
TR2486,Nagpur,Meerut,600,119,481,2,Weekday,No,2024-04-15,low
TR2487,Nagpur,Bareilly,600,201,399,56,Weekday,No,2025-02-20,low
TR2488,Nagpur,Gorakhpur,600,191,409,51,Weekend,No,2025-10-04,low
TR2489,Nagpur,Mathura,600,241,359,4,Weekday,No,2025-10-31,medium
TR2490,Nagpur,Dehradun,600,196,404,25,Weekday,No,2024-03-11,low
TR2491,Nagpur,Haridwar,600,220,380,44,Weekday,No,2024-08-26,low
TR2492,Nagpur,Amritsar,600,192,408,44,Weekday,No,2024-04-22,low
TR2493,Nagpur,Ludhiana,600,216,384,10,Weekday,No,2024-08-13,low
TR2494,Nagpur,Jalandhar,600,107,493,2,Weekend,No,2025-01-25,low
TR2495,Nagpur,Patiala,600,163,437,59,Weekday,No,2024-07-24,low
TR2496,Nagpur,Chandigarh,600,167,433,53,Weekday,No,2024-02-19,low
TR2497,Nagpur,Jammu,600,157,443,44,Weekday,No,2025-01-07,low
TR2498,Nagpur,Srinagar,600,190,410,39,Weekday,No,2024-02-08,low
TR2499,Nagpur,Raipur,600,199,401,41,Weekday,No,2024-06-14,low
TR2500,Nagpur,Bilaspur,600,188,412,27,Weekday,No,2024-01-01,low
TR2501,Nagpur,Durg,600,160,440,41,Weekday,No,2024-03-04,low
TR2502,Nagpur,Jabalpur,600,134,466,18,Weekday,No,2024-11-14,low
TR2503,Nagpur,Gwalior,600,222,378,5,Weekend,No,2025-09-13,low
TR2504,Nagpur,Ujjain,600,186,414,18,Weekend,No,2025-07-20,low
TR2505,Nagpur,Rewa,600,120,480,17,Weekday,No,2024-03-13,low
TR2506,Nagpur,Dhanbad,600,160,440,18,Weekday,Yes,2024-01-26,low
TR2507,Nagpur,Asansol,600,90,510,28,Weekday,No,2024-09-04,low
TR2508,Nagpur,Jamshedpur,600,171,429,7,Weekday,No,2025-04-21,low
TR2509,Nagpur,Tatanagar,600,159,441,24,Weekend,No,2025-06-29,low
TR2510,Nagpur,Gaya,600,141,459,27,Weekend,No,2025-08-24,low
TR2511,Nagpur,Muzaffarpur,600,245,355,11,Weekend,No,2024-09-07,medium
TR2512,Nagpur,Bhagalpur,600,113,487,27,Weekday,No,2024-05-02,low
TR2513,Nagpur,Siliguri,600,203,397,40,Weekend,No,2024-01-20,low
TR2514,Nagpur,New Jalpaiguri,600,274,326,24,Weekday,No,2024-04-17,medium
TR2515,Nagpur,Durgapur,600,221,379,0,Weekend,No,2024-02-17,low
TR2516,Nagpur,Howrah,600,167,433,42,Weekend,No,2025-09-21,low
TR2517,Nagpur,Malda,600,115,485,34,Weekday,Yes,2024-07-15,low
TR2518,Nagpur,Panaji,600,104,496,25,Weekend,No,2025-08-24,low
TR2519,Indore,Delhi,600,149,451,1,Weekend,No,2025-02-08,low
TR2520,Indore,New Delhi,600,136,464,5,Weekday,No,2025-01-28,low
TR2521,Indore,Mumbai,600,134,466,4,Weekday,No,2024-11-28,low
TR2522,Indore,Chennai,600,153,447,51,Weekday,No,2025-08-21,low
TR2523,Indore,Kolkata,600,164,436,18,Weekday,No,2024-02-01,low
TR2524,Indore,Bangalore,600,192,408,25,Weekday,No,2024-03-08,low
TR2525,Indore,Hyderabad,600,110,490,41,Weekday,No,2024-11-05,low
TR2526,Indore,Pune,600,136,464,39,Weekday,No,2024-10-15,low
TR2527,Indore,Ahmedabad,600,161,439,3,Weekend,No,2025-02-02,low
TR2528,Indore,Jaipur,600,160,440,55,Weekday,No,2025-06-23,low
TR2529,Indore,Surat,600,257,343,15,Weekday,No,2025-03-05,medium
TR2530,Indore,Lucknow,600,180,420,46,Weekend,No,2024-07-07,low
TR2531,Indore,Kanpur,600,91,509,49,Weekday,No,2024-08-27,low
TR2532,Indore,Nagpur,600,189,411,32,Weekday,No,2025-07-03,low
TR2533,Indore,Bhopal,600,195,405,9,Weekday,No,2024-05-27,low
TR2534,Indore,Patna,600,163,437,32,Weekday,No,2025-01-03,low
TR2535,Indore,Ranchi,600,111,489,14,Weekday,No,2025-01-28,low
TR2536,Indore,Bhubaneswar,600,253,347,50,Weekday,No,2025-07-02,medium
TR2537,Indore,Cuttack,600,118,482,45,Weekday,No,2025-06-06,low
TR2538,Indore,Puri,600,201,399,49,Weekday,No,2024-12-05,low
TR2539,Indore,Rourkela,600,179,421,49,Weekday,No,2024-08-13,low
TR2540,Indore,Sambalpur,600,198,402,10,Weekday,No,2024-09-25,low
TR2541,Indore,Guwahati,600,251,349,1,Weekend,No,2024-10-27,medium
TR2542,Indore,Dibrugarh,600,196,404,37,Weekend,No,2024-06-09,low
TR2543,Indore,Agartala,600,142,458,36,Weekday,No,2025-04-02,low
TR2544,Indore,Silchar,600,222,378,51,Weekend,No,2024-06-01,low
TR2545,Indore,Visakhapatnam,600,139,461,38,Weekend,No,2025-04-19,low
TR2546,Indore,Vijayawada,600,177,423,48,Weekday,No,2025-07-03,low
TR2547,Indore,Guntur,600,107,493,20,Weekday,No,2025-12-04,low
TR2548,Indore,Tirupati,600,119,481,7,Weekday,No,2024-03-27,low
TR2549,Indore,Rajahmundry,600,171,429,2,Weekday,No,2025-07-09,low
TR2550,Indore,Warangal,600,187,413,26,Weekend,No,2024-03-03,low
TR2551,Indore,Nizamabad,600,90,510,0,Weekday,No,2024-09-03,low
TR2552,Indore,Coimbatore,600,193,407,31,Weekday,No,2024-05-08,low
TR2553,Indore,Madurai,600,130,470,24,Weekend,Yes,2024-04-28,low
TR2554,Indore,Trichy,600,230,370,15,Weekday,Yes,2024-05-08,low
TR2555,Indore,Salem,600,152,448,35,Weekday,No,2024-02-02,low
TR2556,Indore,Erode,600,115,485,40,Weekend,No,2025-08-24,low
TR2557,Indore,Tirunelveli,600,173,427,2,Weekday,No,2024-02-14,low
TR2558,Indore,Thoothukudi,600,125,475,28,Weekday,No,2024-10-18,low
TR2559,Indore,Vellore,600,230,370,56,Weekday,No,2025-05-26,low
TR2560,Indore,Kochi,600,169,431,17,Weekday,No,2025-12-24,low
TR2561,Indore,Thiruvananthapuram,600,162,438,46,Weekday,No,2025-09-16,low
TR2562,Indore,Kozhikode,600,197,403,20,Weekday,No,2024-04-10,low
TR2563,Indore,Thrissur,600,121,479,16,Weekday,No,2025-12-23,low
TR2564,Indore,Kollam,600,107,493,51,Weekday,No,2025-04-22,low
TR2565,Indore,Mysore,600,189,411,21,Weekend,Yes,2024-05-11,low
TR2566,Indore,Mangalore,600,116,484,51,Weekend,No,2024-11-24,low
TR2567,Indore,Hubli,600,116,484,39,Weekend,No,2025-11-01,low
TR2568,Indore,Belgaum,600,209,391,48,Weekday,No,2024-10-14,low
TR2569,Indore,Davangere,600,194,406,48,Weekday,No,2024-05-14,low
TR2570,Indore,Vadodara,600,109,491,54,Weekday,No,2025-10-01,low
TR2571,Indore,Rajkot,600,139,461,33,Weekday,No,2025-11-27,low
TR2572,Indore,Jamnagar,600,126,474,57,Weekend,No,2025-12-14,low
TR2573,Indore,Bhavnagar,600,254,346,3,Weekend,Yes,2025-11-29,medium
TR2574,Indore,Gandhinagar,600,212,388,29,Weekday,No,2025-09-30,low
TR2575,Indore,Nashik,600,149,451,23,Weekday,No,2024-11-28,low
TR2576,Indore,Aurangabad,600,197,403,5,Weekday,No,2024-05-20,low
TR2577,Indore,Kolhapur,600,104,496,52,Weekday,No,2025-03-27,low
TR2578,Indore,Solapur,600,137,463,48,Weekday,No,2024-06-10,low
TR2579,Indore,Thane,600,174,426,44,Weekday,No,2024-12-11,low
TR2580,Indore,Navi Mumbai,600,191,409,38,Weekday,No,2025-04-24,low
TR2581,Indore,Amravati,600,164,436,36,Weekend,No,2025-11-22,low
TR2582,Indore,Jodhpur,600,181,419,22,Weekday,No,2024-07-30,low
TR2583,Indore,Udaipur,600,173,427,41,Weekday,No,2024-07-03,low
TR2584,Indore,Ajmer,600,161,439,58,Weekend,No,2025-06-21,low
TR2585,Indore,Kota,600,155,445,15,Weekday,Yes,2024-01-05,low
TR2586,Indore,Bikaner,600,148,452,20,Weekday,Yes,2025-02-18,low
TR2587,Indore,Alwar,600,180,420,6,Weekend,No,2025-06-29,low
TR2588,Indore,Varanasi,600,189,411,54,Weekday,No,2025-02-06,low
TR2589,Indore,Prayagraj,600,178,422,31,Weekday,No,2024-10-07,low
TR2590,Indore,Agra,600,112,488,35,Weekday,No,2025-08-28,low
TR2591,Indore,Meerut,600,121,479,15,Weekend,No,2024-09-28,low
TR2592,Indore,Bareilly,600,188,412,2,Weekday,No,2025-06-03,low
TR2593,Indore,Gorakhpur,600,240,360,48,Weekday,No,2024-12-05,low
TR2594,Indore,Mathura,600,176,424,51,Weekend,Yes,2024-01-20,low
TR2595,Indore,Dehradun,600,149,451,20,Weekday,No,2025-01-22,low
TR2596,Indore,Haridwar,600,180,420,45,Weekday,No,2024-02-06,low
TR2597,Indore,Amritsar,600,114,486,34,Weekday,No,2025-11-11,low
TR2598,Indore,Ludhiana,600,232,368,38,Weekend,No,2025-03-15,low
TR2599,Indore,Jalandhar,600,178,422,10,Weekend,No,2024-09-28,low
TR2600,Indore,Patiala,600,137,463,36,Weekend,No,2024-12-21,low
TR2601,Indore,Chandigarh,600,161,439,9,Weekday,No,2025-03-28,low
TR2602,Indore,Jammu,600,144,456,13,Weekday,No,2024-07-09,low
TR2603,Indore,Srinagar,600,232,368,21,Weekday,No,2024-07-29,low
TR2604,Indore,Raipur,600,159,441,12,Weekend,No,2024-11-02,low
TR2605,Indore,Bilaspur,600,176,424,54,Weekday,No,2024-07-08,low
TR2606,Indore,Durg,600,196,404,1,Weekday,No,2025-07-08,low
TR2607,Indore,Jabalpur,600,133,467,54,Weekend,Yes,2024-03-16,low
TR2608,Indore,Gwalior,600,178,422,9,Weekday,No,2025-08-27,low
TR2609,Indore,Ujjain,600,182,418,52,Weekday,No,2024-09-11,low
TR2610,Indore,Rewa,600,94,506,20,Weekday,No,2025-02-14,low
TR2611,Indore,Dhanbad,600,181,419,55,Weekday,No,2024-04-25,low
TR2612,Indore,Asansol,600,167,433,32,Weekday,No,2024-10-08,low
TR2613,Indore,Jamshedpur,600,175,425,29,Weekend,No,2025-07-05,low
TR2614,Indore,Tatanagar,600,171,429,7,Weekday,No,2024-07-16,low
TR2615,Indore,Gaya,600,181,419,26,Weekend,No,2024-04-06,low
TR2616,Indore,Muzaffarpur,600,233,367,33,Weekday,No,2025-01-16,low
TR2617,Indore,Bhagalpur,600,112,488,59,Weekend,No,2024-04-28,low
TR2618,Indore,Siliguri,600,153,447,15,Weekend,No,2024-08-18,low
TR2619,Indore,New Jalpaiguri,600,201,399,4,Weekday,No,2024-11-25,low
TR2620,Indore,Durgapur,600,192,408,15,Weekend,No,2025-02-16,low
TR2621,Indore,Howrah,600,191,409,14,Weekend,No,2025-04-12,low
TR2622,Indore,Malda,600,301,299,56,Weekday,No,2025-05-09,medium
TR2623,Indore,Panaji,600,198,402,9,Weekday,No,2025-09-09,low
TR2624,Bhopal,Delhi,600,223,377,59,Weekend,Yes,2024-02-18,low
TR2625,Bhopal,New Delhi,600,154,446,6,Weekend,No,2024-09-21,low
TR2626,Bhopal,Mumbai,600,121,479,48,Weekday,No,2024-01-01,low
TR2627,Bhopal,Chennai,600,154,446,24,Weekend,No,2024-01-07,low
TR2628,Bhopal,Kolkata,600,203,397,3,Weekday,No,2024-06-04,low
TR2629,Bhopal,Bangalore,600,188,412,36,Weekday,No,2025-03-13,low
TR2630,Bhopal,Hyderabad,600,188,412,43,Weekday,No,2025-10-15,low
TR2631,Bhopal,Pune,600,159,441,50,Weekend,No,2025-07-19,low
TR2632,Bhopal,Ahmedabad,600,151,449,10,Weekday,No,2025-04-17,low
TR2633,Bhopal,Jaipur,600,160,440,37,Weekday,No,2025-07-22,low
TR2634,Bhopal,Surat,600,204,396,34,Weekend,No,2024-05-05,low
TR2635,Bhopal,Lucknow,600,209,391,26,Weekday,No,2025-09-05,low
TR2636,Bhopal,Kanpur,600,121,479,53,Weekend,No,2025-10-12,low
TR2637,Bhopal,Nagpur,600,206,394,25,Weekend,No,2024-03-10,low
TR2638,Bhopal,Indore,600,138,462,22,Weekday,No,2024-12-09,low
TR2639,Bhopal,Patna,600,191,409,31,Weekday,No,2025-08-29,low
TR2640,Bhopal,Ranchi,600,160,440,55,Weekend,No,2024-12-14,low
TR2641,Bhopal,Bhubaneswar,600,244,356,52,Weekend,No,2025-09-06,medium
TR2642,Bhopal,Cuttack,600,149,451,42,Weekday,No,2025-11-14,low
TR2643,Bhopal,Puri,600,178,422,4,Weekday,No,2024-12-12,low
TR2644,Bhopal,Rourkela,600,198,402,18,Weekday,No,2024-02-13,low
TR2645,Bhopal,Sambalpur,600,127,473,0,Weekday,No,2024-09-05,low
TR2646,Bhopal,Guwahati,600,165,435,5,Weekday,No,2024-06-06,low
TR2647,Bhopal,Dibrugarh,600,156,444,49,Weekday,No,2024-12-12,low
TR2648,Bhopal,Agartala,600,144,456,48,Weekday,Yes,2025-03-04,low
TR2649,Bhopal,Silchar,600,148,452,6,Weekday,No,2024-12-05,low
TR2650,Bhopal,Visakhapatnam,600,222,378,27,Weekday,No,2024-05-22,low
TR2651,Bhopal,Vijayawada,600,140,460,16,Weekday,No,2024-08-08,low
TR2652,Bhopal,Guntur,600,196,404,4,Weekend,No,2025-05-11,low
TR2653,Bhopal,Tirupati,600,184,416,22,Weekend,No,2024-01-20,low
TR2654,Bhopal,Rajahmundry,600,102,498,6,Weekday,No,2024-06-05,low
TR2655,Bhopal,Warangal,600,194,406,44,Weekday,No,2025-10-14,low
TR2656,Bhopal,Nizamabad,600,101,499,58,Weekday,No,2024-03-13,low
TR2657,Bhopal,Coimbatore,600,199,401,25,Weekday,No,2024-10-30,low
TR2658,Bhopal,Madurai,600,145,455,14,Weekday,No,2024-05-31,low
TR2659,Bhopal,Trichy,600,169,431,29,Weekend,No,2024-03-17,low
TR2660,Bhopal,Salem,600,107,493,57,Weekday,No,2024-11-05,low
TR2661,Bhopal,Erode,600,175,425,9,Weekday,No,2025-01-16,low
TR2662,Bhopal,Tirunelveli,600,213,387,40,Weekday,No,2024-05-08,low
TR2663,Bhopal,Thoothukudi,600,130,470,5,Weekday,No,2024-02-26,low
TR2664,Bhopal,Vellore,600,140,460,18,Weekday,No,2024-04-08,low
TR2665,Bhopal,Kochi,600,191,409,26,Weekday,No,2025-04-21,low
TR2666,Bhopal,Thiruvananthapuram,600,192,408,23,Weekend,No,2025-09-20,low
TR2667,Bhopal,Kozhikode,600,90,510,10,Weekend,No,2024-05-11,low
TR2668,Bhopal,Thrissur,600,266,334,46,Weekday,No,2024-08-22,medium
TR2669,Bhopal,Kollam,600,194,406,40,Weekend,No,2024-09-08,low
TR2670,Bhopal,Mysore,600,202,398,26,Weekday,No,2024-09-20,low
TR2671,Bhopal,Mangalore,600,162,438,25,Weekday,No,2024-06-27,low
TR2672,Bhopal,Hubli,600,90,510,4,Weekend,No,2024-02-10,low
TR2673,Bhopal,Belgaum,600,201,399,39,Weekend,No,2025-01-18,low
TR2674,Bhopal,Davangere,600,142,458,13,Weekday,No,2024-09-18,low
TR2675,Bhopal,Vadodara,600,195,405,18,Weekend,No,2024-09-07,low
TR2676,Bhopal,Rajkot,600,158,442,51,Weekday,No,2024-07-12,low
TR2677,Bhopal,Jamnagar,600,180,420,38,Weekday,No,2025-11-10,low
TR2678,Bhopal,Bhavnagar,600,132,468,41,Weekend,Yes,2025-03-22,low
TR2679,Bhopal,Gandhinagar,600,210,390,15,Weekend,No,2024-11-02,low
TR2680,Bhopal,Nashik,600,112,488,30,Weekday,No,2024-05-30,low
TR2681,Bhopal,Aurangabad,600,277,323,0,Weekday,No,2025-08-08,medium
TR2682,Bhopal,Kolhapur,600,276,324,14,Weekend,Yes,2025-10-11,medium
TR2683,Bhopal,Solapur,600,247,353,48,Weekday,No,2024-01-24,medium
TR2684,Bhopal,Thane,600,230,370,28,Weekday,No,2025-11-10,low
TR2685,Bhopal,Navi Mumbai,600,165,435,38,Weekday,No,2025-05-26,low
TR2686,Bhopal,Amravati,600,225,375,47,Weekday,No,2024-03-13,low
TR2687,Bhopal,Jodhpur,600,164,436,56,Weekday,No,2025-07-04,low
TR2688,Bhopal,Udaipur,600,94,506,4,Weekday,No,2024-03-19,low
TR2689,Bhopal,Ajmer,600,241,359,34,Weekday,No,2024-02-07,medium
TR2690,Bhopal,Kota,600,223,377,59,Weekday,No,2024-03-25,low
TR2691,Bhopal,Bikaner,600,167,433,11,Weekday,No,2024-12-02,low
TR2692,Bhopal,Alwar,600,110,490,51,Weekday,No,2025-03-28,low
TR2693,Bhopal,Varanasi,600,141,459,34,Weekday,No,2024-10-24,low
TR2694,Bhopal,Prayagraj,600,90,510,19,Weekend,No,2024-03-30,low
TR2695,Bhopal,Agra,600,214,386,46,Weekend,No,2024-05-25,low
TR2696,Bhopal,Meerut,600,92,508,52,Weekday,No,2025-09-15,low
TR2697,Bhopal,Bareilly,600,183,417,8,Weekday,No,2025-12-04,low
TR2698,Bhopal,Gorakhpur,600,128,472,40,Weekend,No,2025-07-05,low
TR2699,Bhopal,Mathura,600,100,500,56,Weekend,Yes,2024-03-16,low
TR2700,Bhopal,Dehradun,600,180,420,39,Weekday,No,2025-08-22,low
TR2701,Bhopal,Haridwar,600,153,447,32,Weekday,No,2025-05-20,low
TR2702,Bhopal,Amritsar,600,209,391,8,Weekend,No,2025-01-19,low
TR2703,Bhopal,Ludhiana,600,108,492,27,Weekend,Yes,2024-04-14,low
TR2704,Bhopal,Jalandhar,600,133,467,54,Weekday,No,2025-12-29,low
TR2705,Bhopal,Patiala,600,90,510,47,Weekday,No,2024-11-19,low
TR2706,Bhopal,Chandigarh,600,90,510,27,Weekday,No,2024-02-02,low
TR2707,Bhopal,Jammu,600,255,345,18,Weekend,No,2024-06-02,medium
TR2708,Bhopal,Srinagar,600,269,331,48,Weekend,No,2024-10-20,medium
TR2709,Bhopal,Raipur,600,173,427,58,Weekday,No,2024-02-15,low
TR2710,Bhopal,Bilaspur,600,129,471,17,Weekend,No,2024-08-24,low
TR2711,Bhopal,Durg,600,155,445,48,Weekend,No,2024-12-08,low
TR2712,Bhopal,Jabalpur,600,211,389,18,Weekday,No,2025-11-24,low
TR2713,Bhopal,Gwalior,600,144,456,49,Weekday,No,2024-03-04,low
TR2714,Bhopal,Ujjain,600,180,420,57,Weekday,No,2025-02-25,low
TR2715,Bhopal,Rewa,600,168,432,39,Weekday,No,2025-10-31,low
TR2716,Bhopal,Dhanbad,600,142,458,29,Weekday,No,2025-08-12,low
TR2717,Bhopal,Asansol,600,144,456,18,Weekday,No,2025-11-07,low
TR2718,Bhopal,Jamshedpur,600,183,417,3,Weekend,No,2024-05-04,low
TR2719,Bhopal,Tatanagar,600,122,478,3,Weekday,No,2025-08-08,low
TR2720,Bhopal,Gaya,600,191,409,50,Weekday,No,2025-12-16,low
TR2721,Bhopal,Muzaffarpur,600,146,454,39,Weekday,Yes,2024-08-26,low
TR2722,Bhopal,Bhagalpur,600,175,425,13,Weekday,No,2024-12-30,low
TR2723,Bhopal,Siliguri,600,235,365,33,Weekday,No,2025-01-23,low
TR2724,Bhopal,New Jalpaiguri,600,161,439,52,Weekday,Yes,2024-12-26,low
TR2725,Bhopal,Durgapur,600,213,387,38,Weekday,No,2024-07-30,low
TR2726,Bhopal,Howrah,600,90,510,54,Weekday,No,2025-12-10,low
TR2727,Bhopal,Malda,600,146,454,7,Weekend,No,2025-11-30,low
TR2728,Bhopal,Panaji,600,170,430,4,Weekend,No,2024-10-05,low
TR2729,Patna,Delhi,600,261,339,39,Weekday,No,2025-08-11,medium
TR2730,Patna,New Delhi,600,90,510,34,Weekday,Yes,2024-10-17,low
TR2731,Patna,Mumbai,600,164,436,41,Weekday,No,2025-08-04,low
TR2732,Patna,Chennai,600,239,361,58,Weekday,No,2025-03-03,low
TR2733,Patna,Kolkata,600,131,469,6,Weekday,No,2024-12-09,low
TR2734,Patna,Bangalore,600,159,441,55,Weekday,No,2024-04-03,low
TR2735,Patna,Hyderabad,600,185,415,3,Weekday,No,2025-04-23,low
TR2736,Patna,Pune,600,178,422,31,Weekday,No,2024-08-22,low
TR2737,Patna,Ahmedabad,600,244,356,49,Weekday,No,2024-06-07,medium
TR2738,Patna,Jaipur,600,190,410,40,Weekday,No,2024-05-21,low
TR2739,Patna,Surat,600,233,367,13,Weekday,No,2025-12-18,low
TR2740,Patna,Lucknow,600,152,448,36,Weekend,No,2024-03-16,low
TR2741,Patna,Kanpur,600,133,467,54,Weekday,No,2025-08-06,low
TR2742,Patna,Nagpur,600,158,442,12,Weekday,No,2025-09-25,low
TR2743,Patna,Indore,600,113,487,56,Weekday,No,2024-01-23,low
TR2744,Patna,Bhopal,600,192,408,39,Weekday,No,2025-03-06,low
TR2745,Patna,Ranchi,600,150,450,5,Weekday,No,2025-02-26,low
TR2746,Patna,Bhubaneswar,600,137,463,19,Weekday,No,2024-09-19,low
TR2747,Patna,Cuttack,600,193,407,51,Weekday,No,2025-05-02,low
TR2748,Patna,Puri,600,114,486,20,Weekday,No,2024-10-25,low
TR2749,Patna,Rourkela,600,206,394,56,Weekend,No,2024-11-17,low
TR2750,Patna,Sambalpur,600,146,454,25,Weekday,No,2024-11-11,low
TR2751,Patna,Guwahati,600,225,375,20,Weekday,No,2025-08-08,low
TR2752,Patna,Dibrugarh,600,150,450,51,Weekday,No,2025-04-07,low
TR2753,Patna,Agartala,600,199,401,47,Weekday,No,2024-10-04,low
TR2754,Patna,Silchar,600,178,422,14,Weekend,No,2025-11-08,low
TR2755,Patna,Visakhapatnam,600,205,395,46,Weekend,No,2025-08-09,low
TR2756,Patna,Vijayawada,600,174,426,15,Weekday,No,2025-11-12,low
TR2757,Patna,Guntur,600,90,510,53,Weekday,No,2025-06-17,low
TR2758,Patna,Tirupati,600,217,383,0,Weekend,No,2024-10-13,low
TR2759,Patna,Rajahmundry,600,165,435,39,Weekend,No,2025-07-19,low
TR2760,Patna,Warangal,600,207,393,9,Weekday,No,2024-08-28,low
TR2761,Patna,Nizamabad,600,202,398,40,Weekday,No,2024-07-17,low
TR2762,Patna,Coimbatore,600,132,468,58,Weekday,No,2024-11-25,low
TR2763,Patna,Madurai,600,125,475,40,Weekday,No,2025-12-09,low
TR2764,Patna,Trichy,600,200,400,26,Weekday,No,2025-02-19,low
TR2765,Patna,Salem,600,154,446,49,Weekday,No,2024-10-07,low
TR2766,Patna,Erode,600,214,386,11,Weekday,No,2024-12-03,low
TR2767,Patna,Tirunelveli,600,160,440,32,Weekday,No,2024-07-31,low
TR2768,Patna,Thoothukudi,600,218,382,57,Weekend,Yes,2025-04-26,low
TR2769,Patna,Vellore,600,189,411,21,Weekday,No,2024-09-13,low
TR2770,Patna,Kochi,600,183,417,1,Weekend,Yes,2025-02-09,low
TR2771,Patna,Thiruvananthapuram,600,151,449,26,Weekday,No,2024-09-27,low
TR2772,Patna,Kozhikode,600,180,420,29,Weekday,No,2024-08-22,low
TR2773,Patna,Thrissur,600,226,374,48,Weekday,No,2025-12-10,low
TR2774,Patna,Kollam,600,166,434,48,Weekday,No,2024-09-09,low
TR2775,Patna,Mysore,600,194,406,20,Weekday,No,2024-02-21,low
TR2776,Patna,Mangalore,600,171,429,46,Weekday,No,2024-10-03,low
TR2777,Patna,Hubli,600,175,425,8,Weekday,No,2025-01-23,low
TR2778,Patna,Belgaum,600,252,348,11,Weekend,No,2024-03-10,medium
TR2779,Patna,Davangere,600,227,373,36,Weekend,Yes,2024-08-11,low
TR2780,Patna,Vadodara,600,173,427,42,Weekday,No,2024-05-01,low
TR2781,Patna,Rajkot,600,179,421,48,Weekday,No,2024-12-31,low
TR2782,Patna,Jamnagar,600,135,465,37,Weekday,No,2025-06-12,low
TR2783,Patna,Bhavnagar,600,161,439,7,Weekday,No,2025-12-08,low
TR2784,Patna,Gandhinagar,600,184,416,40,Weekday,Yes,2024-10-11,low
TR2785,Patna,Nashik,600,210,390,25,Weekday,No,2025-09-23,low
TR2786,Patna,Aurangabad,600,205,395,15,Weekday,No,2024-06-05,low
TR2787,Patna,Kolhapur,600,116,484,20,Weekday,Yes,2025-07-24,low
TR2788,Patna,Solapur,600,216,384,48,Weekend,No,2025-02-15,low
TR2789,Patna,Thane,600,165,435,10,Weekday,No,2025-07-08,low
TR2790,Patna,Navi Mumbai,600,122,478,33,Weekend,No,2025-07-06,low
TR2791,Patna,Amravati,600,233,367,4,Weekday,No,2025-01-24,low
TR2792,Patna,Jodhpur,600,239,361,43,Weekend,No,2024-07-07,low
TR2793,Patna,Udaipur,600,182,418,8,Weekend,No,2025-01-19,low
TR2794,Patna,Ajmer,600,203,397,56,Weekday,Yes,2025-08-27,low
TR2795,Patna,Kota,600,206,394,52,Weekday,Yes,2025-12-10,low
TR2796,Patna,Bikaner,600,236,364,51,Weekend,No,2025-11-09,low
TR2797,Patna,Alwar,600,204,396,20,Weekend,No,2024-05-12,low
TR2798,Patna,Varanasi,600,105,495,46,Weekday,No,2025-03-12,low
TR2799,Patna,Prayagraj,600,265,335,8,Weekend,Yes,2024-03-17,medium
TR2800,Patna,Agra,600,220,380,17,Weekend,No,2025-05-04,low
TR2801,Patna,Meerut,600,144,456,7,Weekday,No,2025-12-26,low
TR2802,Patna,Bareilly,600,120,480,3,Weekday,No,2024-02-08,low
TR2803,Patna,Gorakhpur,600,193,407,22,Weekday,No,2025-04-24,low
TR2804,Patna,Mathura,600,156,444,34,Weekend,No,2025-11-22,low
TR2805,Patna,Dehradun,600,185,415,51,Weekday,No,2025-09-11,low
TR2806,Patna,Haridwar,600,205,395,2,Weekend,No,2024-10-13,low
TR2807,Patna,Amritsar,600,142,458,24,Weekend,No,2024-03-16,low
TR2808,Patna,Ludhiana,600,115,485,42,Weekday,No,2025-11-06,low
TR2809,Patna,Jalandhar,600,187,413,12,Weekday,No,2025-11-04,low
TR2810,Patna,Patiala,600,143,457,44,Weekday,No,2025-02-27,low
TR2811,Patna,Chandigarh,600,176,424,34,Weekday,No,2025-12-16,low
TR2812,Patna,Jammu,600,104,496,33,Weekday,No,2024-01-04,low
TR2813,Patna,Srinagar,600,157,443,7,Weekday,No,2025-03-26,low
TR2814,Patna,Raipur,600,203,397,10,Weekday,Yes,2024-01-29,low
TR2815,Patna,Bilaspur,600,198,402,52,Weekday,Yes,2025-11-14,low
TR2816,Patna,Durg,600,131,469,52,Weekday,No,2025-05-12,low
TR2817,Patna,Jabalpur,600,113,487,27,Weekday,No,2025-10-29,low
TR2818,Patna,Gwalior,600,170,430,35,Weekend,No,2025-02-15,low
TR2819,Patna,Ujjain,600,196,404,32,Weekday,No,2024-03-01,low
TR2820,Patna,Rewa,600,188,412,30,Weekend,No,2024-01-20,low
TR2821,Patna,Dhanbad,600,144,456,42,Weekday,No,2024-09-02,low
TR2822,Patna,Asansol,600,183,417,34,Weekday,No,2025-06-27,low
TR2823,Patna,Jamshedpur,600,241,359,7,Weekend,No,2024-04-20,medium
TR2824,Patna,Tatanagar,600,179,421,4,Weekend,No,2025-09-14,low
TR2825,Patna,Gaya,600,91,509,51,Weekday,No,2024-06-24,low
TR2826,Patna,Muzaffarpur,600,179,421,44,Weekend,No,2024-12-28,low
TR2827,Patna,Bhagalpur,600,267,333,11,Weekday,No,2024-05-28,medium
TR2828,Patna,Siliguri,600,107,493,3,Weekday,No,2024-12-06,low
TR2829,Patna,New Jalpaiguri,600,170,430,13,Weekday,No,2024-11-26,low
TR2830,Patna,Durgapur,600,158,442,34,Weekday,No,2024-01-05,low
TR2831,Patna,Howrah,600,174,426,35,Weekday,No,2025-02-19,low
TR2832,Patna,Malda,600,178,422,10,Weekday,No,2025-07-29,low
TR2833,Patna,Panaji,600,224,376,10,Weekend,Yes,2025-11-15,low
TR2834,Ranchi,Delhi,600,173,427,12,Weekday,No,2024-08-29,low
TR2835,Ranchi,New Delhi,600,230,370,26,Weekend,No,2025-10-05,low
TR2836,Ranchi,Mumbai,600,163,437,13,Weekend,Yes,2025-10-04,low
TR2837,Ranchi,Chennai,600,152,448,27,Weekday,No,2025-12-23,low
TR2838,Ranchi,Kolkata,600,137,463,0,Weekend,No,2024-09-29,low
TR2839,Ranchi,Bangalore,600,90,510,56,Weekend,No,2025-09-14,low
TR2840,Ranchi,Hyderabad,600,182,418,53,Weekday,No,2025-02-17,low
TR2841,Ranchi,Pune,600,268,332,20,Weekday,No,2024-02-12,medium
TR2842,Ranchi,Ahmedabad,600,191,409,48,Weekday,No,2024-07-16,low
TR2843,Ranchi,Jaipur,600,202,398,32,Weekday,No,2025-05-06,low
TR2844,Ranchi,Surat,600,149,451,1,Weekend,No,2024-04-27,low
TR2845,Ranchi,Lucknow,600,157,443,17,Weekday,No,2024-11-13,low
TR2846,Ranchi,Kanpur,600,216,384,3,Weekend,No,2025-07-20,low
TR2847,Ranchi,Nagpur,600,265,335,42,Weekday,No,2024-04-19,medium
TR2848,Ranchi,Indore,600,240,360,46,Weekend,No,2024-12-29,medium
TR2849,Ranchi,Bhopal,600,208,392,37,Weekday,No,2024-06-06,low
TR2850,Ranchi,Patna,600,171,429,0,Weekday,No,2025-01-27,low
TR2851,Ranchi,Bhubaneswar,600,179,421,14,Weekday,No,2024-06-24,low
TR2852,Ranchi,Cuttack,600,133,467,28,Weekend,Yes,2025-12-06,low
TR2853,Ranchi,Puri,600,99,501,8,Weekday,No,2024-02-26,low
TR2854,Ranchi,Rourkela,600,115,485,6,Weekday,No,2025-12-05,low
TR2855,Ranchi,Sambalpur,600,171,429,18,Weekday,No,2025-08-01,low
TR2856,Ranchi,Guwahati,600,155,445,35,Weekday,No,2025-09-17,low
TR2857,Ranchi,Dibrugarh,600,98,502,5,Weekend,No,2025-09-14,low
TR2858,Ranchi,Agartala,600,167,433,59,Weekday,No,2024-05-17,low
TR2859,Ranchi,Silchar,600,154,446,27,Weekday,No,2025-11-11,low
TR2860,Ranchi,Visakhapatnam,600,113,487,10,Weekday,No,2025-03-10,low
TR2861,Ranchi,Vijayawada,600,151,449,1,Weekday,Yes,2025-12-04,low
TR2862,Ranchi,Guntur,600,154,446,57,Weekday,No,2025-10-03,low
TR2863,Ranchi,Tirupati,600,139,461,35,Weekday,No,2025-02-27,low
TR2864,Ranchi,Rajahmundry,600,213,387,51,Weekday,No,2024-09-30,low
TR2865,Ranchi,Warangal,600,90,510,46,Weekday,No,2024-03-26,low
TR2866,Ranchi,Nizamabad,600,90,510,59,Weekday,No,2024-03-14,low
TR2867,Ranchi,Coimbatore,600,169,431,53,Weekday,No,2024-10-11,low
TR2868,Ranchi,Madurai,600,174,426,45,Weekday,No,2025-08-15,low
TR2869,Ranchi,Trichy,600,188,412,51,Weekend,No,2025-01-04,low
TR2870,Ranchi,Salem,600,143,457,51,Weekday,No,2024-12-18,low
TR2871,Ranchi,Erode,600,125,475,15,Weekday,No,2024-06-27,low
TR2872,Ranchi,Tirunelveli,600,169,431,35,Weekend,No,2025-02-16,low
TR2873,Ranchi,Thoothukudi,600,148,452,59,Weekday,Yes,2025-04-11,low
TR2874,Ranchi,Vellore,600,243,357,52,Weekday,No,2025-12-18,medium
TR2875,Ranchi,Kochi,600,153,447,6,Weekday,No,2025-06-17,low
TR2876,Ranchi,Thiruvananthapuram,600,166,434,6,Weekday,No,2025-03-19,low
TR2877,Ranchi,Kozhikode,600,288,312,12,Weekday,No,2025-10-27,medium
TR2878,Ranchi,Thrissur,600,160,440,44,Weekday,No,2024-11-06,low
TR2879,Ranchi,Kollam,600,196,404,23,Weekday,Yes,2025-11-14,low
TR2880,Ranchi,Mysore,600,200,400,37,Weekday,No,2024-09-27,low
TR2881,Ranchi,Mangalore,600,204,396,8,Weekday,No,2024-04-03,low
TR2882,Ranchi,Hubli,600,183,417,3,Weekday,No,2024-11-01,low
TR2883,Ranchi,Belgaum,600,178,422,46,Weekday,No,2024-04-04,low
TR2884,Ranchi,Davangere,600,174,426,17,Weekday,Yes,2024-03-27,low
TR2885,Ranchi,Vadodara,600,141,459,2,Weekday,No,2025-10-06,low
TR2886,Ranchi,Rajkot,600,185,415,12,Weekend,Yes,2025-08-03,low
TR2887,Ranchi,Jamnagar,600,266,334,19,Weekday,No,2024-06-10,medium
TR2888,Ranchi,Bhavnagar,600,227,373,24,Weekday,No,2025-09-04,low
TR2889,Ranchi,Gandhinagar,600,184,416,53,Weekday,No,2024-02-20,low
TR2890,Ranchi,Nashik,600,210,390,11,Weekday,No,2024-07-26,low
TR2891,Ranchi,Aurangabad,600,127,473,36,Weekend,No,2025-05-31,low
TR2892,Ranchi,Kolhapur,600,156,444,16,Weekend,No,2024-08-10,low
TR2893,Ranchi,Solapur,600,214,386,29,Weekday,No,2025-06-17,low
TR2894,Ranchi,Thane,600,240,360,17,Weekday,No,2025-10-01,medium
TR2895,Ranchi,Navi Mumbai,600,132,468,20,Weekend,No,2024-02-18,low
TR2896,Ranchi,Amravati,600,146,454,35,Weekday,No,2024-01-18,low
TR2897,Ranchi,Jodhpur,600,274,326,35,Weekday,No,2025-11-18,medium
TR2898,Ranchi,Udaipur,600,174,426,8,Weekday,No,2025-01-15,low
TR2899,Ranchi,Ajmer,600,256,344,9,Weekend,No,2025-01-05,medium
TR2900,Ranchi,Kota,600,179,421,14,Weekday,No,2024-12-04,low
TR2901,Ranchi,Bikaner,600,181,419,53,Weekday,No,2024-11-12,low
TR2902,Ranchi,Alwar,600,154,446,19,Weekday,No,2025-05-19,low
TR2903,Ranchi,Varanasi,600,214,386,34,Weekday,No,2025-02-27,low
TR2904,Ranchi,Prayagraj,600,234,366,26,Weekday,No,2024-04-29,low
TR2905,Ranchi,Agra,600,119,481,21,Weekday,No,2025-04-03,low
TR2906,Ranchi,Meerut,600,152,448,2,Weekend,Yes,2025-05-03,low
TR2907,Ranchi,Bareilly,600,213,387,26,Weekend,No,2024-03-24,low
TR2908,Ranchi,Gorakhpur,600,163,437,59,Weekday,No,2024-10-02,low
TR2909,Ranchi,Mathura,600,145,455,56,Weekday,Yes,2025-07-31,low
TR2910,Ranchi,Dehradun,600,217,383,18,Weekday,No,2025-03-28,low
TR2911,Ranchi,Haridwar,600,222,378,31,Weekday,No,2024-04-09,low
TR2912,Ranchi,Amritsar,600,147,453,17,Weekday,No,2024-01-30,low
TR2913,Ranchi,Ludhiana,600,179,421,55,Weekday,No,2025-02-28,low
TR2914,Ranchi,Jalandhar,600,111,489,33,Weekday,No,2024-12-03,low
TR2915,Ranchi,Patiala,600,126,474,55,Weekday,No,2025-12-03,low
TR2916,Ranchi,Chandigarh,600,175,425,51,Weekday,No,2025-01-16,low
TR2917,Ranchi,Jammu,600,170,430,19,Weekday,No,2025-11-11,low
TR2918,Ranchi,Srinagar,600,123,477,27,Weekday,No,2024-06-05,low
TR2919,Ranchi,Raipur,600,135,465,34,Weekend,No,2024-11-23,low
TR2920,Ranchi,Bilaspur,600,118,482,14,Weekday,No,2024-04-12,low
TR2921,Ranchi,Durg,600,191,409,49,Weekend,No,2025-02-23,low
TR2922,Ranchi,Jabalpur,600,90,510,33,Weekday,No,2024-05-17,low
TR2923,Ranchi,Gwalior,600,120,480,12,Weekday,No,2024-12-25,low
TR2924,Ranchi,Ujjain,600,90,510,28,Weekend,No,2024-09-08,low
TR2925,Ranchi,Rewa,600,189,411,49,Weekday,No,2024-05-15,low
TR2926,Ranchi,Dhanbad,600,90,510,25,Weekday,No,2024-03-11,low
TR2927,Ranchi,Asansol,600,170,430,42,Weekday,No,2025-01-09,low
TR2928,Ranchi,Jamshedpur,600,248,352,59,Weekend,No,2025-11-23,medium
TR2929,Ranchi,Tatanagar,600,249,351,20,Weekend,No,2024-05-25,medium
TR2930,Ranchi,Gaya,600,90,510,59,Weekday,No,2024-10-23,low
TR2931,Ranchi,Muzaffarpur,600,183,417,24,Weekday,No,2024-06-13,low
TR2932,Ranchi,Bhagalpur,600,121,479,33,Weekday,No,2025-08-14,low
TR2933,Ranchi,Siliguri,600,112,488,46,Weekday,No,2024-10-30,low
TR2934,Ranchi,New Jalpaiguri,600,164,436,4,Weekend,No,2025-12-13,low
TR2935,Ranchi,Durgapur,600,228,372,42,Weekday,Yes,2024-06-28,low
TR2936,Ranchi,Howrah,600,198,402,34,Weekday,No,2024-02-29,low
TR2937,Ranchi,Malda,600,135,465,39,Weekend,No,2025-03-01,low
TR2938,Ranchi,Panaji,600,203,397,57,Weekday,No,2025-04-21,low
TR2939,Bhubaneswar,Delhi,600,90,510,29,Weekday,No,2025-12-25,low
TR2940,Bhubaneswar,New Delhi,600,133,467,55,Weekday,No,2025-09-29,low
TR2941,Bhubaneswar,Mumbai,600,129,471,34,Weekday,No,2025-10-08,low
TR2942,Bhubaneswar,Chennai,600,173,427,12,Weekday,No,2025-04-08,low
TR2943,Bhubaneswar,Kolkata,600,159,441,39,Weekday,No,2024-09-20,low
TR2944,Bhubaneswar,Bangalore,600,162,438,11,Weekend,No,2024-11-09,low
TR2945,Bhubaneswar,Hyderabad,600,161,439,53,Weekend,No,2024-04-07,low
TR2946,Bhubaneswar,Pune,600,170,430,9,Weekday,No,2024-11-11,low
TR2947,Bhubaneswar,Ahmedabad,600,195,405,29,Weekday,No,2024-09-23,low
TR2948,Bhubaneswar,Jaipur,600,176,424,49,Weekend,No,2024-01-27,low
TR2949,Bhubaneswar,Surat,600,155,445,0,Weekday,No,2024-05-29,low
TR2950,Bhubaneswar,Lucknow,600,188,412,29,Weekend,Yes,2025-01-25,low
TR2951,Bhubaneswar,Kanpur,600,209,391,30,Weekday,No,2024-09-26,low
TR2952,Bhubaneswar,Nagpur,600,142,458,20,Weekend,No,2025-12-27,low
TR2953,Bhubaneswar,Indore,600,166,434,40,Weekend,No,2024-12-15,low
TR2954,Bhubaneswar,Bhopal,600,225,375,19,Weekday,No,2025-12-01,low
TR2955,Bhubaneswar,Patna,600,116,484,22,Weekend,No,2025-04-27,low
TR2956,Bhubaneswar,Ranchi,600,256,344,16,Weekday,No,2024-01-30,medium
TR2957,Bhubaneswar,Cuttack,600,105,495,37,Weekday,No,2024-05-28,low
TR2958,Bhubaneswar,Puri,600,152,448,52,Weekday,No,2025-05-30,low
TR2959,Bhubaneswar,Rourkela,600,123,477,10,Weekend,No,2025-02-02,low
TR2960,Bhubaneswar,Sambalpur,600,274,326,24,Weekday,No,2024-08-08,medium
TR2961,Bhubaneswar,Guwahati,600,145,455,13,Weekday,No,2025-01-16,low
TR2962,Bhubaneswar,Dibrugarh,600,145,455,14,Weekday,Yes,2025-10-22,low
TR2963,Bhubaneswar,Agartala,600,151,449,58,Weekday,No,2024-10-11,low
TR2964,Bhubaneswar,Silchar,600,174,426,42,Weekday,No,2024-02-02,low
TR2965,Bhubaneswar,Visakhapatnam,600,153,447,56,Weekday,No,2024-08-15,low
TR2966,Bhubaneswar,Vijayawada,600,163,437,38,Weekend,No,2025-11-15,low
TR2967,Bhubaneswar,Guntur,600,90,510,39,Weekday,No,2025-07-10,low
TR2968,Bhubaneswar,Tirupati,600,172,428,42,Weekday,Yes,2025-09-04,low
TR2969,Bhubaneswar,Rajahmundry,600,170,430,39,Weekday,No,2025-10-28,low
TR2970,Bhubaneswar,Warangal,600,219,381,49,Weekday,No,2024-03-26,low
TR2971,Bhubaneswar,Nizamabad,600,232,368,19,Weekday,No,2024-07-25,low
TR2972,Bhubaneswar,Coimbatore,600,160,440,6,Weekday,No,2024-02-13,low
TR2973,Bhubaneswar,Madurai,600,208,392,29,Weekday,No,2024-01-04,low
TR2974,Bhubaneswar,Trichy,600,116,484,0,Weekday,No,2025-09-02,low
TR2975,Bhubaneswar,Salem,600,206,394,2,Weekend,No,2025-11-15,low
TR2976,Bhubaneswar,Erode,600,141,459,3,Weekday,No,2024-04-23,low
TR2977,Bhubaneswar,Tirunelveli,600,112,488,4,Weekday,No,2025-06-11,low
TR2978,Bhubaneswar,Thoothukudi,600,160,440,42,Weekend,No,2025-01-26,low
TR2979,Bhubaneswar,Vellore,600,236,364,35,Weekday,No,2024-02-20,low
TR2980,Bhubaneswar,Kochi,600,178,422,56,Weekday,No,2025-10-31,low
TR2981,Bhubaneswar,Thiruvananthapuram,600,241,359,17,Weekend,No,2025-09-28,medium
TR2982,Bhubaneswar,Kozhikode,600,133,467,19,Weekday,No,2025-02-18,low
TR2983,Bhubaneswar,Thrissur,600,219,381,29,Weekend,No,2025-06-01,low
TR2984,Bhubaneswar,Kollam,600,138,462,46,Weekday,No,2024-10-17,low
TR2985,Bhubaneswar,Mysore,600,180,420,55,Weekend,No,2025-08-02,low
TR2986,Bhubaneswar,Mangalore,600,179,421,43,Weekday,No,2024-11-21,low
TR2987,Bhubaneswar,Hubli,600,201,399,30,Weekday,Yes,2025-12-24,low
TR2988,Bhubaneswar,Belgaum,600,181,419,58,Weekday,No,2024-02-16,low
TR2989,Bhubaneswar,Davangere,600,133,467,10,Weekend,No,2024-05-05,low
TR2990,Bhubaneswar,Vadodara,600,211,389,28,Weekday,No,2025-12-09,low
TR2991,Bhubaneswar,Rajkot,600,252,348,14,Weekday,No,2024-07-30,medium
TR2992,Bhubaneswar,Jamnagar,600,141,459,9,Weekday,No,2024-08-15,low
TR2993,Bhubaneswar,Bhavnagar,600,90,510,23,Weekday,No,2025-08-01,low
TR2994,Bhubaneswar,Gandhinagar,600,193,407,45,Weekend,No,2024-05-18,low
TR2995,Bhubaneswar,Nashik,600,153,447,19,Weekday,No,2025-01-10,low
TR2996,Bhubaneswar,Aurangabad,600,163,437,49,Weekend,No,2024-07-28,low
TR2997,Bhubaneswar,Kolhapur,600,196,404,36,Weekday,No,2024-05-24,low
TR2998,Bhubaneswar,Solapur,600,147,453,42,Weekday,No,2025-12-05,low
TR2999,Bhubaneswar,Thane,600,156,444,14,Weekend,No,2024-05-26,low
TR3000,Bhubaneswar,Navi Mumbai,600,164,436,51,Weekend,No,2024-03-09,low
TR3001,Bhubaneswar,Amravati,600,239,361,12,Weekday,No,2025-05-07,low
TR3002,Bhubaneswar,Jodhpur,600,170,430,22,Weekday,No,2025-09-25,low
TR3003,Bhubaneswar,Udaipur,600,110,490,46,Weekday,No,2024-04-03,low
TR3004,Bhubaneswar,Ajmer,600,112,488,41,Weekend,No,2025-06-01,low
TR3005,Bhubaneswar,Kota,600,176,424,17,Weekday,No,2025-01-30,low
TR3006,Bhubaneswar,Bikaner,600,115,485,15,Weekday,No,2025-08-29,low
TR3007,Bhubaneswar,Alwar,600,94,506,25,Weekday,No,2024-04-02,low
TR3008,Bhubaneswar,Varanasi,600,199,401,26,Weekend,No,2025-12-14,low
TR3009,Bhubaneswar,Prayagraj,600,202,398,3,Weekday,No,2025-03-28,low
TR3010,Bhubaneswar,Agra,600,151,449,14,Weekend,No,2025-09-07,low
TR3011,Bhubaneswar,Meerut,600,183,417,9,Weekend,No,2024-09-21,low
TR3012,Bhubaneswar,Bareilly,600,178,422,9,Weekday,No,2025-11-20,low
TR3013,Bhubaneswar,Gorakhpur,600,198,402,21,Weekday,No,2025-04-02,low
TR3014,Bhubaneswar,Mathura,600,198,402,2,Weekday,No,2024-04-02,low
TR3015,Bhubaneswar,Dehradun,600,90,510,40,Weekday,No,2025-11-05,low
TR3016,Bhubaneswar,Haridwar,600,157,443,40,Weekday,No,2025-08-04,low
TR3017,Bhubaneswar,Amritsar,600,194,406,13,Weekday,No,2024-08-07,low
TR3018,Bhubaneswar,Ludhiana,600,149,451,52,Weekend,No,2025-02-02,low
TR3019,Bhubaneswar,Jalandhar,600,171,429,35,Weekday,No,2024-10-10,low
TR3020,Bhubaneswar,Patiala,600,205,395,18,Weekend,No,2025-02-01,low
TR3021,Bhubaneswar,Chandigarh,600,173,427,11,Weekend,No,2025-12-06,low
TR3022,Bhubaneswar,Jammu,600,241,359,25,Weekend,No,2025-10-19,medium
TR3023,Bhubaneswar,Srinagar,600,223,377,57,Weekday,No,2024-06-06,low
TR3024,Bhubaneswar,Raipur,600,163,437,0,Weekday,No,2025-12-11,low
TR3025,Bhubaneswar,Bilaspur,600,159,441,1,Weekend,No,2024-11-16,low
TR3026,Bhubaneswar,Durg,600,90,510,24,Weekday,No,2025-05-30,low
TR3027,Bhubaneswar,Jabalpur,600,153,447,55,Weekend,No,2025-07-12,low
TR3028,Bhubaneswar,Gwalior,600,104,496,16,Weekday,No,2024-12-19,low
TR3029,Bhubaneswar,Ujjain,600,180,420,44,Weekday,No,2024-11-29,low
TR3030,Bhubaneswar,Rewa,600,176,424,34,Weekday,No,2024-11-29,low
TR3031,Bhubaneswar,Dhanbad,600,202,398,11,Weekday,No,2025-09-22,low
TR3032,Bhubaneswar,Asansol,600,236,364,54,Weekday,No,2024-10-09,low
TR3033,Bhubaneswar,Jamshedpur,600,168,432,9,Weekday,No,2024-07-23,low
TR3034,Bhubaneswar,Tatanagar,600,278,322,30,Weekend,No,2024-09-21,medium
TR3035,Bhubaneswar,Gaya,600,180,420,39,Weekday,No,2024-05-22,low
TR3036,Bhubaneswar,Muzaffarpur,600,106,494,40,Weekend,No,2024-10-13,low
TR3037,Bhubaneswar,Bhagalpur,600,142,458,51,Weekend,Yes,2024-03-24,low
TR3038,Bhubaneswar,Siliguri,600,151,449,42,Weekday,Yes,2024-03-06,low
TR3039,Bhubaneswar,New Jalpaiguri,600,197,403,39,Weekday,Yes,2025-06-13,low
TR3040,Bhubaneswar,Durgapur,600,123,477,9,Weekday,No,2024-02-26,low
TR3041,Bhubaneswar,Howrah,600,155,445,18,Weekday,No,2025-02-19,low
TR3042,Bhubaneswar,Malda,600,161,439,20,Weekday,No,2025-07-24,low
TR3043,Bhubaneswar,Panaji,600,147,453,22,Weekday,No,2025-06-13,low
TR3044,Cuttack,Delhi,600,208,392,6,Weekday,No,2024-11-22,low
TR3045,Cuttack,New Delhi,600,200,400,5,Weekday,No,2024-05-21,low
TR3046,Cuttack,Mumbai,600,225,375,26,Weekday,No,2025-11-11,low
TR3047,Cuttack,Chennai,600,153,447,43,Weekday,No,2025-09-02,low
TR3048,Cuttack,Kolkata,600,227,373,53,Weekend,No,2025-03-23,low
TR3049,Cuttack,Bangalore,600,103,497,56,Weekday,No,2024-03-04,low
TR3050,Cuttack,Hyderabad,600,102,498,28,Weekday,No,2024-01-26,low
TR3051,Cuttack,Pune,600,111,489,53,Weekend,Yes,2024-08-18,low
TR3052,Cuttack,Ahmedabad,600,169,431,27,Weekday,No,2024-04-25,low
TR3053,Cuttack,Jaipur,600,227,373,28,Weekend,No,2025-09-20,low
TR3054,Cuttack,Surat,600,140,460,12,Weekday,No,2024-05-30,low
TR3055,Cuttack,Lucknow,600,146,454,37,Weekday,No,2024-07-25,low
TR3056,Cuttack,Kanpur,600,159,441,18,Weekend,No,2025-12-14,low
TR3057,Cuttack,Nagpur,600,196,404,29,Weekday,No,2025-08-21,low
TR3058,Cuttack,Indore,600,146,454,56,Weekend,No,2024-06-08,low
TR3059,Cuttack,Bhopal,600,143,457,32,Weekday,No,2024-10-07,low
TR3060,Cuttack,Patna,600,104,496,18,Weekend,No,2025-01-12,low
TR3061,Cuttack,Ranchi,600,142,458,40,Weekday,No,2025-04-30,low
TR3062,Cuttack,Bhubaneswar,600,225,375,43,Weekend,No,2025-11-15,low
TR3063,Cuttack,Puri,600,173,427,36,Weekend,No,2025-09-28,low
TR3064,Cuttack,Rourkela,600,133,467,2,Weekday,No,2025-12-15,low
TR3065,Cuttack,Sambalpur,600,228,372,13,Weekday,Yes,2024-01-30,low
TR3066,Cuttack,Guwahati,600,141,459,7,Weekday,No,2024-06-21,low
TR3067,Cuttack,Dibrugarh,600,237,363,57,Weekend,No,2025-02-15,low
TR3068,Cuttack,Agartala,600,236,364,18,Weekday,No,2024-02-05,low
TR3069,Cuttack,Silchar,600,172,428,28,Weekday,Yes,2024-09-16,low
TR3070,Cuttack,Visakhapatnam,600,97,503,54,Weekday,Yes,2024-04-22,low
TR3071,Cuttack,Vijayawada,600,279,321,59,Weekday,No,2025-11-12,medium
TR3072,Cuttack,Guntur,600,188,412,13,Weekday,No,2024-02-16,low
TR3073,Cuttack,Tirupati,600,153,447,51,Weekday,No,2024-04-18,low
TR3074,Cuttack,Rajahmundry,600,215,385,43,Weekday,No,2024-05-22,low
TR3075,Cuttack,Warangal,600,203,397,36,Weekday,No,2024-04-18,low
TR3076,Cuttack,Nizamabad,600,232,368,10,Weekday,No,2025-02-19,low
TR3077,Cuttack,Coimbatore,600,137,463,41,Weekday,No,2024-09-23,low
TR3078,Cuttack,Madurai,600,184,416,36,Weekday,No,2025-10-29,low
TR3079,Cuttack,Trichy,600,112,488,26,Weekday,No,2024-07-09,low
TR3080,Cuttack,Salem,600,201,399,35,Weekday,No,2025-01-27,low
TR3081,Cuttack,Erode,600,168,432,12,Weekend,No,2025-04-27,low
TR3082,Cuttack,Tirunelveli,600,182,418,37,Weekday,No,2025-04-02,low
TR3083,Cuttack,Thoothukudi,600,162,438,9,Weekday,No,2025-08-05,low
TR3084,Cuttack,Vellore,600,157,443,17,Weekday,No,2024-05-27,low
TR3085,Cuttack,Kochi,600,127,473,29,Weekend,No,2025-01-05,low
TR3086,Cuttack,Thiruvananthapuram,600,207,393,9,Weekday,No,2025-08-08,low
TR3087,Cuttack,Kozhikode,600,240,360,54,Weekday,No,2025-09-22,medium
TR3088,Cuttack,Thrissur,600,142,458,53,Weekday,No,2025-03-27,low
TR3089,Cuttack,Kollam,600,196,404,28,Weekday,No,2025-04-21,low
TR3090,Cuttack,Mysore,600,190,410,34,Weekday,No,2025-09-23,low
TR3091,Cuttack,Mangalore,600,169,431,17,Weekday,No,2025-04-01,low
TR3092,Cuttack,Hubli,600,96,504,12,Weekday,No,2025-11-24,low
TR3093,Cuttack,Belgaum,600,106,494,57,Weekday,No,2024-04-03,low
TR3094,Cuttack,Davangere,600,131,469,24,Weekday,No,2024-09-11,low
TR3095,Cuttack,Vadodara,600,90,510,57,Weekend,No,2024-03-23,low
TR3096,Cuttack,Rajkot,600,237,363,4,Weekday,No,2024-03-07,low
TR3097,Cuttack,Jamnagar,600,187,413,6,Weekday,No,2024-12-10,low
TR3098,Cuttack,Bhavnagar,600,168,432,28,Weekday,No,2024-06-14,low
TR3099,Cuttack,Gandhinagar,600,90,510,46,Weekday,No,2024-10-24,low
TR3100,Cuttack,Nashik,600,90,510,25,Weekend,No,2024-11-16,low
TR3101,Cuttack,Aurangabad,600,169,431,50,Weekend,No,2025-03-29,low
TR3102,Cuttack,Kolhapur,600,264,336,7,Weekend,No,2025-11-22,medium
TR3103,Cuttack,Solapur,600,135,465,51,Weekday,No,2025-09-12,low
TR3104,Cuttack,Thane,600,210,390,26,Weekday,No,2024-10-03,low
TR3105,Cuttack,Navi Mumbai,600,146,454,17,Weekday,No,2024-08-26,low
TR3106,Cuttack,Amravati,600,172,428,38,Weekday,No,2025-07-17,low
TR3107,Cuttack,Jodhpur,600,227,373,46,Weekend,No,2024-03-31,low
TR3108,Cuttack,Udaipur,600,152,448,55,Weekday,No,2025-01-30,low
TR3109,Cuttack,Ajmer,600,136,464,5,Weekday,No,2024-11-05,low
TR3110,Cuttack,Kota,600,237,363,42,Weekday,No,2024-05-13,low
TR3111,Cuttack,Bikaner,600,171,429,18,Weekday,No,2025-03-26,low
TR3112,Cuttack,Alwar,600,221,379,30,Weekday,No,2024-08-22,low
TR3113,Cuttack,Varanasi,600,136,464,27,Weekday,No,2024-05-15,low
TR3114,Cuttack,Prayagraj,600,236,364,46,Weekday,No,2025-04-22,low
TR3115,Cuttack,Agra,600,182,418,23,Weekday,No,2024-05-07,low
TR3116,Cuttack,Meerut,600,190,410,16,Weekday,No,2025-05-06,low
TR3117,Cuttack,Bareilly,600,175,425,29,Weekend,No,2024-04-28,low
TR3118,Cuttack,Gorakhpur,600,145,455,40,Weekday,Yes,2024-11-13,low
TR3119,Cuttack,Mathura,600,169,431,50,Weekday,No,2025-08-13,low
TR3120,Cuttack,Dehradun,600,148,452,0,Weekend,Yes,2024-06-16,low
TR3121,Cuttack,Haridwar,600,215,385,34,Weekday,No,2025-07-15,low
TR3122,Cuttack,Amritsar,600,159,441,4,Weekday,No,2025-06-11,low
TR3123,Cuttack,Ludhiana,600,97,503,37,Weekday,Yes,2025-10-21,low
TR3124,Cuttack,Jalandhar,600,90,510,37,Weekday,No,2024-05-03,low
TR3125,Cuttack,Patiala,600,90,510,51,Weekday,No,2025-06-06,low
TR3126,Cuttack,Chandigarh,600,199,401,11,Weekend,No,2025-11-15,low
TR3127,Cuttack,Jammu,600,114,486,47,Weekday,No,2025-07-11,low
TR3128,Cuttack,Srinagar,600,183,417,41,Weekday,No,2024-05-17,low
TR3129,Cuttack,Raipur,600,176,424,39,Weekend,No,2025-08-23,low
TR3130,Cuttack,Bilaspur,600,166,434,38,Weekday,No,2024-03-19,low
TR3131,Cuttack,Durg,600,190,410,32,Weekday,No,2025-03-06,low
TR3132,Cuttack,Jabalpur,600,177,423,3,Weekend,No,2024-12-29,low
TR3133,Cuttack,Gwalior,600,90,510,48,Weekday,No,2025-01-23,low
TR3134,Cuttack,Ujjain,600,153,447,23,Weekday,No,2025-01-14,low
TR3135,Cuttack,Rewa,600,189,411,6,Weekday,No,2024-01-24,low
TR3136,Cuttack,Dhanbad,600,248,352,36,Weekday,No,2025-01-06,medium
TR3137,Cuttack,Asansol,600,250,350,56,Weekend,No,2025-11-15,medium
TR3138,Cuttack,Jamshedpur,600,104,496,42,Weekday,No,2024-11-15,low
TR3139,Cuttack,Tatanagar,600,152,448,14,Weekend,Yes,2024-07-21,low
TR3140,Cuttack,Gaya,600,94,506,48,Weekend,No,2025-12-28,low
TR3141,Cuttack,Muzaffarpur,600,242,358,50,Weekday,No,2024-03-13,medium
TR3142,Cuttack,Bhagalpur,600,218,382,19,Weekend,Yes,2024-12-21,low
TR3143,Cuttack,Siliguri,600,186,414,31,Weekday,No,2025-01-09,low
TR3144,Cuttack,New Jalpaiguri,600,177,423,50,Weekend,Yes,2024-12-15,low
TR3145,Cuttack,Durgapur,600,235,365,9,Weekday,No,2025-11-04,low
TR3146,Cuttack,Howrah,600,227,373,21,Weekday,No,2024-11-04,low
TR3147,Cuttack,Malda,600,225,375,27,Weekday,No,2025-12-12,low
TR3148,Cuttack,Panaji,600,191,409,0,Weekend,No,2024-02-18,low
TR3149,Puri,Delhi,600,152,448,10,Weekday,No,2025-06-20,low
TR3150,Puri,New Delhi,600,206,394,36,Weekend,No,2025-03-09,low
TR3151,Puri,Mumbai,600,208,392,15,Weekday,No,2024-06-24,low
TR3152,Puri,Chennai,600,160,440,14,Weekend,No,2024-06-15,low
TR3153,Puri,Kolkata,600,152,448,17,Weekday,Yes,2025-06-10,low
TR3154,Puri,Bangalore,600,223,377,7,Weekday,No,2025-04-11,low
TR3155,Puri,Hyderabad,600,249,351,38,Weekend,Yes,2025-03-22,medium
TR3156,Puri,Pune,600,133,467,15,Weekday,Yes,2024-02-07,low
TR3157,Puri,Ahmedabad,600,156,444,39,Weekday,No,2025-03-13,low
TR3158,Puri,Jaipur,600,186,414,49,Weekday,Yes,2025-12-18,low
TR3159,Puri,Surat,600,192,408,28,Weekend,Yes,2024-01-13,low
TR3160,Puri,Lucknow,600,144,456,54,Weekend,No,2024-12-08,low
TR3161,Puri,Kanpur,600,259,341,11,Weekday,No,2024-12-27,medium
TR3162,Puri,Nagpur,600,189,411,57,Weekday,Yes,2025-10-17,low
TR3163,Puri,Indore,600,194,406,19,Weekday,No,2024-07-25,low
TR3164,Puri,Bhopal,600,253,347,18,Weekday,No,2024-12-13,medium
TR3165,Puri,Patna,600,147,453,58,Weekend,No,2025-06-08,low
TR3166,Puri,Ranchi,600,165,435,27,Weekday,No,2024-02-14,low
TR3167,Puri,Bhubaneswar,600,109,491,44,Weekday,No,2025-08-08,low
TR3168,Puri,Cuttack,600,161,439,48,Weekend,No,2025-08-24,low
TR3169,Puri,Rourkela,600,97,503,26,Weekday,No,2025-06-10,low
TR3170,Puri,Sambalpur,600,205,395,19,Weekday,No,2025-04-18,low
TR3171,Puri,Guwahati,600,189,411,29,Weekday,No,2025-06-30,low
TR3172,Puri,Dibrugarh,600,156,444,23,Weekday,No,2025-07-25,low
TR3173,Puri,Agartala,600,164,436,24,Weekday,No,2025-10-22,low
TR3174,Puri,Silchar,600,205,395,14,Weekday,No,2024-11-08,low
TR3175,Puri,Visakhapatnam,600,114,486,54,Weekday,No,2024-11-29,low
TR3176,Puri,Vijayawada,600,179,421,34,Weekday,No,2025-04-11,low
TR3177,Puri,Guntur,600,203,397,47,Weekday,No,2024-05-21,low
TR3178,Puri,Tirupati,600,90,510,39,Weekday,No,2025-09-17,low
TR3179,Puri,Rajahmundry,600,202,398,21,Weekday,No,2025-07-17,low
TR3180,Puri,Warangal,600,90,510,19,Weekend,No,2025-04-06,low
TR3181,Puri,Nizamabad,600,163,437,58,Weekday,No,2024-08-08,low
TR3182,Puri,Coimbatore,600,113,487,1,Weekday,No,2024-09-11,low
TR3183,Puri,Madurai,600,238,362,17,Weekday,No,2024-11-13,low
TR3184,Puri,Trichy,600,113,487,44,Weekday,No,2025-04-29,low
TR3185,Puri,Salem,600,90,510,32,Weekday,No,2025-07-22,low
TR3186,Puri,Erode,600,175,425,36,Weekday,No,2025-05-06,low
TR3187,Puri,Tirunelveli,600,149,451,1,Weekday,No,2025-11-10,low
TR3188,Puri,Thoothukudi,600,97,503,13,Weekday,No,2025-12-03,low
TR3189,Puri,Vellore,600,194,406,35,Weekday,No,2025-05-30,low
TR3190,Puri,Kochi,600,90,510,18,Weekend,No,2024-09-28,low
TR3191,Puri,Thiruvananthapuram,600,119,481,28,Weekday,No,2025-03-13,low
TR3192,Puri,Kozhikode,600,141,459,57,Weekday,No,2024-11-06,low
TR3193,Puri,Thrissur,600,207,393,38,Weekday,No,2025-04-04,low
TR3194,Puri,Kollam,600,231,369,37,Weekend,No,2025-08-16,low
TR3195,Puri,Mysore,600,222,378,11,Weekday,No,2024-09-26,low
TR3196,Puri,Mangalore,600,162,438,35,Weekend,No,2025-01-04,low
TR3197,Puri,Hubli,600,90,510,57,Weekend,No,2024-02-03,low
TR3198,Puri,Belgaum,600,188,412,38,Weekend,No,2025-06-22,low
TR3199,Puri,Davangere,600,240,360,47,Weekday,No,2024-12-24,low
TR3200,Puri,Vadodara,600,228,372,57,Weekday,No,2024-12-02,low
TR3201,Puri,Rajkot,600,191,409,54,Weekday,No,2025-01-24,low
TR3202,Puri,Jamnagar,600,112,488,20,Weekday,Yes,2024-06-06,low
TR3203,Puri,Bhavnagar,600,144,456,17,Weekday,No,2025-03-13,low
TR3204,Puri,Gandhinagar,600,262,338,16,Weekend,No,2025-06-28,medium
TR3205,Puri,Nashik,600,101,499,46,Weekday,No,2024-09-12,low
TR3206,Puri,Aurangabad,600,114,486,22,Weekday,No,2024-04-05,low
TR3207,Puri,Kolhapur,600,214,386,49,Weekday,No,2024-10-09,low
TR3208,Puri,Solapur,600,148,452,48,Weekend,No,2024-05-25,low
TR3209,Puri,Thane,600,112,488,39,Weekday,No,2024-09-30,low
TR3210,Puri,Navi Mumbai,600,242,358,7,Weekday,No,2025-04-03,medium
TR3211,Puri,Amravati,600,191,409,42,Weekend,No,2024-03-23,low
TR3212,Puri,Jodhpur,600,151,449,12,Weekday,Yes,2025-06-30,low
TR3213,Puri,Udaipur,600,114,486,33,Weekday,No,2024-06-13,low
TR3214,Puri,Ajmer,600,267,333,13,Weekday,No,2025-10-16,medium
TR3215,Puri,Kota,600,168,432,3,Weekday,No,2025-06-19,low
TR3216,Puri,Bikaner,600,236,364,38,Weekday,No,2024-07-18,low
TR3217,Puri,Alwar,600,212,388,27,Weekend,No,2025-02-15,low
TR3218,Puri,Varanasi,600,144,456,38,Weekday,No,2024-03-21,low
TR3219,Puri,Prayagraj,600,144,456,29,Weekday,Yes,2024-03-13,low
TR3220,Puri,Agra,600,238,362,22,Weekend,No,2025-11-29,low
TR3221,Puri,Meerut,600,239,361,0,Weekend,No,2025-08-09,low
TR3222,Puri,Bareilly,600,90,510,16,Weekday,No,2024-04-22,low
TR3223,Puri,Gorakhpur,600,195,405,52,Weekday,No,2024-07-25,low
TR3224,Puri,Mathura,600,163,437,45,Weekday,No,2024-05-24,low
TR3225,Puri,Dehradun,600,119,481,27,Weekday,No,2024-10-15,low
TR3226,Puri,Haridwar,600,182,418,1,Weekday,No,2024-07-31,low
TR3227,Puri,Amritsar,600,104,496,59,Weekday,No,2024-08-27,low
TR3228,Puri,Ludhiana,600,147,453,44,Weekday,No,2025-01-21,low
TR3229,Puri,Jalandhar,600,131,469,1,Weekend,No,2024-05-18,low
TR3230,Puri,Patiala,600,145,455,12,Weekday,Yes,2025-10-07,low
TR3231,Puri,Chandigarh,600,166,434,10,Weekend,No,2025-06-15,low
TR3232,Puri,Jammu,600,120,480,54,Weekday,No,2025-07-09,low
TR3233,Puri,Srinagar,600,244,356,57,Weekday,No,2024-05-03,medium
TR3234,Puri,Raipur,600,193,407,24,Weekend,No,2025-06-01,low
TR3235,Puri,Bilaspur,600,255,345,10,Weekday,No,2025-09-03,medium
TR3236,Puri,Durg,600,161,439,38,Weekday,No,2024-05-08,low
TR3237,Puri,Jabalpur,600,143,457,16,Weekday,No,2025-07-03,low
TR3238,Puri,Gwalior,600,253,347,7,Weekday,No,2024-09-18,medium
TR3239,Puri,Ujjain,600,141,459,15,Weekday,No,2025-07-29,low
TR3240,Puri,Rewa,600,160,440,15,Weekend,No,2024-12-15,low
TR3241,Puri,Dhanbad,600,204,396,3,Weekend,No,2025-08-09,low
TR3242,Puri,Asansol,600,110,490,42,Weekday,No,2024-04-17,low
TR3243,Puri,Jamshedpur,600,203,397,21,Weekday,No,2024-10-11,low
TR3244,Puri,Tatanagar,600,197,403,33,Weekday,No,2024-07-18,low
TR3245,Puri,Gaya,600,230,370,33,Weekend,No,2024-06-30,low
TR3246,Puri,Muzaffarpur,600,212,388,46,Weekday,No,2024-08-13,low
TR3247,Puri,Bhagalpur,600,231,369,45,Weekend,No,2024-10-06,low
TR3248,Puri,Siliguri,600,164,436,33,Weekday,No,2024-04-03,low
TR3249,Puri,New Jalpaiguri,600,128,472,50,Weekend,Yes,2025-05-31,low
TR3250,Puri,Durgapur,600,270,330,34,Weekday,No,2025-02-06,medium
TR3251,Puri,Howrah,600,96,504,1,Weekday,Yes,2025-08-29,low
TR3252,Puri,Malda,600,100,500,51,Weekday,No,2025-05-30,low
TR3253,Puri,Panaji,600,196,404,46,Weekday,No,2024-04-18,low
TR3254,Rourkela,Delhi,600,247,353,25,Weekday,No,2024-02-21,medium
TR3255,Rourkela,New Delhi,600,178,422,23,Weekday,No,2024-11-05,low
TR3256,Rourkela,Mumbai,600,217,383,53,Weekday,No,2024-12-17,low
TR3257,Rourkela,Chennai,600,90,510,25,Weekday,No,2024-06-24,low
TR3258,Rourkela,Kolkata,600,145,455,22,Weekday,No,2025-07-25,low
TR3259,Rourkela,Bangalore,600,90,510,43,Weekend,No,2025-03-01,low
TR3260,Rourkela,Hyderabad,600,206,394,19,Weekday,No,2025-06-30,low
TR3261,Rourkela,Pune,600,95,505,24,Weekday,No,2024-03-20,low
TR3262,Rourkela,Ahmedabad,600,108,492,46,Weekday,No,2025-08-18,low
TR3263,Rourkela,Jaipur,600,194,406,13,Weekday,No,2024-05-30,low
TR3264,Rourkela,Surat,600,220,380,0,Weekend,No,2024-11-23,low
TR3265,Rourkela,Lucknow,600,161,439,20,Weekend,No,2024-11-17,low
TR3266,Rourkela,Kanpur,600,196,404,10,Weekday,No,2025-08-22,low
TR3267,Rourkela,Nagpur,600,195,405,21,Weekend,No,2024-07-21,low
TR3268,Rourkela,Indore,600,159,441,4,Weekday,No,2024-06-24,low
TR3269,Rourkela,Bhopal,600,116,484,35,Weekday,No,2024-09-05,low
TR3270,Rourkela,Patna,600,196,404,30,Weekday,No,2024-09-20,low
TR3271,Rourkela,Ranchi,600,198,402,16,Weekend,Yes,2024-05-12,low
TR3272,Rourkela,Bhubaneswar,600,212,388,37,Weekday,No,2024-05-08,low
TR3273,Rourkela,Cuttack,600,184,416,8,Weekday,No,2024-06-18,low
TR3274,Rourkela,Puri,600,113,487,0,Weekend,No,2024-12-07,low
TR3275,Rourkela,Sambalpur,600,202,398,28,Weekend,No,2024-09-07,low
TR3276,Rourkela,Guwahati,600,169,431,9,Weekend,No,2024-10-13,low
TR3277,Rourkela,Dibrugarh,600,146,454,51,Weekday,No,2025-06-09,low
TR3278,Rourkela,Agartala,600,155,445,18,Weekday,No,2024-06-25,low
TR3279,Rourkela,Silchar,600,136,464,25,Weekday,Yes,2025-10-27,low
TR3280,Rourkela,Visakhapatnam,600,212,388,17,Weekday,No,2025-07-03,low
TR3281,Rourkela,Vijayawada,600,101,499,26,Weekday,No,2024-05-07,low
TR3282,Rourkela,Guntur,600,121,479,5,Weekend,No,2024-08-17,low
TR3283,Rourkela,Tirupati,600,153,447,56,Weekday,No,2024-05-14,low
TR3284,Rourkela,Rajahmundry,600,246,354,10,Weekday,No,2024-07-18,medium
TR3285,Rourkela,Warangal,600,220,380,23,Weekday,No,2024-09-24,low
TR3286,Rourkela,Nizamabad,600,90,510,50,Weekday,Yes,2024-04-05,low
TR3287,Rourkela,Coimbatore,600,234,366,25,Weekday,No,2024-01-11,low
TR3288,Rourkela,Madurai,600,234,366,42,Weekend,No,2024-11-16,low
TR3289,Rourkela,Trichy,600,113,487,4,Weekday,Yes,2025-05-27,low
TR3290,Rourkela,Salem,600,90,510,17,Weekday,No,2024-08-09,low
TR3291,Rourkela,Erode,600,165,435,45,Weekend,Yes,2025-09-20,low
TR3292,Rourkela,Tirunelveli,600,223,377,15,Weekday,No,2024-09-26,low
TR3293,Rourkela,Thoothukudi,600,245,355,24,Weekday,Yes,2025-10-20,medium
TR3294,Rourkela,Vellore,600,127,473,4,Weekday,No,2024-06-21,low
TR3295,Rourkela,Kochi,600,253,347,30,Weekday,No,2025-01-29,medium
TR3296,Rourkela,Thiruvananthapuram,600,90,510,20,Weekday,No,2025-07-11,low
TR3297,Rourkela,Kozhikode,600,151,449,51,Weekday,No,2024-02-13,low
TR3298,Rourkela,Thrissur,600,149,451,23,Weekday,No,2025-11-10,low
TR3299,Rourkela,Kollam,600,224,376,49,Weekday,No,2024-09-23,low
TR3300,Rourkela,Mysore,600,231,369,54,Weekend,No,2024-12-29,low
TR3301,Rourkela,Mangalore,600,215,385,50,Weekday,No,2025-04-04,low
TR3302,Rourkela,Hubli,600,104,496,44,Weekday,No,2025-04-15,low
TR3303,Rourkela,Belgaum,600,210,390,35,Weekday,No,2024-01-18,low
TR3304,Rourkela,Davangere,600,193,407,28,Weekday,No,2025-09-25,low
TR3305,Rourkela,Vadodara,600,90,510,4,Weekday,No,2025-03-31,low
TR3306,Rourkela,Rajkot,600,90,510,8,Weekday,No,2025-12-31,low
TR3307,Rourkela,Jamnagar,600,219,381,22,Weekday,No,2024-12-10,low
TR3308,Rourkela,Bhavnagar,600,160,440,39,Weekday,No,2025-03-24,low
TR3309,Rourkela,Gandhinagar,600,107,493,0,Weekday,No,2024-11-18,low
TR3310,Rourkela,Nashik,600,159,441,56,Weekend,No,2025-10-12,low
TR3311,Rourkela,Aurangabad,600,186,414,59,Weekend,No,2025-08-31,low
TR3312,Rourkela,Kolhapur,600,165,435,4,Weekend,No,2025-10-26,low
TR3313,Rourkela,Solapur,600,94,506,5,Weekday,No,2025-01-03,low
TR3314,Rourkela,Thane,600,259,341,50,Weekday,No,2025-08-01,medium
TR3315,Rourkela,Navi Mumbai,600,217,383,11,Weekday,No,2024-09-19,low
TR3316,Rourkela,Amravati,600,153,447,10,Weekday,No,2024-12-02,low
TR3317,Rourkela,Jodhpur,600,155,445,11,Weekday,No,2025-07-09,low
TR3318,Rourkela,Udaipur,600,186,414,42,Weekday,No,2024-02-29,low
TR3319,Rourkela,Ajmer,600,115,485,7,Weekday,No,2025-06-03,low
TR3320,Rourkela,Kota,600,184,416,11,Weekday,No,2024-01-12,low
TR3321,Rourkela,Bikaner,600,105,495,23,Weekday,Yes,2025-02-28,low
TR3322,Rourkela,Alwar,600,166,434,36,Weekend,No,2024-12-14,low
TR3323,Rourkela,Varanasi,600,113,487,59,Weekend,No,2024-12-08,low
TR3324,Rourkela,Prayagraj,600,115,485,14,Weekday,No,2024-12-27,low
TR3325,Rourkela,Agra,600,248,352,15,Weekday,No,2024-12-25,medium
TR3326,Rourkela,Meerut,600,172,428,32,Weekday,No,2024-10-24,low
TR3327,Rourkela,Bareilly,600,179,421,25,Weekday,No,2024-11-25,low
TR3328,Rourkela,Gorakhpur,600,90,510,36,Weekday,No,2025-02-19,low
TR3329,Rourkela,Mathura,600,140,460,14,Weekend,No,2025-07-12,low
TR3330,Rourkela,Dehradun,600,191,409,37,Weekday,No,2025-02-07,low
TR3331,Rourkela,Haridwar,600,178,422,55,Weekday,No,2025-04-14,low
TR3332,Rourkela,Amritsar,600,90,510,40,Weekday,No,2025-09-03,low
TR3333,Rourkela,Ludhiana,600,179,421,44,Weekday,No,2025-12-24,low
TR3334,Rourkela,Jalandhar,600,187,413,4,Weekday,No,2024-03-20,low
TR3335,Rourkela,Patiala,600,231,369,54,Weekday,No,2025-06-05,low
TR3336,Rourkela,Chandigarh,600,137,463,42,Weekday,No,2024-06-13,low
TR3337,Rourkela,Jammu,600,90,510,37,Weekday,No,2024-05-23,low
TR3338,Rourkela,Srinagar,600,121,479,9,Weekend,No,2025-08-02,low
TR3339,Rourkela,Raipur,600,116,484,33,Weekday,No,2024-02-20,low
TR3340,Rourkela,Bilaspur,600,204,396,40,Weekday,No,2025-09-11,low
TR3341,Rourkela,Durg,600,90,510,37,Weekday,No,2025-07-17,low
TR3342,Rourkela,Jabalpur,600,147,453,7,Weekend,No,2025-12-28,low
TR3343,Rourkela,Gwalior,600,237,363,2,Weekend,No,2025-05-03,low
TR3344,Rourkela,Ujjain,600,169,431,28,Weekday,No,2025-09-30,low
TR3345,Rourkela,Rewa,600,212,388,43,Weekday,No,2024-03-27,low
TR3346,Rourkela,Dhanbad,600,90,510,23,Weekend,No,2025-10-12,low
TR3347,Rourkela,Asansol,600,92,508,41,Weekend,No,2024-04-27,low
TR3348,Rourkela,Jamshedpur,600,238,362,58,Weekend,No,2024-08-17,low
TR3349,Rourkela,Tatanagar,600,174,426,53,Weekday,No,2024-04-03,low
TR3350,Rourkela,Gaya,600,174,426,37,Weekend,No,2024-10-20,low
TR3351,Rourkela,Muzaffarpur,600,115,485,43,Weekday,No,2025-07-01,low
TR3352,Rourkela,Bhagalpur,600,174,426,5,Weekend,No,2024-07-14,low
TR3353,Rourkela,Siliguri,600,114,486,5,Weekend,Yes,2025-08-24,low
TR3354,Rourkela,New Jalpaiguri,600,226,374,42,Weekday,No,2025-03-19,low
TR3355,Rourkela,Durgapur,600,300,300,48,Weekday,No,2025-04-04,medium
TR3356,Rourkela,Howrah,600,192,408,11,Weekday,No,2025-11-17,low
TR3357,Rourkela,Malda,600,138,462,35,Weekday,No,2024-11-11,low
TR3358,Rourkela,Panaji,600,90,510,17,Weekend,No,2024-09-08,low
TR3359,Sambalpur,Delhi,600,90,510,6,Weekend,No,2025-12-28,low
TR3360,Sambalpur,New Delhi,600,244,356,22,Weekday,No,2025-02-11,medium
TR3361,Sambalpur,Mumbai,600,120,480,26,Weekday,No,2025-03-25,low
TR3362,Sambalpur,Chennai,600,151,449,46,Weekend,No,2024-08-04,low
TR3363,Sambalpur,Kolkata,600,200,400,51,Weekday,No,2024-06-06,low
TR3364,Sambalpur,Bangalore,600,240,360,56,Weekend,No,2024-05-04,medium
TR3365,Sambalpur,Hyderabad,600,159,441,6,Weekday,No,2024-06-12,low
TR3366,Sambalpur,Pune,600,150,450,55,Weekday,No,2024-05-22,low
TR3367,Sambalpur,Ahmedabad,600,172,428,31,Weekend,Yes,2025-06-29,low
TR3368,Sambalpur,Jaipur,600,139,461,10,Weekday,No,2024-02-12,low
TR3369,Sambalpur,Surat,600,141,459,38,Weekend,No,2025-04-05,low
TR3370,Sambalpur,Lucknow,600,189,411,3,Weekday,No,2025-11-24,low
TR3371,Sambalpur,Kanpur,600,178,422,27,Weekend,No,2025-07-13,low
TR3372,Sambalpur,Nagpur,600,271,329,49,Weekday,No,2024-10-21,medium
TR3373,Sambalpur,Indore,600,190,410,58,Weekday,No,2024-02-13,low
TR3374,Sambalpur,Bhopal,600,224,376,17,Weekday,Yes,2025-09-01,low
TR3375,Sambalpur,Patna,600,118,482,10,Weekday,No,2024-01-03,low
TR3376,Sambalpur,Ranchi,600,194,406,34,Weekday,No,2025-05-13,low
TR3377,Sambalpur,Bhubaneswar,600,134,466,9,Weekday,No,2025-05-05,low
TR3378,Sambalpur,Cuttack,600,188,412,58,Weekday,No,2024-05-20,low
TR3379,Sambalpur,Puri,600,202,398,19,Weekday,No,2025-06-24,low
TR3380,Sambalpur,Rourkela,600,171,429,11,Weekday,No,2024-05-08,low
TR3381,Sambalpur,Guwahati,600,284,316,14,Weekday,No,2024-06-13,medium
TR3382,Sambalpur,Dibrugarh,600,237,363,22,Weekend,No,2025-08-16,low
TR3383,Sambalpur,Agartala,600,225,375,44,Weekday,Yes,2025-12-16,low
TR3384,Sambalpur,Silchar,600,206,394,52,Weekday,No,2024-07-12,low
TR3385,Sambalpur,Visakhapatnam,600,254,346,44,Weekday,No,2025-11-04,medium
TR3386,Sambalpur,Vijayawada,600,100,500,38,Weekday,No,2025-10-29,low
TR3387,Sambalpur,Guntur,600,235,365,16,Weekday,No,2025-07-16,low
TR3388,Sambalpur,Tirupati,600,121,479,56,Weekday,No,2024-04-12,low
TR3389,Sambalpur,Rajahmundry,600,142,458,59,Weekday,Yes,2024-08-06,low
TR3390,Sambalpur,Warangal,600,196,404,37,Weekend,No,2025-05-10,low
TR3391,Sambalpur,Nizamabad,600,228,372,46,Weekday,No,2025-12-31,low
TR3392,Sambalpur,Coimbatore,600,114,486,18,Weekday,No,2025-08-18,low
TR3393,Sambalpur,Madurai,600,144,456,26,Weekend,No,2024-11-03,low
TR3394,Sambalpur,Trichy,600,174,426,48,Weekday,No,2024-06-20,low
TR3395,Sambalpur,Salem,600,160,440,25,Weekday,No,2025-12-03,low
TR3396,Sambalpur,Erode,600,210,390,45,Weekend,No,2024-07-20,low
TR3397,Sambalpur,Tirunelveli,600,334,266,51,Weekend,No,2024-09-07,medium
TR3398,Sambalpur,Thoothukudi,600,189,411,56,Weekend,No,2025-12-06,low
TR3399,Sambalpur,Vellore,600,134,466,17,Weekday,No,2025-02-14,low
TR3400,Sambalpur,Kochi,600,107,493,28,Weekday,No,2024-07-12,low
TR3401,Sambalpur,Thiruvananthapuram,600,153,447,23,Weekday,No,2024-01-04,low
TR3402,Sambalpur,Kozhikode,600,124,476,30,Weekend,No,2024-11-10,low
TR3403,Sambalpur,Thrissur,600,191,409,44,Weekend,No,2025-12-21,low
TR3404,Sambalpur,Kollam,600,191,409,19,Weekday,No,2024-11-12,low
TR3405,Sambalpur,Mysore,600,147,453,13,Weekday,No,2025-05-26,low
TR3406,Sambalpur,Mangalore,600,264,336,16,Weekday,No,2024-07-03,medium
TR3407,Sambalpur,Hubli,600,134,466,45,Weekend,No,2025-07-20,low
TR3408,Sambalpur,Belgaum,600,163,437,59,Weekday,No,2025-07-21,low
TR3409,Sambalpur,Davangere,600,200,400,6,Weekday,No,2025-03-20,low
TR3410,Sambalpur,Vadodara,600,212,388,58,Weekday,No,2025-07-18,low
TR3411,Sambalpur,Rajkot,600,230,370,1,Weekday,No,2025-02-27,low
TR3412,Sambalpur,Jamnagar,600,190,410,31,Weekday,No,2024-10-03,low
TR3413,Sambalpur,Bhavnagar,600,219,381,8,Weekday,No,2025-06-23,low
TR3414,Sambalpur,Gandhinagar,600,137,463,57,Weekday,No,2025-09-02,low
TR3415,Sambalpur,Nashik,600,213,387,45,Weekend,No,2025-09-06,low
TR3416,Sambalpur,Aurangabad,600,212,388,21,Weekday,No,2024-06-04,low
TR3417,Sambalpur,Kolhapur,600,242,358,41,Weekday,No,2025-05-09,medium
TR3418,Sambalpur,Solapur,600,90,510,50,Weekday,No,2024-01-04,low
TR3419,Sambalpur,Thane,600,125,475,13,Weekend,No,2025-02-22,low
TR3420,Sambalpur,Navi Mumbai,600,208,392,38,Weekday,No,2025-02-21,low
TR3421,Sambalpur,Amravati,600,90,510,17,Weekend,Yes,2024-09-22,low
TR3422,Sambalpur,Jodhpur,600,193,407,43,Weekend,No,2025-12-27,low
TR3423,Sambalpur,Udaipur,600,220,380,34,Weekday,No,2025-10-07,low
TR3424,Sambalpur,Ajmer,600,141,459,43,Weekday,No,2024-01-29,low
TR3425,Sambalpur,Kota,600,148,452,38,Weekend,No,2024-06-01,low
TR3426,Sambalpur,Bikaner,600,117,483,38,Weekend,Yes,2024-06-01,low
TR3427,Sambalpur,Alwar,600,144,456,5,Weekend,No,2025-10-18,low
TR3428,Sambalpur,Varanasi,600,145,455,51,Weekday,No,2025-01-14,low
TR3429,Sambalpur,Prayagraj,600,136,464,10,Weekday,No,2025-06-16,low
TR3430,Sambalpur,Agra,600,134,466,23,Weekday,No,2025-08-15,low
TR3431,Sambalpur,Meerut,600,156,444,30,Weekday,No,2025-07-15,low
TR3432,Sambalpur,Bareilly,600,155,445,50,Weekday,No,2024-03-06,low
TR3433,Sambalpur,Gorakhpur,600,259,341,37,Weekday,No,2024-04-12,medium
TR3434,Sambalpur,Mathura,600,150,450,11,Weekday,No,2024-10-15,low
TR3435,Sambalpur,Dehradun,600,185,415,17,Weekday,No,2024-09-04,low
TR3436,Sambalpur,Haridwar,600,141,459,11,Weekday,No,2025-06-30,low
TR3437,Sambalpur,Amritsar,600,141,459,35,Weekday,No,2024-04-24,low
TR3438,Sambalpur,Ludhiana,600,90,510,43,Weekend,No,2024-09-28,low
TR3439,Sambalpur,Jalandhar,600,94,506,42,Weekday,No,2024-06-21,low
TR3440,Sambalpur,Patiala,600,111,489,45,Weekend,No,2024-05-18,low
TR3441,Sambalpur,Chandigarh,600,178,422,42,Weekday,No,2024-05-06,low
TR3442,Sambalpur,Jammu,600,221,379,54,Weekday,No,2024-05-22,low
TR3443,Sambalpur,Srinagar,600,90,510,54,Weekend,Yes,2025-02-16,low
TR3444,Sambalpur,Raipur,600,143,457,16,Weekend,Yes,2024-10-26,low
TR3445,Sambalpur,Bilaspur,600,103,497,18,Weekday,No,2024-11-14,low
TR3446,Sambalpur,Durg,600,156,444,3,Weekday,No,2024-12-16,low
TR3447,Sambalpur,Jabalpur,600,221,379,16,Weekday,No,2025-06-25,low
TR3448,Sambalpur,Gwalior,600,147,453,30,Weekend,Yes,2025-09-21,low
TR3449,Sambalpur,Ujjain,600,167,433,39,Weekend,Yes,2025-01-19,low
TR3450,Sambalpur,Rewa,600,239,361,52,Weekday,No,2025-04-14,low
TR3451,Sambalpur,Dhanbad,600,191,409,35,Weekday,No,2025-06-23,low
TR3452,Sambalpur,Asansol,600,132,468,58,Weekday,No,2025-05-19,low
TR3453,Sambalpur,Jamshedpur,600,177,423,33,Weekday,Yes,2024-04-08,low
TR3454,Sambalpur,Tatanagar,600,129,471,51,Weekday,No,2025-12-19,low
TR3455,Sambalpur,Gaya,600,189,411,48,Weekday,No,2024-04-30,low
TR3456,Sambalpur,Muzaffarpur,600,194,406,29,Weekday,No,2024-10-28,low
TR3457,Sambalpur,Bhagalpur,600,103,497,52,Weekday,No,2025-04-22,low
TR3458,Sambalpur,Siliguri,600,177,423,51,Weekday,No,2024-10-21,low
TR3459,Sambalpur,New Jalpaiguri,600,163,437,18,Weekday,No,2024-06-26,low
TR3460,Sambalpur,Durgapur,600,195,405,12,Weekday,No,2025-11-05,low
TR3461,Sambalpur,Howrah,600,209,391,7,Weekday,No,2024-02-22,low
TR3462,Sambalpur,Malda,600,192,408,55,Weekday,No,2024-06-28,low
TR3463,Sambalpur,Panaji,600,154,446,26,Weekday,No,2025-12-26,low
TR3464,Guwahati,Delhi,600,214,386,34,Weekday,Yes,2025-06-17,low
TR3465,Guwahati,New Delhi,600,127,473,16,Weekday,No,2024-03-04,low
TR3466,Guwahati,Mumbai,600,106,494,23,Weekend,No,2025-07-05,low
TR3467,Guwahati,Chennai,600,90,510,24,Weekday,No,2025-12-09,low
TR3468,Guwahati,Kolkata,600,166,434,34,Weekday,No,2024-03-12,low
TR3469,Guwahati,Bangalore,600,130,470,10,Weekday,No,2024-10-29,low
TR3470,Guwahati,Hyderabad,600,188,412,47,Weekend,Yes,2024-12-08,low
TR3471,Guwahati,Pune,600,90,510,23,Weekday,No,2024-04-05,low
TR3472,Guwahati,Ahmedabad,600,138,462,14,Weekend,No,2024-05-26,low
TR3473,Guwahati,Jaipur,600,192,408,0,Weekday,No,2024-05-07,low
TR3474,Guwahati,Surat,600,120,480,6,Weekday,No,2024-05-15,low
TR3475,Guwahati,Lucknow,600,189,411,16,Weekday,No,2024-10-21,low
TR3476,Guwahati,Kanpur,600,142,458,43,Weekday,No,2024-12-05,low
TR3477,Guwahati,Nagpur,600,167,433,51,Weekend,No,2024-06-22,low
TR3478,Guwahati,Indore,600,198,402,57,Weekday,No,2024-07-30,low
TR3479,Guwahati,Bhopal,600,215,385,17,Weekday,No,2024-05-20,low
TR3480,Guwahati,Patna,600,173,427,38,Weekday,No,2025-08-04,low
TR3481,Guwahati,Ranchi,600,130,470,16,Weekday,No,2024-06-03,low
TR3482,Guwahati,Bhubaneswar,600,147,453,8,Weekend,No,2025-10-25,low
TR3483,Guwahati,Cuttack,600,200,400,32,Weekday,Yes,2025-01-28,low
TR3484,Guwahati,Puri,600,120,480,38,Weekend,No,2025-08-09,low
TR3485,Guwahati,Rourkela,600,160,440,45,Weekday,No,2025-04-10,low
TR3486,Guwahati,Sambalpur,600,150,450,6,Weekend,No,2024-07-13,low
TR3487,Guwahati,Dibrugarh,600,164,436,44,Weekend,No,2025-03-15,low
TR3488,Guwahati,Agartala,600,121,479,18,Weekday,No,2024-07-19,low
TR3489,Guwahati,Silchar,600,90,510,16,Weekday,No,2024-03-27,low
TR3490,Guwahati,Visakhapatnam,600,194,406,1,Weekday,No,2024-07-05,low
TR3491,Guwahati,Vijayawada,600,215,385,12,Weekend,Yes,2024-07-20,low
TR3492,Guwahati,Guntur,600,90,510,29,Weekday,No,2024-04-08,low
TR3493,Guwahati,Tirupati,600,187,413,11,Weekday,No,2024-01-18,low
TR3494,Guwahati,Rajahmundry,600,221,379,19,Weekday,No,2025-11-20,low
TR3495,Guwahati,Warangal,600,198,402,31,Weekday,No,2025-01-10,low
TR3496,Guwahati,Nizamabad,600,149,451,5,Weekend,No,2024-10-20,low
TR3497,Guwahati,Coimbatore,600,124,476,52,Weekday,No,2025-11-10,low
TR3498,Guwahati,Madurai,600,173,427,18,Weekday,No,2024-06-13,low
TR3499,Guwahati,Trichy,600,181,419,45,Weekday,No,2024-10-21,low
TR3500,Guwahati,Salem,600,174,426,38,Weekday,No,2025-09-10,low
TR3501,Guwahati,Erode,600,160,440,45,Weekday,No,2025-04-07,low
TR3502,Guwahati,Tirunelveli,600,117,483,17,Weekday,No,2024-10-18,low
TR3503,Guwahati,Thoothukudi,600,189,411,10,Weekend,No,2024-07-06,low
TR3504,Guwahati,Vellore,600,192,408,8,Weekday,Yes,2024-01-26,low
TR3505,Guwahati,Kochi,600,179,421,13,Weekend,No,2024-03-03,low
TR3506,Guwahati,Thiruvananthapuram,600,174,426,32,Weekend,No,2024-04-28,low
TR3507,Guwahati,Kozhikode,600,250,350,37,Weekday,No,2025-07-29,medium
TR3508,Guwahati,Thrissur,600,139,461,45,Weekend,No,2025-04-12,low
TR3509,Guwahati,Kollam,600,230,370,57,Weekday,No,2024-11-12,low
TR3510,Guwahati,Mysore,600,134,466,49,Weekend,Yes,2025-07-26,low
TR3511,Guwahati,Mangalore,600,222,378,21,Weekend,No,2024-04-27,low
TR3512,Guwahati,Hubli,600,228,372,28,Weekday,No,2024-06-03,low
TR3513,Guwahati,Belgaum,600,155,445,57,Weekday,Yes,2024-10-14,low
TR3514,Guwahati,Davangere,600,249,351,42,Weekend,No,2025-11-01,medium
TR3515,Guwahati,Vadodara,600,191,409,25,Weekday,No,2025-03-25,low
TR3516,Guwahati,Rajkot,600,127,473,49,Weekend,No,2025-09-14,low
TR3517,Guwahati,Jamnagar,600,151,449,8,Weekend,No,2024-06-30,low
TR3518,Guwahati,Bhavnagar,600,223,377,40,Weekday,No,2025-09-12,low
TR3519,Guwahati,Gandhinagar,600,213,387,56,Weekday,No,2024-02-22,low
TR3520,Guwahati,Nashik,600,118,482,31,Weekend,No,2024-06-15,low
TR3521,Guwahati,Aurangabad,600,162,438,36,Weekday,Yes,2025-01-17,low
TR3522,Guwahati,Kolhapur,600,179,421,3,Weekday,No,2024-02-06,low
TR3523,Guwahati,Solapur,600,145,455,36,Weekday,No,2025-09-19,low
TR3524,Guwahati,Thane,600,282,318,17,Weekday,No,2025-09-26,medium
TR3525,Guwahati,Navi Mumbai,600,180,420,59,Weekday,No,2025-01-30,low
TR3526,Guwahati,Amravati,600,166,434,19,Weekend,Yes,2024-08-11,low
TR3527,Guwahati,Jodhpur,600,226,374,18,Weekday,No,2024-03-13,low
TR3528,Guwahati,Udaipur,600,151,449,23,Weekday,No,2025-03-28,low
TR3529,Guwahati,Ajmer,600,217,383,41,Weekday,No,2025-01-28,low
TR3530,Guwahati,Kota,600,90,510,57,Weekday,No,2025-07-09,low
TR3531,Guwahati,Bikaner,600,147,453,20,Weekend,No,2025-03-16,low
TR3532,Guwahati,Alwar,600,219,381,12,Weekday,Yes,2024-04-03,low
TR3533,Guwahati,Varanasi,600,244,356,45,Weekend,No,2024-03-30,medium
TR3534,Guwahati,Prayagraj,600,132,468,32,Weekday,No,2025-07-24,low
TR3535,Guwahati,Agra,600,126,474,27,Weekday,No,2024-04-26,low
TR3536,Guwahati,Meerut,600,196,404,59,Weekday,No,2025-11-17,low
TR3537,Guwahati,Bareilly,600,139,461,29,Weekday,No,2024-03-18,low
TR3538,Guwahati,Gorakhpur,600,156,444,37,Weekday,No,2025-06-16,low
TR3539,Guwahati,Mathura,600,211,389,58,Weekend,No,2025-12-13,low
TR3540,Guwahati,Dehradun,600,143,457,12,Weekday,No,2024-11-18,low
TR3541,Guwahati,Haridwar,600,90,510,54,Weekend,No,2024-02-11,low
TR3542,Guwahati,Amritsar,600,106,494,57,Weekday,No,2025-10-02,low
TR3543,Guwahati,Ludhiana,600,169,431,28,Weekday,No,2024-05-16,low
TR3544,Guwahati,Jalandhar,600,90,510,20,Weekday,No,2025-01-20,low
TR3545,Guwahati,Patiala,600,155,445,9,Weekend,No,2025-12-20,low
TR3546,Guwahati,Chandigarh,600,102,498,2,Weekend,No,2025-06-28,low
TR3547,Guwahati,Jammu,600,248,352,59,Weekend,No,2024-02-03,medium
TR3548,Guwahati,Srinagar,600,273,327,25,Weekday,No,2025-08-22,medium
TR3549,Guwahati,Raipur,600,118,482,40,Weekend,Yes,2024-04-27,low
TR3550,Guwahati,Bilaspur,600,181,419,14,Weekday,No,2025-07-01,low
TR3551,Guwahati,Durg,600,123,477,19,Weekend,No,2025-03-29,low
TR3552,Guwahati,Jabalpur,600,154,446,49,Weekday,No,2024-07-29,low
TR3553,Guwahati,Gwalior,600,256,344,39,Weekday,No,2024-11-05,medium
TR3554,Guwahati,Ujjain,600,147,453,13,Weekday,No,2024-03-27,low
TR3555,Guwahati,Rewa,600,155,445,0,Weekday,No,2025-12-22,low
TR3556,Guwahati,Dhanbad,600,124,476,49,Weekend,No,2024-06-23,low
TR3557,Guwahati,Asansol,600,224,376,4,Weekday,No,2024-08-13,low
TR3558,Guwahati,Jamshedpur,600,90,510,2,Weekday,No,2025-01-02,low
TR3559,Guwahati,Tatanagar,600,148,452,18,Weekday,No,2025-05-06,low
TR3560,Guwahati,Gaya,600,167,433,55,Weekend,No,2025-01-04,low
TR3561,Guwahati,Muzaffarpur,600,137,463,38,Weekend,No,2025-01-04,low
TR3562,Guwahati,Bhagalpur,600,210,390,2,Weekend,No,2025-03-01,low
TR3563,Guwahati,Siliguri,600,227,373,55,Weekday,No,2025-09-18,low
TR3564,Guwahati,New Jalpaiguri,600,101,499,56,Weekday,No,2024-10-15,low
TR3565,Guwahati,Durgapur,600,269,331,41,Weekend,Yes,2025-08-31,medium
TR3566,Guwahati,Howrah,600,101,499,4,Weekday,No,2025-07-29,low
TR3567,Guwahati,Malda,600,231,369,0,Weekday,No,2025-12-03,low
TR3568,Guwahati,Panaji,600,176,424,52,Weekday,No,2025-10-29,low
TR3569,Dibrugarh,Delhi,600,145,455,49,Weekday,No,2025-08-06,low
TR3570,Dibrugarh,New Delhi,600,149,451,49,Weekend,No,2024-06-29,low
TR3571,Dibrugarh,Mumbai,600,167,433,29,Weekend,No,2025-07-20,low
TR3572,Dibrugarh,Chennai,600,179,421,35,Weekend,No,2025-06-22,low
TR3573,Dibrugarh,Kolkata,600,125,475,10,Weekday,No,2024-07-30,low
TR3574,Dibrugarh,Bangalore,600,158,442,2,Weekend,No,2025-05-10,low
TR3575,Dibrugarh,Hyderabad,600,132,468,13,Weekday,No,2024-07-03,low
TR3576,Dibrugarh,Pune,600,111,489,37,Weekday,No,2025-01-17,low
TR3577,Dibrugarh,Ahmedabad,600,130,470,24,Weekday,No,2025-08-05,low
TR3578,Dibrugarh,Jaipur,600,114,486,37,Weekday,No,2024-05-17,low
TR3579,Dibrugarh,Surat,600,149,451,26,Weekday,No,2024-09-03,low
TR3580,Dibrugarh,Lucknow,600,190,410,33,Weekday,No,2025-08-04,low
TR3581,Dibrugarh,Kanpur,600,175,425,57,Weekday,No,2024-11-27,low
TR3582,Dibrugarh,Nagpur,600,264,336,37,Weekday,No,2025-12-03,medium
TR3583,Dibrugarh,Indore,600,90,510,57,Weekend,No,2024-01-06,low
TR3584,Dibrugarh,Bhopal,600,191,409,58,Weekday,No,2025-06-11,low
TR3585,Dibrugarh,Patna,600,169,431,37,Weekday,No,2025-08-18,low
TR3586,Dibrugarh,Ranchi,600,208,392,59,Weekend,No,2025-11-01,low
TR3587,Dibrugarh,Bhubaneswar,600,203,397,14,Weekday,Yes,2024-04-24,low
TR3588,Dibrugarh,Cuttack,600,161,439,31,Weekend,No,2025-12-20,low
TR3589,Dibrugarh,Puri,600,177,423,4,Weekend,No,2024-10-13,low
TR3590,Dibrugarh,Rourkela,600,133,467,5,Weekend,Yes,2024-09-14,low
TR3591,Dibrugarh,Sambalpur,600,198,402,7,Weekday,Yes,2024-09-16,low
TR3592,Dibrugarh,Guwahati,600,90,510,8,Weekday,No,2025-04-11,low
TR3593,Dibrugarh,Agartala,600,206,394,24,Weekend,No,2025-04-26,low
TR3594,Dibrugarh,Silchar,600,168,432,43,Weekday,No,2024-12-12,low
TR3595,Dibrugarh,Visakhapatnam,600,146,454,59,Weekday,No,2024-02-21,low
TR3596,Dibrugarh,Vijayawada,600,158,442,58,Weekday,No,2025-12-22,low
TR3597,Dibrugarh,Guntur,600,161,439,10,Weekday,No,2024-06-11,low
TR3598,Dibrugarh,Tirupati,600,231,369,26,Weekend,No,2024-03-09,low
TR3599,Dibrugarh,Rajahmundry,600,324,276,25,Weekday,Yes,2025-03-12,medium
TR3600,Dibrugarh,Warangal,600,228,372,5,Weekday,Yes,2024-10-28,low
TR3601,Dibrugarh,Nizamabad,600,142,458,2,Weekday,No,2025-03-25,low
TR3602,Dibrugarh,Coimbatore,600,199,401,21,Weekday,No,2025-10-02,low
TR3603,Dibrugarh,Madurai,600,201,399,51,Weekday,No,2024-03-12,low
TR3604,Dibrugarh,Trichy,600,125,475,23,Weekday,No,2024-07-26,low
TR3605,Dibrugarh,Salem,600,108,492,23,Weekend,No,2025-01-12,low
TR3606,Dibrugarh,Erode,600,166,434,59,Weekday,No,2025-07-29,low
TR3607,Dibrugarh,Tirunelveli,600,208,392,22,Weekend,No,2025-03-15,low
TR3608,Dibrugarh,Thoothukudi,600,92,508,41,Weekend,Yes,2024-10-06,low
TR3609,Dibrugarh,Vellore,600,134,466,58,Weekday,No,2025-03-21,low
TR3610,Dibrugarh,Kochi,600,196,404,7,Weekday,No,2025-12-17,low
TR3611,Dibrugarh,Thiruvananthapuram,600,171,429,30,Weekday,No,2024-12-16,low
TR3612,Dibrugarh,Kozhikode,600,237,363,20,Weekday,No,2025-10-07,low
TR3613,Dibrugarh,Thrissur,600,101,499,7,Weekday,No,2025-07-24,low
TR3614,Dibrugarh,Kollam,600,282,318,2,Weekday,No,2024-08-08,medium
TR3615,Dibrugarh,Mysore,600,95,505,38,Weekday,No,2024-07-01,low
TR3616,Dibrugarh,Mangalore,600,90,510,39,Weekday,No,2025-07-17,low
TR3617,Dibrugarh,Hubli,600,166,434,33,Weekday,No,2024-05-31,low
TR3618,Dibrugarh,Belgaum,600,114,486,40,Weekday,No,2024-09-03,low
TR3619,Dibrugarh,Davangere,600,167,433,43,Weekday,No,2024-06-21,low
TR3620,Dibrugarh,Vadodara,600,165,435,3,Weekday,No,2025-03-19,low
TR3621,Dibrugarh,Rajkot,600,160,440,2,Weekend,No,2024-08-03,low
TR3622,Dibrugarh,Jamnagar,600,129,471,20,Weekend,No,2025-04-26,low
TR3623,Dibrugarh,Bhavnagar,600,190,410,34,Weekday,No,2025-11-14,low
TR3624,Dibrugarh,Gandhinagar,600,154,446,54,Weekday,No,2025-08-29,low
TR3625,Dibrugarh,Nashik,600,222,378,58,Weekend,No,2025-11-23,low
TR3626,Dibrugarh,Aurangabad,600,160,440,49,Weekday,No,2024-01-18,low
TR3627,Dibrugarh,Kolhapur,600,123,477,17,Weekday,No,2024-11-28,low
TR3628,Dibrugarh,Solapur,600,90,510,34,Weekend,No,2024-06-09,low
TR3629,Dibrugarh,Thane,600,161,439,6,Weekend,No,2025-11-01,low
TR3630,Dibrugarh,Navi Mumbai,600,108,492,29,Weekday,No,2025-06-04,low
TR3631,Dibrugarh,Amravati,600,104,496,5,Weekday,No,2024-08-22,low
TR3632,Dibrugarh,Jodhpur,600,194,406,59,Weekend,No,2025-02-15,low
TR3633,Dibrugarh,Udaipur,600,90,510,27,Weekday,No,2025-03-18,low
TR3634,Dibrugarh,Ajmer,600,237,363,43,Weekend,No,2024-12-28,low
TR3635,Dibrugarh,Kota,600,177,423,6,Weekday,No,2024-12-12,low
TR3636,Dibrugarh,Bikaner,600,167,433,57,Weekend,No,2024-02-10,low
TR3637,Dibrugarh,Alwar,600,119,481,31,Weekday,No,2024-11-26,low
TR3638,Dibrugarh,Varanasi,600,206,394,4,Weekday,No,2024-09-11,low
TR3639,Dibrugarh,Prayagraj,600,169,431,22,Weekday,No,2025-08-21,low
TR3640,Dibrugarh,Agra,600,136,464,12,Weekday,No,2025-09-24,low
TR3641,Dibrugarh,Meerut,600,179,421,4,Weekday,No,2025-07-02,low
TR3642,Dibrugarh,Bareilly,600,90,510,1,Weekday,No,2024-01-23,low
TR3643,Dibrugarh,Gorakhpur,600,90,510,42,Weekend,No,2025-09-06,low
TR3644,Dibrugarh,Mathura,600,115,485,52,Weekday,No,2024-10-16,low
TR3645,Dibrugarh,Dehradun,600,186,414,39,Weekday,No,2024-10-31,low
TR3646,Dibrugarh,Haridwar,600,169,431,41,Weekday,No,2025-11-21,low
TR3647,Dibrugarh,Amritsar,600,219,381,2,Weekday,No,2025-09-25,low
TR3648,Dibrugarh,Ludhiana,600,125,475,10,Weekday,No,2024-02-07,low
TR3649,Dibrugarh,Jalandhar,600,197,403,2,Weekday,No,2024-09-20,low
TR3650,Dibrugarh,Patiala,600,163,437,58,Weekday,No,2025-07-02,low
TR3651,Dibrugarh,Chandigarh,600,124,476,44,Weekday,No,2025-01-28,low
TR3652,Dibrugarh,Jammu,600,187,413,57,Weekend,No,2024-07-07,low
TR3653,Dibrugarh,Srinagar,600,166,434,54,Weekend,No,2025-01-18,low
TR3654,Dibrugarh,Raipur,600,139,461,13,Weekday,No,2025-09-25,low
TR3655,Dibrugarh,Bilaspur,600,171,429,30,Weekday,No,2024-06-12,low
TR3656,Dibrugarh,Durg,600,163,437,38,Weekend,Yes,2025-06-29,low
TR3657,Dibrugarh,Jabalpur,600,162,438,44,Weekend,No,2025-06-21,low
TR3658,Dibrugarh,Gwalior,600,149,451,40,Weekday,No,2025-10-09,low
TR3659,Dibrugarh,Ujjain,600,106,494,27,Weekday,No,2024-08-05,low
TR3660,Dibrugarh,Rewa,600,173,427,0,Weekday,No,2024-06-06,low
TR3661,Dibrugarh,Dhanbad,600,130,470,56,Weekday,No,2025-02-04,low
TR3662,Dibrugarh,Asansol,600,120,480,41,Weekday,Yes,2025-01-23,low
TR3663,Dibrugarh,Jamshedpur,600,157,443,50,Weekend,Yes,2024-10-26,low
TR3664,Dibrugarh,Tatanagar,600,204,396,13,Weekday,No,2025-07-23,low
TR3665,Dibrugarh,Gaya,600,178,422,6,Weekday,No,2025-08-07,low
TR3666,Dibrugarh,Muzaffarpur,600,143,457,54,Weekday,No,2024-06-28,low
TR3667,Dibrugarh,Bhagalpur,600,142,458,48,Weekday,No,2025-08-04,low
TR3668,Dibrugarh,Siliguri,600,199,401,50,Weekday,No,2024-06-17,low
TR3669,Dibrugarh,New Jalpaiguri,600,90,510,26,Weekday,No,2024-10-24,low
TR3670,Dibrugarh,Durgapur,600,207,393,54,Weekend,No,2024-01-20,low
TR3671,Dibrugarh,Howrah,600,90,510,13,Weekday,No,2024-09-05,low
TR3672,Dibrugarh,Malda,600,101,499,45,Weekday,No,2025-12-01,low
TR3673,Dibrugarh,Panaji,600,144,456,29,Weekday,No,2024-11-19,low
TR3674,Agartala,Delhi,600,273,327,9,Weekday,No,2025-06-03,medium
TR3675,Agartala,New Delhi,600,249,351,43,Weekday,No,2024-03-19,medium
TR3676,Agartala,Mumbai,600,203,397,21,Weekday,No,2025-04-09,low
TR3677,Agartala,Chennai,600,186,414,9,Weekend,No,2024-09-28,low
TR3678,Agartala,Kolkata,600,90,510,42,Weekday,No,2025-06-27,low
TR3679,Agartala,Bangalore,600,176,424,46,Weekend,No,2025-11-09,low
TR3680,Agartala,Hyderabad,600,143,457,19,Weekday,No,2025-01-23,low
TR3681,Agartala,Pune,600,130,470,58,Weekend,No,2024-03-16,low
TR3682,Agartala,Ahmedabad,600,176,424,42,Weekend,No,2024-12-14,low
TR3683,Agartala,Jaipur,600,146,454,1,Weekend,No,2024-03-30,low
TR3684,Agartala,Surat,600,211,389,20,Weekend,No,2024-11-24,low
TR3685,Agartala,Lucknow,600,90,510,58,Weekday,No,2024-02-14,low
TR3686,Agartala,Kanpur,600,173,427,10,Weekend,No,2025-04-13,low
TR3687,Agartala,Nagpur,600,127,473,57,Weekday,No,2024-08-14,low
TR3688,Agartala,Indore,600,149,451,31,Weekday,No,2024-05-27,low
TR3689,Agartala,Bhopal,600,184,416,40,Weekend,No,2024-01-13,low
TR3690,Agartala,Patna,600,115,485,41,Weekend,No,2025-10-11,low
TR3691,Agartala,Ranchi,600,177,423,30,Weekday,No,2025-09-03,low
TR3692,Agartala,Bhubaneswar,600,159,441,31,Weekend,No,2025-08-16,low
TR3693,Agartala,Cuttack,600,137,463,34,Weekday,No,2024-02-12,low
TR3694,Agartala,Puri,600,146,454,38,Weekday,No,2024-09-12,low
TR3695,Agartala,Rourkela,600,162,438,44,Weekday,No,2025-12-11,low
TR3696,Agartala,Sambalpur,600,132,468,26,Weekday,No,2025-02-26,low
TR3697,Agartala,Guwahati,600,169,431,26,Weekday,No,2024-04-03,low
TR3698,Agartala,Dibrugarh,600,156,444,46,Weekend,No,2024-04-13,low
TR3699,Agartala,Silchar,600,140,460,45,Weekday,No,2024-07-11,low
TR3700,Agartala,Visakhapatnam,600,245,355,38,Weekday,Yes,2025-12-11,medium
TR3701,Agartala,Vijayawada,600,189,411,27,Weekday,No,2024-05-03,low
TR3702,Agartala,Guntur,600,151,449,34,Weekday,No,2025-10-22,low
TR3703,Agartala,Tirupati,600,176,424,34,Weekend,No,2025-05-10,low
TR3704,Agartala,Rajahmundry,600,120,480,26,Weekday,Yes,2025-11-04,low
TR3705,Agartala,Warangal,600,148,452,10,Weekday,No,2025-08-26,low
TR3706,Agartala,Nizamabad,600,154,446,32,Weekday,No,2024-08-30,low
TR3707,Agartala,Coimbatore,600,109,491,26,Weekday,No,2025-08-28,low
TR3708,Agartala,Madurai,600,188,412,3,Weekday,No,2024-05-03,low
TR3709,Agartala,Trichy,600,145,455,57,Weekday,No,2024-07-31,low
TR3710,Agartala,Salem,600,152,448,40,Weekday,No,2024-06-03,low
TR3711,Agartala,Erode,600,142,458,6,Weekend,Yes,2024-04-07,low
TR3712,Agartala,Tirunelveli,600,311,289,12,Weekday,No,2024-03-06,medium
TR3713,Agartala,Thoothukudi,600,137,463,34,Weekday,No,2024-05-16,low
TR3714,Agartala,Vellore,600,90,510,51,Weekday,No,2024-03-28,low
TR3715,Agartala,Kochi,600,92,508,29,Weekend,No,2024-10-05,low
TR3716,Agartala,Thiruvananthapuram,600,205,395,48,Weekday,No,2024-02-22,low
TR3717,Agartala,Kozhikode,600,233,367,7,Weekday,No,2024-02-14,low
TR3718,Agartala,Thrissur,600,136,464,31,Weekday,No,2025-12-24,low
TR3719,Agartala,Kollam,600,230,370,49,Weekday,No,2024-03-05,low
TR3720,Agartala,Mysore,600,205,395,50,Weekend,No,2024-02-24,low
TR3721,Agartala,Mangalore,600,160,440,14,Weekday,No,2024-01-23,low
TR3722,Agartala,Hubli,600,156,444,40,Weekend,No,2024-04-06,low
TR3723,Agartala,Belgaum,600,178,422,2,Weekday,No,2025-01-20,low
TR3724,Agartala,Davangere,600,211,389,8,Weekday,No,2025-08-27,low
TR3725,Agartala,Vadodara,600,188,412,54,Weekend,No,2025-06-21,low
TR3726,Agartala,Rajkot,600,136,464,44,Weekday,No,2025-02-28,low
TR3727,Agartala,Jamnagar,600,161,439,12,Weekend,No,2024-03-03,low
TR3728,Agartala,Bhavnagar,600,264,336,59,Weekend,No,2025-07-20,medium
TR3729,Agartala,Gandhinagar,600,181,419,59,Weekend,No,2024-01-28,low
TR3730,Agartala,Nashik,600,211,389,2,Weekend,Yes,2025-04-06,low
TR3731,Agartala,Aurangabad,600,195,405,1,Weekend,No,2024-10-26,low
TR3732,Agartala,Kolhapur,600,182,418,14,Weekday,No,2025-10-06,low
TR3733,Agartala,Solapur,600,174,426,47,Weekday,No,2024-08-12,low
TR3734,Agartala,Thane,600,212,388,35,Weekday,No,2025-04-11,low
TR3735,Agartala,Navi Mumbai,600,203,397,30,Weekend,Yes,2024-11-17,low
TR3736,Agartala,Amravati,600,182,418,24,Weekday,No,2025-01-16,low
TR3737,Agartala,Jodhpur,600,136,464,28,Weekday,No,2025-11-17,low
TR3738,Agartala,Udaipur,600,187,413,38,Weekday,No,2025-06-05,low
TR3739,Agartala,Ajmer,600,166,434,3,Weekday,No,2024-10-30,low
TR3740,Agartala,Kota,600,154,446,35,Weekend,No,2024-11-23,low
TR3741,Agartala,Bikaner,600,298,302,13,Weekday,No,2025-05-30,medium
TR3742,Agartala,Alwar,600,95,505,47,Weekday,No,2024-09-09,low
TR3743,Agartala,Varanasi,600,215,385,11,Weekday,No,2024-05-02,low
TR3744,Agartala,Prayagraj,600,128,472,4,Weekend,No,2024-12-07,low
TR3745,Agartala,Agra,600,175,425,26,Weekday,No,2024-02-19,low
TR3746,Agartala,Meerut,600,292,308,26,Weekend,No,2024-05-04,medium
TR3747,Agartala,Bareilly,600,123,477,31,Weekend,No,2024-11-03,low
TR3748,Agartala,Gorakhpur,600,134,466,51,Weekday,No,2025-08-05,low
TR3749,Agartala,Mathura,600,168,432,41,Weekday,No,2025-07-25,low
TR3750,Agartala,Dehradun,600,128,472,21,Weekday,Yes,2024-07-09,low
TR3751,Agartala,Haridwar,600,211,389,43,Weekday,No,2024-11-04,low
TR3752,Agartala,Amritsar,600,143,457,30,Weekday,No,2024-04-22,low
TR3753,Agartala,Ludhiana,600,200,400,13,Weekend,Yes,2025-07-06,low
TR3754,Agartala,Jalandhar,600,105,495,1,Weekend,No,2024-06-29,low
TR3755,Agartala,Patiala,600,90,510,0,Weekday,No,2025-08-07,low
TR3756,Agartala,Chandigarh,600,158,442,13,Weekend,No,2025-09-07,low
TR3757,Agartala,Jammu,600,94,506,49,Weekend,No,2025-05-18,low
TR3758,Agartala,Srinagar,600,242,358,27,Weekday,No,2024-08-29,medium
TR3759,Agartala,Raipur,600,96,504,27,Weekday,No,2025-11-27,low
TR3760,Agartala,Bilaspur,600,119,481,23,Weekday,No,2025-05-16,low
TR3761,Agartala,Durg,600,189,411,15,Weekday,No,2025-04-17,low
TR3762,Agartala,Jabalpur,600,141,459,42,Weekday,No,2025-09-18,low
TR3763,Agartala,Gwalior,600,96,504,0,Weekday,No,2025-10-06,low
TR3764,Agartala,Ujjain,600,267,333,36,Weekday,No,2024-02-26,medium
TR3765,Agartala,Rewa,600,121,479,56,Weekday,No,2025-10-06,low
TR3766,Agartala,Dhanbad,600,160,440,52,Weekend,No,2025-07-13,low
TR3767,Agartala,Asansol,600,159,441,22,Weekday,No,2024-05-30,low
TR3768,Agartala,Jamshedpur,600,203,397,51,Weekday,No,2024-08-12,low
TR3769,Agartala,Tatanagar,600,191,409,14,Weekday,No,2025-07-04,low
TR3770,Agartala,Gaya,600,129,471,14,Weekday,No,2024-06-07,low
TR3771,Agartala,Muzaffarpur,600,153,447,20,Weekday,No,2024-11-26,low
TR3772,Agartala,Bhagalpur,600,158,442,1,Weekend,No,2025-05-18,low
TR3773,Agartala,Siliguri,600,205,395,15,Weekend,No,2025-04-20,low
TR3774,Agartala,New Jalpaiguri,600,113,487,51,Weekday,No,2025-10-27,low
TR3775,Agartala,Durgapur,600,266,334,45,Weekday,No,2024-03-22,medium
TR3776,Agartala,Howrah,600,133,467,19,Weekend,No,2024-08-03,low
TR3777,Agartala,Malda,600,169,431,18,Weekend,No,2025-12-20,low
TR3778,Agartala,Panaji,600,113,487,20,Weekday,No,2025-02-19,low
TR3779,Silchar,Delhi,600,107,493,7,Weekend,Yes,2024-06-30,low
TR3780,Silchar,New Delhi,600,127,473,9,Weekday,No,2024-07-30,low
TR3781,Silchar,Mumbai,600,122,478,59,Weekday,No,2024-09-04,low
TR3782,Silchar,Chennai,600,149,451,41,Weekend,No,2025-02-09,low
TR3783,Silchar,Kolkata,600,122,478,40,Weekend,No,2024-07-27,low
TR3784,Silchar,Bangalore,600,202,398,16,Weekend,No,2025-03-30,low
TR3785,Silchar,Hyderabad,600,131,469,51,Weekday,No,2024-11-21,low
TR3786,Silchar,Pune,600,126,474,10,Weekend,No,2025-03-22,low
TR3787,Silchar,Ahmedabad,600,150,450,58,Weekday,No,2024-04-23,low
TR3788,Silchar,Jaipur,600,217,383,30,Weekday,No,2025-03-31,low
TR3789,Silchar,Surat,600,179,421,19,Weekday,No,2025-11-06,low
TR3790,Silchar,Lucknow,600,164,436,45,Weekday,No,2024-04-08,low
TR3791,Silchar,Kanpur,600,100,500,25,Weekday,No,2024-08-27,low
TR3792,Silchar,Nagpur,600,114,486,16,Weekday,No,2025-05-21,low
TR3793,Silchar,Indore,600,108,492,41,Weekday,No,2025-03-27,low
TR3794,Silchar,Bhopal,600,232,368,43,Weekday,No,2025-05-08,low
TR3795,Silchar,Patna,600,194,406,36,Weekday,No,2025-02-13,low
TR3796,Silchar,Ranchi,600,128,472,27,Weekday,No,2025-05-13,low
TR3797,Silchar,Bhubaneswar,600,142,458,19,Weekday,Yes,2025-03-21,low
TR3798,Silchar,Cuttack,600,129,471,24,Weekend,No,2024-02-24,low
TR3799,Silchar,Puri,600,126,474,52,Weekday,Yes,2025-07-03,low
TR3800,Silchar,Rourkela,600,191,409,21,Weekday,No,2024-11-22,low
TR3801,Silchar,Sambalpur,600,155,445,58,Weekday,No,2024-02-07,low
TR3802,Silchar,Guwahati,600,269,331,8,Weekend,No,2024-10-26,medium
TR3803,Silchar,Dibrugarh,600,229,371,9,Weekday,No,2024-11-14,low
TR3804,Silchar,Agartala,600,232,368,19,Weekday,No,2024-03-04,low
TR3805,Silchar,Visakhapatnam,600,201,399,0,Weekday,No,2025-12-29,low
TR3806,Silchar,Vijayawada,600,149,451,52,Weekday,No,2024-06-11,low
TR3807,Silchar,Guntur,600,198,402,20,Weekday,Yes,2024-08-29,low
TR3808,Silchar,Tirupati,600,152,448,6,Weekday,No,2024-11-18,low
TR3809,Silchar,Rajahmundry,600,247,353,37,Weekend,No,2025-08-31,medium
TR3810,Silchar,Warangal,600,188,412,57,Weekday,Yes,2025-06-27,low
TR3811,Silchar,Nizamabad,600,182,418,59,Weekday,No,2025-07-17,low
TR3812,Silchar,Coimbatore,600,175,425,6,Weekend,No,2024-06-22,low
TR3813,Silchar,Madurai,600,252,348,47,Weekday,No,2025-09-10,medium
TR3814,Silchar,Trichy,600,100,500,21,Weekday,No,2025-08-29,low
TR3815,Silchar,Salem,600,257,343,50,Weekday,No,2024-12-05,medium
TR3816,Silchar,Erode,600,160,440,36,Weekend,No,2025-02-02,low
TR3817,Silchar,Tirunelveli,600,101,499,43,Weekend,Yes,2024-01-28,low
TR3818,Silchar,Thoothukudi,600,133,467,50,Weekday,No,2025-07-09,low
TR3819,Silchar,Vellore,600,90,510,53,Weekday,No,2025-12-03,low
TR3820,Silchar,Kochi,600,200,400,8,Weekday,No,2024-12-11,low
TR3821,Silchar,Thiruvananthapuram,600,119,481,43,Weekday,No,2025-01-30,low
TR3822,Silchar,Kozhikode,600,177,423,8,Weekday,No,2024-12-30,low
TR3823,Silchar,Thrissur,600,223,377,56,Weekday,No,2024-03-01,low
TR3824,Silchar,Kollam,600,137,463,37,Weekend,No,2025-03-29,low
TR3825,Silchar,Mysore,600,156,444,11,Weekday,No,2025-06-11,low
TR3826,Silchar,Mangalore,600,106,494,17,Weekend,No,2025-11-09,low
TR3827,Silchar,Hubli,600,150,450,53,Weekday,No,2025-11-10,low
TR3828,Silchar,Belgaum,600,293,307,38,Weekday,No,2024-12-25,medium
TR3829,Silchar,Davangere,600,206,394,13,Weekday,No,2025-12-02,low
TR3830,Silchar,Vadodara,600,156,444,49,Weekday,No,2025-01-21,low
TR3831,Silchar,Rajkot,600,140,460,43,Weekday,No,2025-04-14,low
TR3832,Silchar,Jamnagar,600,167,433,4,Weekend,No,2025-03-16,low
TR3833,Silchar,Bhavnagar,600,175,425,16,Weekday,No,2025-12-31,low
TR3834,Silchar,Gandhinagar,600,149,451,50,Weekday,No,2025-06-23,low
TR3835,Silchar,Nashik,600,194,406,21,Weekday,Yes,2024-03-28,low
TR3836,Silchar,Aurangabad,600,123,477,2,Weekday,No,2024-02-22,low
TR3837,Silchar,Kolhapur,600,123,477,36,Weekend,No,2024-10-26,low
TR3838,Silchar,Solapur,600,187,413,53,Weekend,No,2025-01-11,low
TR3839,Silchar,Thane,600,113,487,33,Weekend,No,2025-05-03,low
TR3840,Silchar,Navi Mumbai,600,204,396,58,Weekday,Yes,2024-12-18,low
TR3841,Silchar,Amravati,600,168,432,6,Weekend,No,2025-01-11,low
TR3842,Silchar,Jodhpur,600,90,510,40,Weekday,No,2025-11-04,low
TR3843,Silchar,Udaipur,600,174,426,38,Weekend,No,2024-09-01,low
TR3844,Silchar,Ajmer,600,90,510,59,Weekday,No,2024-12-26,low
TR3845,Silchar,Kota,600,202,398,31,Weekday,No,2025-02-11,low
TR3846,Silchar,Bikaner,600,157,443,49,Weekend,No,2024-12-08,low
TR3847,Silchar,Alwar,600,258,342,8,Weekday,No,2025-12-08,medium
TR3848,Silchar,Varanasi,600,220,380,2,Weekday,No,2025-12-04,low
TR3849,Silchar,Prayagraj,600,118,482,42,Weekday,No,2025-01-10,low
TR3850,Silchar,Agra,600,90,510,0,Weekday,No,2024-11-25,low
TR3851,Silchar,Meerut,600,133,467,52,Weekday,No,2025-03-06,low
TR3852,Silchar,Bareilly,600,110,490,1,Weekend,Yes,2024-05-12,low
TR3853,Silchar,Gorakhpur,600,257,343,41,Weekday,No,2024-11-07,medium
TR3854,Silchar,Mathura,600,168,432,27,Weekday,No,2024-06-07,low
TR3855,Silchar,Dehradun,600,214,386,38,Weekday,No,2024-04-15,low
TR3856,Silchar,Haridwar,600,155,445,37,Weekend,No,2024-03-10,low
TR3857,Silchar,Amritsar,600,160,440,26,Weekday,No,2025-03-05,low
TR3858,Silchar,Ludhiana,600,167,433,28,Weekday,No,2024-01-01,low
TR3859,Silchar,Jalandhar,600,222,378,30,Weekday,No,2025-04-17,low
TR3860,Silchar,Patiala,600,184,416,40,Weekday,No,2024-11-11,low
TR3861,Silchar,Chandigarh,600,118,482,42,Weekday,No,2024-09-24,low
TR3862,Silchar,Jammu,600,247,353,26,Weekday,No,2025-07-16,medium
TR3863,Silchar,Srinagar,600,155,445,21,Weekday,No,2025-01-28,low
TR3864,Silchar,Raipur,600,147,453,2,Weekday,No,2025-06-20,low
TR3865,Silchar,Bilaspur,600,90,510,46,Weekday,No,2025-06-02,low
TR3866,Silchar,Durg,600,199,401,13,Weekday,No,2024-01-24,low
TR3867,Silchar,Jabalpur,600,174,426,26,Weekday,No,2024-06-06,low
TR3868,Silchar,Gwalior,600,174,426,59,Weekday,No,2025-02-20,low
TR3869,Silchar,Ujjain,600,150,450,47,Weekend,Yes,2025-12-14,low
TR3870,Silchar,Rewa,600,141,459,20,Weekday,No,2024-04-22,low
TR3871,Silchar,Dhanbad,600,151,449,28,Weekday,No,2024-03-18,low
TR3872,Silchar,Asansol,600,191,409,19,Weekday,No,2025-11-18,low
TR3873,Silchar,Jamshedpur,600,200,400,37,Weekend,No,2025-12-07,low
TR3874,Silchar,Tatanagar,600,158,442,9,Weekday,No,2024-05-02,low
TR3875,Silchar,Gaya,600,214,386,57,Weekend,No,2024-10-20,low
TR3876,Silchar,Muzaffarpur,600,165,435,59,Weekday,No,2025-04-03,low
TR3877,Silchar,Bhagalpur,600,145,455,17,Weekday,No,2024-05-22,low
TR3878,Silchar,Siliguri,600,178,422,13,Weekday,No,2024-08-26,low
TR3879,Silchar,New Jalpaiguri,600,104,496,32,Weekday,No,2024-10-15,low
TR3880,Silchar,Durgapur,600,180,420,38,Weekend,No,2025-04-13,low
TR3881,Silchar,Howrah,600,95,505,38,Weekday,No,2024-08-13,low
TR3882,Silchar,Malda,600,120,480,2,Weekday,No,2024-10-28,low
TR3883,Silchar,Panaji,600,90,510,42,Weekday,No,2024-07-30,low
TR3884,Visakhapatnam,Delhi,600,161,439,3,Weekday,No,2025-07-09,low
TR3885,Visakhapatnam,New Delhi,600,246,354,20,Weekend,No,2024-04-21,medium
TR3886,Visakhapatnam,Mumbai,600,163,437,43,Weekday,No,2024-06-17,low
TR3887,Visakhapatnam,Chennai,600,200,400,53,Weekday,No,2024-07-01,low
TR3888,Visakhapatnam,Kolkata,600,282,318,38,Weekday,No,2025-10-24,medium
TR3889,Visakhapatnam,Bangalore,600,188,412,9,Weekday,No,2025-11-21,low
TR3890,Visakhapatnam,Hyderabad,600,132,468,40,Weekday,No,2024-12-31,low
TR3891,Visakhapatnam,Pune,600,139,461,2,Weekday,No,2024-04-24,low
TR3892,Visakhapatnam,Ahmedabad,600,169,431,13,Weekend,No,2025-07-06,low
TR3893,Visakhapatnam,Jaipur,600,139,461,7,Weekday,No,2024-12-25,low
TR3894,Visakhapatnam,Surat,600,142,458,59,Weekend,No,2025-09-13,low
TR3895,Visakhapatnam,Lucknow,600,216,384,22,Weekday,No,2024-09-20,low
TR3896,Visakhapatnam,Kanpur,600,218,382,33,Weekday,No,2025-12-31,low
TR3897,Visakhapatnam,Nagpur,600,90,510,47,Weekday,No,2025-08-12,low
TR3898,Visakhapatnam,Indore,600,130,470,58,Weekday,No,2024-06-12,low
TR3899,Visakhapatnam,Bhopal,600,147,453,59,Weekend,Yes,2025-06-14,low
TR3900,Visakhapatnam,Patna,600,198,402,9,Weekend,No,2024-07-28,low
TR3901,Visakhapatnam,Ranchi,600,224,376,23,Weekday,Yes,2024-09-12,low
TR3902,Visakhapatnam,Bhubaneswar,600,299,301,24,Weekday,No,2024-07-02,medium
TR3903,Visakhapatnam,Cuttack,600,147,453,47,Weekday,No,2025-05-13,low
TR3904,Visakhapatnam,Puri,600,149,451,20,Weekday,No,2024-07-11,low
TR3905,Visakhapatnam,Rourkela,600,197,403,13,Weekday,No,2025-04-11,low
TR3906,Visakhapatnam,Sambalpur,600,136,464,45,Weekend,No,2025-03-01,low
TR3907,Visakhapatnam,Guwahati,600,162,438,29,Weekday,No,2025-07-02,low
TR3908,Visakhapatnam,Dibrugarh,600,149,451,44,Weekend,Yes,2025-12-27,low
TR3909,Visakhapatnam,Agartala,600,90,510,22,Weekend,No,2024-01-07,low
TR3910,Visakhapatnam,Silchar,600,175,425,29,Weekday,No,2025-12-24,low
TR3911,Visakhapatnam,Vijayawada,600,160,440,0,Weekday,No,2024-03-20,low
TR3912,Visakhapatnam,Guntur,600,230,370,0,Weekday,No,2025-01-20,low
TR3913,Visakhapatnam,Tirupati,600,169,431,0,Weekday,No,2024-09-06,low
TR3914,Visakhapatnam,Rajahmundry,600,109,491,10,Weekend,No,2025-04-12,low
TR3915,Visakhapatnam,Warangal,600,157,443,20,Weekday,No,2025-06-11,low
TR3916,Visakhapatnam,Nizamabad,600,90,510,3,Weekend,No,2025-09-20,low
TR3917,Visakhapatnam,Coimbatore,600,111,489,9,Weekend,No,2024-10-20,low
TR3918,Visakhapatnam,Madurai,600,199,401,50,Weekday,No,2025-11-12,low
TR3919,Visakhapatnam,Trichy,600,157,443,51,Weekday,No,2024-08-23,low
TR3920,Visakhapatnam,Salem,600,213,387,17,Weekday,No,2024-05-29,low
TR3921,Visakhapatnam,Erode,600,90,510,56,Weekday,No,2024-10-04,low
TR3922,Visakhapatnam,Tirunelveli,600,157,443,7,Weekday,No,2025-01-21,low
TR3923,Visakhapatnam,Thoothukudi,600,146,454,1,Weekend,No,2025-05-03,low
TR3924,Visakhapatnam,Vellore,600,215,385,21,Weekend,Yes,2025-08-31,low
TR3925,Visakhapatnam,Kochi,600,201,399,15,Weekday,No,2024-06-13,low
TR3926,Visakhapatnam,Thiruvananthapuram,600,200,400,4,Weekday,Yes,2024-08-09,low
TR3927,Visakhapatnam,Kozhikode,600,243,357,50,Weekday,No,2025-11-17,medium
TR3928,Visakhapatnam,Thrissur,600,151,449,58,Weekend,No,2024-11-17,low
TR3929,Visakhapatnam,Kollam,600,233,367,16,Weekday,No,2024-06-25,low
TR3930,Visakhapatnam,Mysore,600,119,481,18,Weekend,No,2025-12-21,low
TR3931,Visakhapatnam,Mangalore,600,117,483,43,Weekend,No,2024-11-24,low
TR3932,Visakhapatnam,Hubli,600,205,395,55,Weekend,No,2025-12-21,low
TR3933,Visakhapatnam,Belgaum,600,97,503,17,Weekday,No,2025-11-03,low
TR3934,Visakhapatnam,Davangere,600,196,404,40,Weekday,No,2025-10-24,low
TR3935,Visakhapatnam,Vadodara,600,174,426,1,Weekend,No,2025-03-01,low
TR3936,Visakhapatnam,Rajkot,600,220,380,33,Weekday,No,2025-08-06,low
TR3937,Visakhapatnam,Jamnagar,600,166,434,59,Weekday,No,2025-12-03,low
TR3938,Visakhapatnam,Bhavnagar,600,172,428,28,Weekday,No,2024-07-15,low
TR3939,Visakhapatnam,Gandhinagar,600,193,407,38,Weekend,No,2024-01-28,low
TR3940,Visakhapatnam,Nashik,600,137,463,41,Weekday,No,2024-08-22,low
TR3941,Visakhapatnam,Aurangabad,600,135,465,37,Weekday,No,2025-04-10,low
TR3942,Visakhapatnam,Kolhapur,600,192,408,41,Weekday,No,2025-02-04,low
TR3943,Visakhapatnam,Solapur,600,168,432,53,Weekday,No,2024-02-28,low
TR3944,Visakhapatnam,Thane,600,149,451,0,Weekday,No,2025-02-13,low
TR3945,Visakhapatnam,Navi Mumbai,600,165,435,53,Weekday,No,2024-05-07,low
TR3946,Visakhapatnam,Amravati,600,245,355,54,Weekend,Yes,2025-01-04,medium
TR3947,Visakhapatnam,Jodhpur,600,148,452,54,Weekday,Yes,2025-02-24,low
TR3948,Visakhapatnam,Udaipur,600,146,454,22,Weekday,No,2025-04-10,low
TR3949,Visakhapatnam,Ajmer,600,90,510,34,Weekday,No,2024-10-28,low
TR3950,Visakhapatnam,Kota,600,167,433,21,Weekday,No,2024-10-25,low
TR3951,Visakhapatnam,Bikaner,600,200,400,50,Weekend,No,2025-05-11,low
TR3952,Visakhapatnam,Alwar,600,209,391,24,Weekday,No,2025-07-01,low
TR3953,Visakhapatnam,Varanasi,600,174,426,18,Weekday,No,2025-08-13,low
TR3954,Visakhapatnam,Prayagraj,600,215,385,41,Weekend,No,2024-08-31,low
TR3955,Visakhapatnam,Agra,600,204,396,2,Weekday,Yes,2024-11-05,low
TR3956,Visakhapatnam,Meerut,600,222,378,22,Weekday,No,2024-08-29,low
TR3957,Visakhapatnam,Bareilly,600,216,384,12,Weekday,No,2025-01-20,low
TR3958,Visakhapatnam,Gorakhpur,600,244,356,22,Weekday,No,2024-04-03,medium
TR3959,Visakhapatnam,Mathura,600,161,439,26,Weekend,No,2024-11-10,low
TR3960,Visakhapatnam,Dehradun,600,105,495,3,Weekday,No,2024-05-17,low
TR3961,Visakhapatnam,Haridwar,600,201,399,51,Weekday,No,2025-01-24,low
TR3962,Visakhapatnam,Amritsar,600,206,394,24,Weekend,Yes,2025-09-13,low
TR3963,Visakhapatnam,Ludhiana,600,244,356,21,Weekend,No,2025-12-21,medium
TR3964,Visakhapatnam,Jalandhar,600,230,370,8,Weekday,No,2024-11-22,low
TR3965,Visakhapatnam,Patiala,600,262,338,59,Weekend,No,2024-02-11,medium
TR3966,Visakhapatnam,Chandigarh,600,199,401,51,Weekend,No,2024-06-15,low
TR3967,Visakhapatnam,Jammu,600,180,420,28,Weekend,No,2024-03-17,low
TR3968,Visakhapatnam,Srinagar,600,102,498,20,Weekday,No,2025-07-09,low
TR3969,Visakhapatnam,Raipur,600,184,416,28,Weekend,No,2025-12-20,low
TR3970,Visakhapatnam,Bilaspur,600,142,458,57,Weekend,No,2025-02-08,low
TR3971,Visakhapatnam,Durg,600,179,421,13,Weekday,No,2024-05-09,low
TR3972,Visakhapatnam,Jabalpur,600,172,428,41,Weekday,No,2024-01-16,low
TR3973,Visakhapatnam,Gwalior,600,192,408,54,Weekend,No,2025-12-14,low
TR3974,Visakhapatnam,Ujjain,600,164,436,45,Weekday,Yes,2024-08-19,low
TR3975,Visakhapatnam,Rewa,600,214,386,52,Weekday,No,2024-03-22,low
TR3976,Visakhapatnam,Dhanbad,600,90,510,56,Weekday,No,2024-05-09,low
TR3977,Visakhapatnam,Asansol,600,178,422,3,Weekday,No,2024-07-05,low
TR3978,Visakhapatnam,Jamshedpur,600,227,373,14,Weekday,Yes,2025-04-24,low
TR3979,Visakhapatnam,Tatanagar,600,259,341,8,Weekday,No,2025-10-13,medium
TR3980,Visakhapatnam,Gaya,600,204,396,34,Weekend,No,2024-07-20,low
TR3981,Visakhapatnam,Muzaffarpur,600,250,350,24,Weekend,No,2025-05-17,medium
TR3982,Visakhapatnam,Bhagalpur,600,177,423,2,Weekend,No,2024-02-17,low
TR3983,Visakhapatnam,Siliguri,600,169,431,33,Weekday,No,2024-01-08,low
TR3984,Visakhapatnam,New Jalpaiguri,600,194,406,6,Weekend,No,2024-02-10,low
TR3985,Visakhapatnam,Durgapur,600,169,431,24,Weekday,No,2025-11-05,low
TR3986,Visakhapatnam,Howrah,600,131,469,21,Weekend,No,2025-03-01,low
TR3987,Visakhapatnam,Malda,600,144,456,53,Weekday,No,2025-08-11,low
TR3988,Visakhapatnam,Panaji,600,116,484,40,Weekday,No,2024-01-16,low
TR3989,Vijayawada,Delhi,600,194,406,37,Weekday,No,2024-01-17,low
TR3990,Vijayawada,New Delhi,600,169,431,49,Weekday,No,2025-09-12,low
TR3991,Vijayawada,Mumbai,600,152,448,10,Weekend,No,2024-03-16,low
TR3992,Vijayawada,Chennai,600,142,458,15,Weekday,No,2024-04-23,low
TR3993,Vijayawada,Kolkata,600,193,407,45,Weekday,No,2025-01-14,low
TR3994,Vijayawada,Bangalore,600,206,394,44,Weekday,No,2025-03-19,low
TR3995,Vijayawada,Hyderabad,600,115,485,1,Weekend,No,2024-06-16,low
TR3996,Vijayawada,Pune,600,107,493,13,Weekday,No,2024-11-21,low
TR3997,Vijayawada,Ahmedabad,600,215,385,13,Weekday,No,2025-05-08,low
TR3998,Vijayawada,Jaipur,600,103,497,0,Weekday,No,2024-11-19,low
TR3999,Vijayawada,Surat,600,195,405,39,Weekend,Yes,2024-10-06,low
TR4000,Vijayawada,Lucknow,600,247,353,3,Weekday,Yes,2024-02-22,medium
TR4001,Vijayawada,Kanpur,600,247,353,50,Weekday,No,2024-11-26,medium
TR4002,Vijayawada,Nagpur,600,204,396,35,Weekend,No,2025-08-09,low
TR4003,Vijayawada,Indore,600,203,397,45,Weekday,No,2025-04-03,low
TR4004,Vijayawada,Bhopal,600,277,323,29,Weekday,Yes,2025-10-14,medium
TR4005,Vijayawada,Patna,600,90,510,58,Weekday,No,2024-04-02,low
TR4006,Vijayawada,Ranchi,600,147,453,16,Weekday,No,2024-01-09,low
TR4007,Vijayawada,Bhubaneswar,600,210,390,33,Weekday,No,2025-02-04,low
TR4008,Vijayawada,Cuttack,600,153,447,0,Weekday,No,2024-05-10,low
TR4009,Vijayawada,Puri,600,228,372,49,Weekday,No,2025-03-10,low
TR4010,Vijayawada,Rourkela,600,167,433,34,Weekday,No,2025-10-22,low
TR4011,Vijayawada,Sambalpur,600,175,425,10,Weekday,No,2024-09-03,low
TR4012,Vijayawada,Guwahati,600,156,444,49,Weekday,No,2025-02-05,low
TR4013,Vijayawada,Dibrugarh,600,144,456,59,Weekday,No,2025-05-13,low
TR4014,Vijayawada,Agartala,600,143,457,4,Weekday,No,2024-04-19,low
TR4015,Vijayawada,Silchar,600,182,418,50,Weekday,No,2025-10-17,low
TR4016,Vijayawada,Visakhapatnam,600,132,468,44,Weekday,No,2024-05-28,low
TR4017,Vijayawada,Guntur,600,215,385,21,Weekday,No,2025-08-13,low
TR4018,Vijayawada,Tirupati,600,200,400,38,Weekend,No,2025-04-27,low
TR4019,Vijayawada,Rajahmundry,600,222,378,47,Weekend,No,2024-04-13,low
TR4020,Vijayawada,Warangal,600,115,485,28,Weekday,No,2025-06-13,low
TR4021,Vijayawada,Nizamabad,600,90,510,39,Weekday,No,2024-05-23,low
TR4022,Vijayawada,Coimbatore,600,169,431,2,Weekday,No,2025-03-14,low
TR4023,Vijayawada,Madurai,600,308,292,55,Weekday,No,2025-12-02,medium
TR4024,Vijayawada,Trichy,600,230,370,55,Weekday,No,2025-11-27,low
TR4025,Vijayawada,Salem,600,142,458,12,Weekend,No,2025-09-28,low
TR4026,Vijayawada,Erode,600,189,411,28,Weekday,No,2024-12-27,low
TR4027,Vijayawada,Tirunelveli,600,204,396,14,Weekday,No,2025-02-13,low
TR4028,Vijayawada,Thoothukudi,600,103,497,23,Weekday,No,2024-08-07,low
TR4029,Vijayawada,Vellore,600,235,365,16,Weekday,Yes,2025-11-04,low
TR4030,Vijayawada,Kochi,600,161,439,51,Weekend,No,2024-12-14,low
TR4031,Vijayawada,Thiruvananthapuram,600,165,435,41,Weekday,No,2025-07-18,low
TR4032,Vijayawada,Kozhikode,600,170,430,50,Weekday,No,2024-09-19,low
TR4033,Vijayawada,Thrissur,600,224,376,47,Weekday,Yes,2025-06-25,low
TR4034,Vijayawada,Kollam,600,133,467,43,Weekday,No,2024-06-13,low
TR4035,Vijayawada,Mysore,600,90,510,9,Weekday,No,2025-06-20,low
TR4036,Vijayawada,Mangalore,600,184,416,49,Weekend,No,2024-02-03,low
TR4037,Vijayawada,Hubli,600,90,510,46,Weekend,Yes,2024-03-17,low
TR4038,Vijayawada,Belgaum,600,154,446,7,Weekend,No,2024-09-14,low
TR4039,Vijayawada,Davangere,600,226,374,5,Weekday,No,2024-12-18,low
TR4040,Vijayawada,Vadodara,600,197,403,45,Weekday,No,2025-06-04,low
TR4041,Vijayawada,Rajkot,600,219,381,23,Weekday,No,2024-09-19,low
TR4042,Vijayawada,Jamnagar,600,199,401,19,Weekend,No,2024-01-14,low
TR4043,Vijayawada,Bhavnagar,600,285,315,23,Weekend,No,2024-08-25,medium
TR4044,Vijayawada,Gandhinagar,600,141,459,52,Weekend,Yes,2024-11-17,low
TR4045,Vijayawada,Nashik,600,188,412,21,Weekend,No,2025-02-01,low
TR4046,Vijayawada,Aurangabad,600,148,452,22,Weekday,No,2025-04-15,low
TR4047,Vijayawada,Kolhapur,600,215,385,23,Weekend,No,2024-06-30,low
TR4048,Vijayawada,Solapur,600,166,434,3,Weekend,No,2025-03-22,low
TR4049,Vijayawada,Thane,600,251,349,2,Weekend,No,2025-04-06,medium
TR4050,Vijayawada,Navi Mumbai,600,143,457,24,Weekday,No,2025-07-21,low
TR4051,Vijayawada,Amravati,600,236,364,1,Weekday,No,2025-01-16,low
TR4052,Vijayawada,Jodhpur,600,197,403,45,Weekday,No,2025-08-15,low
TR4053,Vijayawada,Udaipur,600,167,433,25,Weekday,No,2024-06-10,low
TR4054,Vijayawada,Ajmer,600,195,405,30,Weekday,No,2025-06-04,low
TR4055,Vijayawada,Kota,600,181,419,20,Weekend,Yes,2024-02-03,low
TR4056,Vijayawada,Bikaner,600,186,414,45,Weekend,No,2024-03-16,low
TR4057,Vijayawada,Alwar,600,159,441,25,Weekday,No,2025-09-24,low
TR4058,Vijayawada,Varanasi,600,135,465,2,Weekday,No,2024-12-13,low
TR4059,Vijayawada,Prayagraj,600,153,447,29,Weekend,Yes,2025-03-29,low
TR4060,Vijayawada,Agra,600,90,510,10,Weekday,No,2025-03-17,low
TR4061,Vijayawada,Meerut,600,209,391,35,Weekday,No,2025-05-22,low
TR4062,Vijayawada,Bareilly,600,110,490,33,Weekday,No,2024-06-28,low
TR4063,Vijayawada,Gorakhpur,600,159,441,28,Weekday,No,2024-05-10,low
TR4064,Vijayawada,Mathura,600,200,400,23,Weekday,No,2024-02-01,low
TR4065,Vijayawada,Dehradun,600,209,391,35,Weekday,No,2025-09-24,low
TR4066,Vijayawada,Haridwar,600,90,510,40,Weekday,No,2024-06-12,low
TR4067,Vijayawada,Amritsar,600,165,435,52,Weekday,No,2025-02-24,low
TR4068,Vijayawada,Ludhiana,600,191,409,57,Weekday,No,2024-11-28,low
TR4069,Vijayawada,Jalandhar,600,171,429,4,Weekend,No,2024-04-28,low
TR4070,Vijayawada,Patiala,600,233,367,39,Weekday,No,2024-10-29,low
TR4071,Vijayawada,Chandigarh,600,130,470,5,Weekday,No,2024-03-01,low
TR4072,Vijayawada,Jammu,600,90,510,25,Weekday,No,2024-05-09,low
TR4073,Vijayawada,Srinagar,600,208,392,44,Weekday,No,2024-04-12,low
TR4074,Vijayawada,Raipur,600,143,457,32,Weekday,No,2025-08-25,low
TR4075,Vijayawada,Bilaspur,600,90,510,48,Weekday,No,2025-02-18,low
TR4076,Vijayawada,Durg,600,161,439,54,Weekday,No,2025-11-07,low
TR4077,Vijayawada,Jabalpur,600,228,372,58,Weekday,No,2024-11-14,low
TR4078,Vijayawada,Gwalior,600,108,492,40,Weekday,No,2024-05-27,low
TR4079,Vijayawada,Ujjain,600,281,319,40,Weekday,No,2025-03-20,medium
TR4080,Vijayawada,Rewa,600,129,471,48,Weekday,No,2025-11-10,low
TR4081,Vijayawada,Dhanbad,600,173,427,13,Weekday,No,2025-01-24,low
TR4082,Vijayawada,Asansol,600,110,490,18,Weekend,No,2024-01-14,low
TR4083,Vijayawada,Jamshedpur,600,171,429,20,Weekday,No,2024-08-09,low
TR4084,Vijayawada,Tatanagar,600,163,437,44,Weekday,No,2025-11-07,low
TR4085,Vijayawada,Gaya,600,97,503,21,Weekday,No,2025-01-13,low
TR4086,Vijayawada,Muzaffarpur,600,305,295,8,Weekday,No,2025-11-26,medium
TR4087,Vijayawada,Bhagalpur,600,145,455,47,Weekday,Yes,2025-01-07,low
TR4088,Vijayawada,Siliguri,600,145,455,44,Weekday,No,2024-01-09,low
TR4089,Vijayawada,New Jalpaiguri,600,215,385,35,Weekday,No,2025-09-30,low
TR4090,Vijayawada,Durgapur,600,256,344,52,Weekday,No,2025-07-11,medium
TR4091,Vijayawada,Howrah,600,223,377,47,Weekday,No,2025-06-06,low
TR4092,Vijayawada,Malda,600,111,489,54,Weekday,No,2025-12-10,low
TR4093,Vijayawada,Panaji,600,179,421,15,Weekday,No,2024-05-23,low
TR4094,Guntur,Delhi,600,90,510,6,Weekday,Yes,2025-10-24,low
TR4095,Guntur,New Delhi,600,212,388,20,Weekday,No,2024-06-19,low
TR4096,Guntur,Mumbai,600,90,510,49,Weekday,No,2025-12-10,low
TR4097,Guntur,Chennai,600,130,470,55,Weekend,Yes,2024-05-19,low
TR4098,Guntur,Kolkata,600,169,431,6,Weekday,Yes,2025-02-06,low
TR4099,Guntur,Bangalore,600,190,410,51,Weekday,No,2025-07-31,low
TR4100,Guntur,Hyderabad,600,156,444,28,Weekday,No,2024-02-27,low
TR4101,Guntur,Pune,600,242,358,49,Weekend,No,2024-02-18,medium
TR4102,Guntur,Ahmedabad,600,204,396,40,Weekend,No,2025-09-13,low
TR4103,Guntur,Jaipur,600,200,400,3,Weekday,No,2024-02-14,low
TR4104,Guntur,Surat,600,110,490,29,Weekday,No,2025-03-24,low
TR4105,Guntur,Lucknow,600,251,349,5,Weekend,No,2025-11-16,medium
TR4106,Guntur,Kanpur,600,130,470,20,Weekday,Yes,2025-03-25,low
TR4107,Guntur,Nagpur,600,252,348,45,Weekday,No,2024-12-17,medium
TR4108,Guntur,Indore,600,266,334,41,Weekday,No,2024-11-01,medium
TR4109,Guntur,Bhopal,600,194,406,42,Weekday,No,2025-04-11,low
TR4110,Guntur,Patna,600,218,382,39,Weekend,No,2025-02-22,low
TR4111,Guntur,Ranchi,600,90,510,0,Weekday,No,2025-01-01,low
TR4112,Guntur,Bhubaneswar,600,160,440,34,Weekday,No,2024-04-22,low
TR4113,Guntur,Cuttack,600,222,378,29,Weekday,No,2025-04-29,low
TR4114,Guntur,Puri,600,213,387,31,Weekday,No,2025-06-24,low
TR4115,Guntur,Rourkela,600,110,490,12,Weekday,No,2025-06-02,low
TR4116,Guntur,Sambalpur,600,155,445,42,Weekend,No,2024-02-24,low
TR4117,Guntur,Guwahati,600,90,510,36,Weekday,No,2025-05-28,low
TR4118,Guntur,Dibrugarh,600,189,411,24,Weekday,No,2025-06-17,low
TR4119,Guntur,Agartala,600,90,510,3,Weekday,No,2024-05-14,low
TR4120,Guntur,Silchar,600,223,377,4,Weekday,No,2025-09-12,low
TR4121,Guntur,Visakhapatnam,600,226,374,21,Weekday,No,2025-01-17,low
TR4122,Guntur,Vijayawada,600,146,454,32,Weekday,No,2024-12-11,low
TR4123,Guntur,Tirupati,600,194,406,59,Weekday,No,2025-06-12,low
TR4124,Guntur,Rajahmundry,600,159,441,43,Weekday,No,2025-01-07,low
TR4125,Guntur,Warangal,600,181,419,29,Weekend,Yes,2025-02-02,low
TR4126,Guntur,Nizamabad,600,114,486,17,Weekday,Yes,2024-08-16,low
TR4127,Guntur,Coimbatore,600,199,401,10,Weekend,No,2025-11-09,low
TR4128,Guntur,Madurai,600,90,510,8,Weekday,No,2025-12-09,low
TR4129,Guntur,Trichy,600,90,510,4,Weekday,No,2024-04-05,low
TR4130,Guntur,Salem,600,163,437,54,Weekday,No,2025-06-19,low
TR4131,Guntur,Erode,600,159,441,0,Weekday,No,2024-01-18,low
TR4132,Guntur,Tirunelveli,600,182,418,51,Weekday,No,2024-09-26,low
TR4133,Guntur,Thoothukudi,600,138,462,35,Weekday,No,2025-12-10,low
TR4134,Guntur,Vellore,600,259,341,37,Weekday,No,2024-05-07,medium
TR4135,Guntur,Kochi,600,177,423,57,Weekday,Yes,2024-10-02,low
TR4136,Guntur,Thiruvananthapuram,600,180,420,47,Weekend,No,2024-06-09,low
TR4137,Guntur,Kozhikode,600,178,422,8,Weekday,No,2025-06-16,low
TR4138,Guntur,Thrissur,600,217,383,58,Weekday,No,2024-12-05,low
TR4139,Guntur,Kollam,600,197,403,10,Weekend,No,2025-03-09,low
TR4140,Guntur,Mysore,600,190,410,34,Weekday,No,2025-11-20,low
TR4141,Guntur,Mangalore,600,204,396,38,Weekday,No,2025-01-15,low
TR4142,Guntur,Hubli,600,90,510,14,Weekday,No,2025-06-20,low
TR4143,Guntur,Belgaum,600,90,510,37,Weekday,No,2024-03-12,low
TR4144,Guntur,Davangere,600,165,435,38,Weekday,No,2024-06-06,low
TR4145,Guntur,Vadodara,600,159,441,58,Weekend,No,2025-11-23,low
TR4146,Guntur,Rajkot,600,197,403,54,Weekend,No,2025-09-20,low
TR4147,Guntur,Jamnagar,600,170,430,23,Weekday,No,2025-04-25,low
TR4148,Guntur,Bhavnagar,600,197,403,41,Weekday,No,2024-10-03,low
TR4149,Guntur,Gandhinagar,600,109,491,49,Weekend,No,2024-05-26,low
TR4150,Guntur,Nashik,600,168,432,1,Weekend,No,2025-09-14,low
TR4151,Guntur,Aurangabad,600,105,495,41,Weekday,Yes,2025-07-28,low
TR4152,Guntur,Kolhapur,600,188,412,55,Weekday,No,2024-06-25,low
TR4153,Guntur,Solapur,600,90,510,7,Weekday,No,2025-03-07,low
TR4154,Guntur,Thane,600,186,414,45,Weekday,No,2025-03-28,low
TR4155,Guntur,Navi Mumbai,600,98,502,3,Weekend,No,2024-12-15,low
TR4156,Guntur,Amravati,600,151,449,24,Weekend,Yes,2025-11-08,low
TR4157,Guntur,Jodhpur,600,212,388,49,Weekend,Yes,2024-03-31,low
TR4158,Guntur,Udaipur,600,180,420,59,Weekend,No,2024-07-07,low
TR4159,Guntur,Ajmer,600,90,510,43,Weekend,No,2024-03-10,low
TR4160,Guntur,Kota,600,137,463,43,Weekday,No,2025-05-21,low
TR4161,Guntur,Bikaner,600,97,503,15,Weekday,No,2025-04-15,low
TR4162,Guntur,Alwar,600,90,510,49,Weekday,No,2025-12-22,low
TR4163,Guntur,Varanasi,600,175,425,39,Weekday,No,2025-01-31,low
TR4164,Guntur,Prayagraj,600,196,404,56,Weekend,No,2024-04-20,low
TR4165,Guntur,Agra,600,190,410,36,Weekday,No,2024-11-25,low
TR4166,Guntur,Meerut,600,198,402,2,Weekday,No,2024-03-05,low
TR4167,Guntur,Bareilly,600,168,432,30,Weekday,No,2025-05-05,low
TR4168,Guntur,Gorakhpur,600,156,444,46,Weekday,No,2025-05-07,low
TR4169,Guntur,Mathura,600,117,483,47,Weekday,No,2025-09-18,low
TR4170,Guntur,Dehradun,600,148,452,23,Weekday,No,2024-09-05,low
TR4171,Guntur,Haridwar,600,106,494,10,Weekday,No,2024-08-14,low
TR4172,Guntur,Amritsar,600,128,472,52,Weekday,No,2024-02-22,low
TR4173,Guntur,Ludhiana,600,173,427,49,Weekday,No,2024-10-30,low
TR4174,Guntur,Jalandhar,600,163,437,52,Weekday,No,2024-12-13,low
TR4175,Guntur,Patiala,600,316,284,40,Weekend,No,2025-07-05,medium
TR4176,Guntur,Chandigarh,600,104,496,49,Weekend,No,2025-07-05,low
TR4177,Guntur,Jammu,600,163,437,24,Weekday,No,2024-04-12,low
TR4178,Guntur,Srinagar,600,101,499,46,Weekend,No,2024-07-27,low
TR4179,Guntur,Raipur,600,150,450,29,Weekday,No,2025-01-08,low
TR4180,Guntur,Bilaspur,600,152,448,47,Weekend,No,2024-09-01,low
TR4181,Guntur,Durg,600,210,390,8,Weekday,No,2024-01-19,low
TR4182,Guntur,Jabalpur,600,147,453,17,Weekday,No,2025-09-10,low
TR4183,Guntur,Gwalior,600,160,440,12,Weekday,No,2025-06-18,low
TR4184,Guntur,Ujjain,600,148,452,24,Weekday,No,2025-01-15,low
TR4185,Guntur,Rewa,600,102,498,48,Weekday,Yes,2024-08-20,low
TR4186,Guntur,Dhanbad,600,138,462,6,Weekday,No,2025-09-08,low
TR4187,Guntur,Asansol,600,151,449,43,Weekday,No,2024-01-26,low
TR4188,Guntur,Jamshedpur,600,172,428,49,Weekday,No,2024-11-22,low
TR4189,Guntur,Tatanagar,600,196,404,40,Weekday,No,2025-08-08,low
TR4190,Guntur,Gaya,600,158,442,38,Weekday,No,2025-11-27,low
TR4191,Guntur,Muzaffarpur,600,157,443,8,Weekday,No,2024-07-02,low
TR4192,Guntur,Bhagalpur,600,90,510,36,Weekend,No,2025-04-20,low
TR4193,Guntur,Siliguri,600,195,405,13,Weekend,Yes,2024-05-18,low
TR4194,Guntur,New Jalpaiguri,600,136,464,14,Weekday,No,2024-03-25,low
TR4195,Guntur,Durgapur,600,205,395,51,Weekend,No,2024-09-15,low
TR4196,Guntur,Howrah,600,232,368,36,Weekday,No,2025-10-09,low
TR4197,Guntur,Malda,600,160,440,59,Weekday,No,2025-05-19,low
TR4198,Guntur,Panaji,600,120,480,27,Weekday,No,2024-12-23,low
TR4199,Tirupati,Delhi,600,168,432,21,Weekday,No,2024-07-25,low
TR4200,Tirupati,New Delhi,600,186,414,59,Weekend,No,2024-04-13,low
TR4201,Tirupati,Mumbai,600,154,446,37,Weekday,No,2024-07-16,low
TR4202,Tirupati,Chennai,600,142,458,51,Weekend,No,2024-04-21,low
TR4203,Tirupati,Kolkata,600,196,404,2,Weekday,No,2024-05-16,low
TR4204,Tirupati,Bangalore,600,193,407,31,Weekend,No,2025-05-17,low
TR4205,Tirupati,Hyderabad,600,152,448,49,Weekend,No,2024-04-07,low
TR4206,Tirupati,Pune,600,90,510,48,Weekend,Yes,2024-02-04,low
TR4207,Tirupati,Ahmedabad,600,191,409,42,Weekday,No,2025-01-31,low
TR4208,Tirupati,Jaipur,600,132,468,9,Weekend,No,2024-07-28,low
TR4209,Tirupati,Surat,600,179,421,32,Weekday,No,2024-11-28,low
TR4210,Tirupati,Lucknow,600,176,424,6,Weekday,No,2024-04-12,low
TR4211,Tirupati,Kanpur,600,90,510,48,Weekend,No,2024-06-02,low
TR4212,Tirupati,Nagpur,600,173,427,37,Weekday,No,2024-11-18,low
TR4213,Tirupati,Indore,600,194,406,11,Weekday,No,2025-05-19,low
TR4214,Tirupati,Bhopal,600,200,400,43,Weekday,No,2024-10-29,low
TR4215,Tirupati,Patna,600,175,425,43,Weekday,No,2025-01-30,low
TR4216,Tirupati,Ranchi,600,90,510,3,Weekday,No,2025-01-16,low
TR4217,Tirupati,Bhubaneswar,600,230,370,5,Weekday,No,2024-07-15,low
TR4218,Tirupati,Cuttack,600,189,411,12,Weekday,No,2024-07-23,low
TR4219,Tirupati,Puri,600,111,489,4,Weekday,No,2024-11-07,low
TR4220,Tirupati,Rourkela,600,131,469,32,Weekday,No,2024-01-24,low
TR4221,Tirupati,Sambalpur,600,180,420,52,Weekday,No,2025-05-16,low
TR4222,Tirupati,Guwahati,600,202,398,3,Weekday,No,2025-03-25,low
TR4223,Tirupati,Dibrugarh,600,146,454,36,Weekend,Yes,2024-08-11,low
TR4224,Tirupati,Agartala,600,209,391,25,Weekday,No,2024-09-30,low
TR4225,Tirupati,Silchar,600,90,510,50,Weekday,No,2024-08-28,low
TR4226,Tirupati,Visakhapatnam,600,119,481,28,Weekday,No,2025-04-21,low
TR4227,Tirupati,Vijayawada,600,90,510,40,Weekday,No,2025-07-09,low
TR4228,Tirupati,Guntur,600,126,474,55,Weekday,No,2024-03-20,low
TR4229,Tirupati,Rajahmundry,600,241,359,8,Weekday,No,2024-10-29,medium
TR4230,Tirupati,Warangal,600,268,332,18,Weekday,No,2024-01-11,medium
TR4231,Tirupati,Nizamabad,600,180,420,16,Weekday,Yes,2024-11-26,low
TR4232,Tirupati,Coimbatore,600,138,462,10,Weekend,No,2024-06-30,low
TR4233,Tirupati,Madurai,600,158,442,38,Weekday,No,2024-09-02,low
TR4234,Tirupati,Trichy,600,192,408,0,Weekday,No,2024-11-29,low
TR4235,Tirupati,Salem,600,94,506,23,Weekend,No,2024-08-24,low
TR4236,Tirupati,Erode,600,141,459,7,Weekday,No,2024-10-15,low
TR4237,Tirupati,Tirunelveli,600,238,362,36,Weekend,No,2025-07-13,low
TR4238,Tirupati,Thoothukudi,600,119,481,45,Weekday,No,2025-08-15,low
TR4239,Tirupati,Vellore,600,133,467,28,Weekday,No,2024-01-05,low
TR4240,Tirupati,Kochi,600,170,430,26,Weekday,No,2024-10-03,low
TR4241,Tirupati,Thiruvananthapuram,600,183,417,26,Weekday,No,2025-09-11,low
TR4242,Tirupati,Kozhikode,600,139,461,11,Weekday,No,2025-01-22,low
TR4243,Tirupati,Thrissur,600,173,427,22,Weekday,No,2024-05-30,low
TR4244,Tirupati,Kollam,600,198,402,55,Weekend,Yes,2025-03-09,low
TR4245,Tirupati,Mysore,600,263,337,2,Weekday,No,2024-04-15,medium
TR4246,Tirupati,Mangalore,600,163,437,47,Weekday,Yes,2024-01-16,low
TR4247,Tirupati,Hubli,600,167,433,9,Weekday,No,2025-04-07,low
TR4248,Tirupati,Belgaum,600,242,358,6,Weekend,Yes,2025-01-11,medium
TR4249,Tirupati,Davangere,600,143,457,17,Weekday,Yes,2025-07-07,low
TR4250,Tirupati,Vadodara,600,105,495,16,Weekday,No,2024-09-09,low
TR4251,Tirupati,Rajkot,600,181,419,18,Weekday,No,2025-09-16,low
TR4252,Tirupati,Jamnagar,600,221,379,50,Weekend,No,2024-11-03,low
TR4253,Tirupati,Bhavnagar,600,186,414,54,Weekday,No,2025-06-23,low
TR4254,Tirupati,Gandhinagar,600,164,436,41,Weekday,No,2024-03-14,low
TR4255,Tirupati,Nashik,600,99,501,8,Weekday,No,2024-03-12,low
TR4256,Tirupati,Aurangabad,600,166,434,56,Weekend,No,2025-07-26,low
TR4257,Tirupati,Kolhapur,600,228,372,50,Weekday,No,2025-09-01,low
TR4258,Tirupati,Solapur,600,110,490,4,Weekday,No,2025-11-19,low
TR4259,Tirupati,Thane,600,157,443,23,Weekend,No,2024-08-25,low
TR4260,Tirupati,Navi Mumbai,600,150,450,46,Weekday,No,2024-01-17,low
TR4261,Tirupati,Amravati,600,135,465,5,Weekday,No,2025-12-17,low
TR4262,Tirupati,Jodhpur,600,181,419,4,Weekend,No,2025-03-15,low
TR4263,Tirupati,Udaipur,600,190,410,36,Weekend,Yes,2024-06-29,low
TR4264,Tirupati,Ajmer,600,190,410,20,Weekend,No,2025-07-12,low
TR4265,Tirupati,Kota,600,122,478,26,Weekday,No,2025-10-22,low
TR4266,Tirupati,Bikaner,600,90,510,45,Weekend,No,2024-07-27,low
TR4267,Tirupati,Alwar,600,182,418,32,Weekday,No,2025-07-16,low
TR4268,Tirupati,Varanasi,600,145,455,42,Weekday,No,2025-07-29,low
TR4269,Tirupati,Prayagraj,600,257,343,7,Weekday,No,2025-01-01,medium
TR4270,Tirupati,Agra,600,259,341,0,Weekday,No,2025-04-07,medium
TR4271,Tirupati,Meerut,600,265,335,15,Weekday,No,2024-07-16,medium
TR4272,Tirupati,Bareilly,600,124,476,12,Weekday,Yes,2025-11-10,low
TR4273,Tirupati,Gorakhpur,600,196,404,19,Weekday,Yes,2025-12-19,low
TR4274,Tirupati,Mathura,600,211,389,46,Weekday,No,2025-12-18,low
TR4275,Tirupati,Dehradun,600,205,395,9,Weekend,No,2025-06-22,low
TR4276,Tirupati,Haridwar,600,152,448,7,Weekday,No,2024-01-31,low
TR4277,Tirupati,Amritsar,600,230,370,12,Weekday,No,2024-09-24,low
TR4278,Tirupati,Ludhiana,600,169,431,19,Weekday,No,2024-11-21,low
TR4279,Tirupati,Jalandhar,600,175,425,11,Weekday,No,2025-12-02,low
TR4280,Tirupati,Patiala,600,95,505,11,Weekday,No,2025-02-03,low
TR4281,Tirupati,Chandigarh,600,200,400,34,Weekend,No,2025-01-26,low
TR4282,Tirupati,Jammu,600,156,444,6,Weekday,No,2024-04-17,low
TR4283,Tirupati,Srinagar,600,191,409,9,Weekend,Yes,2025-08-03,low
TR4284,Tirupati,Raipur,600,180,420,50,Weekday,No,2024-09-02,low
TR4285,Tirupati,Bilaspur,600,178,422,1,Weekday,Yes,2024-03-08,low
TR4286,Tirupati,Durg,600,167,433,3,Weekday,No,2025-12-22,low
TR4287,Tirupati,Jabalpur,600,207,393,4,Weekend,No,2024-05-18,low
TR4288,Tirupati,Gwalior,600,159,441,32,Weekday,No,2024-01-12,low
TR4289,Tirupati,Ujjain,600,99,501,41,Weekday,No,2024-02-26,low
TR4290,Tirupati,Rewa,600,196,404,41,Weekday,Yes,2024-11-26,low
TR4291,Tirupati,Dhanbad,600,130,470,41,Weekend,No,2024-03-16,low
TR4292,Tirupati,Asansol,600,105,495,3,Weekend,No,2025-09-07,low
TR4293,Tirupati,Jamshedpur,600,120,480,20,Weekday,No,2025-01-09,low
TR4294,Tirupati,Tatanagar,600,183,417,38,Weekend,No,2024-08-24,low
TR4295,Tirupati,Gaya,600,164,436,40,Weekday,No,2024-01-03,low
TR4296,Tirupati,Muzaffarpur,600,90,510,20,Weekday,No,2024-12-16,low
TR4297,Tirupati,Bhagalpur,600,151,449,50,Weekend,Yes,2024-04-20,low
TR4298,Tirupati,Siliguri,600,225,375,50,Weekday,No,2025-12-15,low
TR4299,Tirupati,New Jalpaiguri,600,147,453,45,Weekday,No,2024-07-31,low
TR4300,Tirupati,Durgapur,600,161,439,47,Weekday,No,2024-12-13,low
TR4301,Tirupati,Howrah,600,219,381,58,Weekend,No,2024-01-14,low
TR4302,Tirupati,Malda,600,207,393,47,Weekday,No,2024-04-05,low
TR4303,Tirupati,Panaji,600,218,382,35,Weekday,No,2024-05-31,low
TR4304,Rajahmundry,Delhi,600,90,510,23,Weekday,Yes,2024-02-07,low
TR4305,Rajahmundry,New Delhi,600,252,348,21,Weekend,No,2025-06-14,medium
TR4306,Rajahmundry,Mumbai,600,199,401,49,Weekend,No,2025-11-22,low
TR4307,Rajahmundry,Chennai,600,287,313,17,Weekend,No,2025-12-21,medium
TR4308,Rajahmundry,Kolkata,600,131,469,37,Weekend,No,2024-07-13,low
TR4309,Rajahmundry,Bangalore,600,90,510,30,Weekday,No,2025-07-30,low
TR4310,Rajahmundry,Hyderabad,600,169,431,22,Weekday,No,2025-01-03,low
TR4311,Rajahmundry,Pune,600,156,444,27,Weekend,No,2024-02-03,low
TR4312,Rajahmundry,Ahmedabad,600,200,400,4,Weekday,No,2024-03-07,low
TR4313,Rajahmundry,Jaipur,600,221,379,42,Weekday,No,2025-02-04,low
TR4314,Rajahmundry,Surat,600,165,435,4,Weekday,No,2024-11-05,low
TR4315,Rajahmundry,Lucknow,600,157,443,4,Weekend,No,2024-01-07,low
TR4316,Rajahmundry,Kanpur,600,194,406,15,Weekday,No,2025-11-10,low
TR4317,Rajahmundry,Nagpur,600,157,443,31,Weekday,No,2025-06-17,low
TR4318,Rajahmundry,Indore,600,153,447,17,Weekday,No,2025-01-02,low
TR4319,Rajahmundry,Bhopal,600,219,381,52,Weekday,No,2025-12-22,low
TR4320,Rajahmundry,Patna,600,229,371,55,Weekday,Yes,2025-12-10,low
TR4321,Rajahmundry,Ranchi,600,221,379,23,Weekday,No,2025-12-12,low
TR4322,Rajahmundry,Bhubaneswar,600,161,439,59,Weekday,No,2024-07-08,low
TR4323,Rajahmundry,Cuttack,600,90,510,5,Weekend,No,2025-10-05,low
TR4324,Rajahmundry,Puri,600,162,438,8,Weekday,No,2025-01-03,low
TR4325,Rajahmundry,Rourkela,600,133,467,20,Weekend,No,2025-06-14,low
TR4326,Rajahmundry,Sambalpur,600,163,437,56,Weekend,Yes,2025-09-20,low
TR4327,Rajahmundry,Guwahati,600,137,463,30,Weekday,No,2024-04-29,low
TR4328,Rajahmundry,Dibrugarh,600,168,432,42,Weekend,Yes,2024-11-23,low
TR4329,Rajahmundry,Agartala,600,119,481,39,Weekday,No,2024-04-04,low
TR4330,Rajahmundry,Silchar,600,107,493,29,Weekday,No,2024-07-23,low
TR4331,Rajahmundry,Visakhapatnam,600,228,372,55,Weekday,No,2024-10-29,low
TR4332,Rajahmundry,Vijayawada,600,122,478,57,Weekday,No,2025-09-17,low
TR4333,Rajahmundry,Guntur,600,169,431,26,Weekday,No,2025-09-22,low
TR4334,Rajahmundry,Tirupati,600,215,385,42,Weekend,No,2024-10-12,low
TR4335,Rajahmundry,Warangal,600,213,387,37,Weekday,No,2024-08-28,low
TR4336,Rajahmundry,Nizamabad,600,207,393,35,Weekday,No,2025-01-22,low
TR4337,Rajahmundry,Coimbatore,600,183,417,6,Weekday,No,2025-10-28,low
TR4338,Rajahmundry,Madurai,600,204,396,12,Weekend,Yes,2025-12-14,low
TR4339,Rajahmundry,Trichy,600,235,365,59,Weekday,Yes,2024-06-14,low
TR4340,Rajahmundry,Salem,600,189,411,14,Weekday,No,2024-05-16,low
TR4341,Rajahmundry,Erode,600,90,510,39,Weekend,No,2025-05-31,low
TR4342,Rajahmundry,Tirunelveli,600,144,456,54,Weekday,No,2024-08-08,low
TR4343,Rajahmundry,Thoothukudi,600,202,398,36,Weekend,No,2024-05-26,low
TR4344,Rajahmundry,Vellore,600,139,461,12,Weekday,No,2024-01-23,low
TR4345,Rajahmundry,Kochi,600,247,353,51,Weekday,No,2024-10-21,medium
TR4346,Rajahmundry,Thiruvananthapuram,600,166,434,1,Weekend,No,2024-10-13,low
TR4347,Rajahmundry,Kozhikode,600,173,427,43,Weekend,No,2025-02-15,low
TR4348,Rajahmundry,Thrissur,600,223,377,15,Weekend,No,2024-05-26,low
TR4349,Rajahmundry,Kollam,600,160,440,38,Weekday,No,2025-06-06,low
TR4350,Rajahmundry,Mysore,600,177,423,28,Weekday,No,2025-05-12,low
TR4351,Rajahmundry,Mangalore,600,212,388,34,Weekday,No,2024-12-03,low
TR4352,Rajahmundry,Hubli,600,98,502,22,Weekend,No,2024-05-12,low
TR4353,Rajahmundry,Belgaum,600,155,445,31,Weekend,No,2025-01-05,low
TR4354,Rajahmundry,Davangere,600,209,391,56,Weekday,No,2025-05-08,low
TR4355,Rajahmundry,Vadodara,600,172,428,49,Weekend,No,2024-09-29,low
TR4356,Rajahmundry,Rajkot,600,239,361,25,Weekday,No,2024-07-11,low
TR4357,Rajahmundry,Jamnagar,600,93,507,56,Weekend,No,2025-01-05,low
TR4358,Rajahmundry,Bhavnagar,600,90,510,53,Weekday,No,2024-09-16,low
TR4359,Rajahmundry,Gandhinagar,600,206,394,37,Weekend,No,2024-10-19,low
TR4360,Rajahmundry,Nashik,600,211,389,35,Weekday,No,2024-09-12,low
TR4361,Rajahmundry,Aurangabad,600,160,440,2,Weekday,No,2024-08-09,low
TR4362,Rajahmundry,Kolhapur,600,188,412,31,Weekend,No,2025-06-07,low
TR4363,Rajahmundry,Solapur,600,205,395,12,Weekday,No,2024-12-02,low
TR4364,Rajahmundry,Thane,600,130,470,9,Weekend,No,2024-12-07,low
TR4365,Rajahmundry,Navi Mumbai,600,135,465,51,Weekday,No,2025-04-22,low
TR4366,Rajahmundry,Amravati,600,178,422,16,Weekend,No,2024-09-21,low
TR4367,Rajahmundry,Jodhpur,600,212,388,36,Weekday,No,2024-03-14,low
TR4368,Rajahmundry,Udaipur,600,113,487,52,Weekday,No,2025-09-15,low
TR4369,Rajahmundry,Ajmer,600,159,441,35,Weekend,No,2024-02-10,low
TR4370,Rajahmundry,Kota,600,157,443,46,Weekend,No,2025-02-22,low
TR4371,Rajahmundry,Bikaner,600,189,411,46,Weekend,Yes,2024-07-13,low
TR4372,Rajahmundry,Alwar,600,169,431,26,Weekday,No,2024-06-05,low
TR4373,Rajahmundry,Varanasi,600,143,457,55,Weekday,No,2024-01-31,low
TR4374,Rajahmundry,Prayagraj,600,229,371,54,Weekend,No,2025-10-19,low
TR4375,Rajahmundry,Agra,600,143,457,20,Weekend,No,2024-11-09,low
TR4376,Rajahmundry,Meerut,600,155,445,49,Weekend,No,2024-09-07,low
TR4377,Rajahmundry,Bareilly,600,93,507,10,Weekday,No,2025-06-25,low
TR4378,Rajahmundry,Gorakhpur,600,135,465,6,Weekday,No,2024-01-29,low
TR4379,Rajahmundry,Mathura,600,194,406,31,Weekend,No,2025-02-16,low
TR4380,Rajahmundry,Dehradun,600,184,416,36,Weekday,No,2024-12-27,low
TR4381,Rajahmundry,Haridwar,600,198,402,35,Weekend,No,2025-02-08,low
TR4382,Rajahmundry,Amritsar,600,195,405,47,Weekend,No,2024-03-31,low
TR4383,Rajahmundry,Ludhiana,600,269,331,23,Weekday,No,2025-11-27,medium
TR4384,Rajahmundry,Jalandhar,600,133,467,48,Weekend,No,2024-06-23,low
TR4385,Rajahmundry,Patiala,600,91,509,54,Weekend,No,2025-05-10,low
TR4386,Rajahmundry,Chandigarh,600,119,481,5,Weekday,No,2025-06-30,low
TR4387,Rajahmundry,Jammu,600,135,465,26,Weekend,No,2024-09-08,low
TR4388,Rajahmundry,Srinagar,600,122,478,13,Weekday,No,2024-04-05,low
TR4389,Rajahmundry,Raipur,600,173,427,39,Weekend,No,2024-08-04,low
TR4390,Rajahmundry,Bilaspur,600,229,371,24,Weekday,No,2025-08-12,low
TR4391,Rajahmundry,Durg,600,243,357,16,Weekday,No,2025-10-24,medium
TR4392,Rajahmundry,Jabalpur,600,193,407,15,Weekend,No,2025-11-15,low
TR4393,Rajahmundry,Gwalior,600,272,328,21,Weekday,No,2024-06-14,medium
TR4394,Rajahmundry,Ujjain,600,152,448,6,Weekday,No,2025-03-19,low
TR4395,Rajahmundry,Rewa,600,91,509,6,Weekend,No,2024-04-20,low
TR4396,Rajahmundry,Dhanbad,600,219,381,37,Weekday,No,2025-06-03,low
TR4397,Rajahmundry,Asansol,600,90,510,56,Weekday,Yes,2024-10-30,low
TR4398,Rajahmundry,Jamshedpur,600,133,467,30,Weekday,No,2025-06-05,low
TR4399,Rajahmundry,Tatanagar,600,194,406,55,Weekday,No,2025-05-15,low
TR4400,Rajahmundry,Gaya,600,164,436,9,Weekday,No,2025-12-26,low
TR4401,Rajahmundry,Muzaffarpur,600,160,440,58,Weekday,No,2024-12-23,low
TR4402,Rajahmundry,Bhagalpur,600,112,488,35,Weekday,No,2024-09-06,low
TR4403,Rajahmundry,Siliguri,600,168,432,44,Weekday,No,2025-01-20,low
TR4404,Rajahmundry,New Jalpaiguri,600,217,383,3,Weekday,No,2024-04-29,low
TR4405,Rajahmundry,Durgapur,600,170,430,36,Weekday,No,2024-03-22,low
TR4406,Rajahmundry,Howrah,600,129,471,22,Weekday,No,2025-01-14,low
TR4407,Rajahmundry,Malda,600,109,491,53,Weekday,No,2025-08-26,low
TR4408,Rajahmundry,Panaji,600,130,470,47,Weekday,No,2025-01-24,low
TR4409,Warangal,Delhi,600,188,412,51,Weekday,No,2025-07-25,low
TR4410,Warangal,New Delhi,600,185,415,53,Weekday,No,2024-05-10,low
TR4411,Warangal,Mumbai,600,131,469,43,Weekend,No,2024-11-24,low
TR4412,Warangal,Chennai,600,90,510,14,Weekday,No,2025-03-24,low
TR4413,Warangal,Kolkata,600,189,411,16,Weekday,No,2024-09-11,low
TR4414,Warangal,Bangalore,600,126,474,51,Weekday,No,2024-01-11,low
TR4415,Warangal,Hyderabad,600,202,398,36,Weekday,No,2024-02-23,low
TR4416,Warangal,Pune,600,133,467,53,Weekend,Yes,2025-11-09,low
TR4417,Warangal,Ahmedabad,600,122,478,47,Weekday,No,2025-03-18,low
TR4418,Warangal,Jaipur,600,176,424,36,Weekday,No,2024-07-12,low
TR4419,Warangal,Surat,600,282,318,9,Weekday,No,2024-07-08,medium
TR4420,Warangal,Lucknow,600,205,395,58,Weekday,No,2024-01-29,low
TR4421,Warangal,Kanpur,600,175,425,14,Weekday,No,2025-11-21,low
TR4422,Warangal,Nagpur,600,186,414,14,Weekday,No,2024-03-20,low
TR4423,Warangal,Indore,600,90,510,8,Weekday,No,2025-07-09,low
TR4424,Warangal,Bhopal,600,115,485,4,Weekday,No,2024-06-24,low
TR4425,Warangal,Patna,600,90,510,22,Weekday,No,2024-09-02,low
TR4426,Warangal,Ranchi,600,252,348,50,Weekday,No,2024-07-19,medium
TR4427,Warangal,Bhubaneswar,600,242,358,51,Weekday,No,2025-08-25,medium
TR4428,Warangal,Cuttack,600,188,412,29,Weekday,Yes,2024-01-24,low
TR4429,Warangal,Puri,600,175,425,18,Weekend,No,2024-09-14,low
TR4430,Warangal,Rourkela,600,94,506,20,Weekday,No,2024-07-23,low
TR4431,Warangal,Sambalpur,600,158,442,55,Weekday,No,2024-07-18,low
TR4432,Warangal,Guwahati,600,255,345,3,Weekday,No,2024-05-21,medium
TR4433,Warangal,Dibrugarh,600,175,425,3,Weekday,No,2025-10-28,low
TR4434,Warangal,Agartala,600,142,458,3,Weekday,No,2024-10-03,low
TR4435,Warangal,Silchar,600,90,510,53,Weekday,No,2024-11-01,low
TR4436,Warangal,Visakhapatnam,600,235,365,5,Weekday,No,2024-10-08,low
TR4437,Warangal,Vijayawada,600,166,434,56,Weekday,No,2025-12-17,low
TR4438,Warangal,Guntur,600,90,510,11,Weekday,No,2024-09-04,low
TR4439,Warangal,Tirupati,600,125,475,32,Weekday,No,2024-09-06,low
TR4440,Warangal,Rajahmundry,600,108,492,58,Weekday,No,2024-08-27,low
TR4441,Warangal,Nizamabad,600,163,437,6,Weekday,No,2024-08-27,low
TR4442,Warangal,Coimbatore,600,179,421,16,Weekday,No,2024-03-06,low
TR4443,Warangal,Madurai,600,145,455,43,Weekday,No,2025-03-17,low
TR4444,Warangal,Trichy,600,206,394,49,Weekday,Yes,2024-01-19,low
TR4445,Warangal,Salem,600,173,427,54,Weekday,No,2024-06-14,low
TR4446,Warangal,Erode,600,220,380,1,Weekday,No,2024-05-27,low
TR4447,Warangal,Tirunelveli,600,152,448,46,Weekday,No,2024-08-01,low
TR4448,Warangal,Thoothukudi,600,315,285,19,Weekday,No,2025-07-07,medium
TR4449,Warangal,Vellore,600,142,458,33,Weekday,No,2025-03-14,low
TR4450,Warangal,Kochi,600,126,474,54,Weekday,No,2025-12-25,low
TR4451,Warangal,Thiruvananthapuram,600,120,480,54,Weekday,No,2024-09-13,low
TR4452,Warangal,Kozhikode,600,159,441,11,Weekend,No,2025-11-09,low
TR4453,Warangal,Thrissur,600,90,510,28,Weekday,No,2024-02-02,low
TR4454,Warangal,Kollam,600,183,417,17,Weekday,No,2025-01-03,low
TR4455,Warangal,Mysore,600,90,510,36,Weekday,No,2025-08-06,low
TR4456,Warangal,Mangalore,600,177,423,49,Weekday,No,2025-01-23,low
TR4457,Warangal,Hubli,600,104,496,19,Weekday,No,2025-11-13,low
TR4458,Warangal,Belgaum,600,151,449,7,Weekend,No,2024-08-17,low
TR4459,Warangal,Davangere,600,198,402,3,Weekday,No,2024-01-25,low
TR4460,Warangal,Vadodara,600,280,320,3,Weekend,No,2025-07-19,medium
TR4461,Warangal,Rajkot,600,117,483,21,Weekday,No,2024-02-19,low
TR4462,Warangal,Jamnagar,600,162,438,57,Weekend,No,2025-07-13,low
TR4463,Warangal,Bhavnagar,600,134,466,15,Weekday,No,2025-06-20,low
TR4464,Warangal,Gandhinagar,600,127,473,24,Weekday,No,2025-09-09,low
TR4465,Warangal,Nashik,600,135,465,40,Weekday,No,2024-12-16,low
TR4466,Warangal,Aurangabad,600,209,391,39,Weekday,No,2025-10-16,low
TR4467,Warangal,Kolhapur,600,146,454,16,Weekend,No,2024-05-04,low
TR4468,Warangal,Solapur,600,277,323,7,Weekday,No,2024-11-13,medium
TR4469,Warangal,Thane,600,189,411,9,Weekend,No,2024-03-30,low
TR4470,Warangal,Navi Mumbai,600,120,480,13,Weekday,No,2025-07-14,low
TR4471,Warangal,Amravati,600,151,449,5,Weekday,No,2025-06-06,low
TR4472,Warangal,Jodhpur,600,130,470,27,Weekday,No,2025-08-12,low
TR4473,Warangal,Udaipur,600,207,393,38,Weekend,No,2025-07-12,low
TR4474,Warangal,Ajmer,600,90,510,40,Weekday,Yes,2024-08-13,low
TR4475,Warangal,Kota,600,105,495,54,Weekday,No,2024-02-19,low
TR4476,Warangal,Bikaner,600,141,459,17,Weekday,Yes,2025-11-10,low
TR4477,Warangal,Alwar,600,202,398,39,Weekday,No,2024-12-26,low
TR4478,Warangal,Varanasi,600,228,372,53,Weekend,No,2024-03-09,low
TR4479,Warangal,Prayagraj,600,235,365,1,Weekend,No,2025-11-08,low
TR4480,Warangal,Agra,600,194,406,46,Weekend,Yes,2025-12-27,low
TR4481,Warangal,Meerut,600,165,435,5,Weekday,No,2024-11-21,low
TR4482,Warangal,Bareilly,600,207,393,33,Weekday,No,2025-07-16,low
TR4483,Warangal,Gorakhpur,600,114,486,49,Weekend,No,2024-01-27,low
TR4484,Warangal,Mathura,600,90,510,27,Weekend,No,2024-03-09,low
TR4485,Warangal,Dehradun,600,190,410,33,Weekend,No,2024-07-21,low
TR4486,Warangal,Haridwar,600,121,479,37,Weekday,Yes,2025-04-24,low
TR4487,Warangal,Amritsar,600,166,434,34,Weekend,No,2024-04-07,low
TR4488,Warangal,Ludhiana,600,175,425,43,Weekday,No,2024-01-25,low
TR4489,Warangal,Jalandhar,600,181,419,51,Weekend,No,2025-05-03,low
TR4490,Warangal,Patiala,600,214,386,8,Weekday,No,2025-07-17,low
TR4491,Warangal,Chandigarh,600,209,391,24,Weekday,No,2025-06-24,low
TR4492,Warangal,Jammu,600,178,422,51,Weekday,No,2025-08-07,low
TR4493,Warangal,Srinagar,600,148,452,22,Weekend,Yes,2025-08-09,low
TR4494,Warangal,Raipur,600,174,426,29,Weekend,No,2025-03-16,low
TR4495,Warangal,Bilaspur,600,140,460,44,Weekday,No,2025-01-14,low
TR4496,Warangal,Durg,600,160,440,56,Weekday,No,2025-09-18,low
TR4497,Warangal,Jabalpur,600,295,305,15,Weekday,No,2024-09-11,medium
TR4498,Warangal,Gwalior,600,178,422,57,Weekday,No,2024-03-12,low
TR4499,Warangal,Ujjain,600,191,409,42,Weekday,No,2025-07-03,low
TR4500,Warangal,Rewa,600,135,465,1,Weekend,No,2024-07-20,low
TR4501,Warangal,Dhanbad,600,218,382,51,Weekday,No,2025-12-16,low
TR4502,Warangal,Asansol,600,205,395,23,Weekday,No,2024-10-29,low
TR4503,Warangal,Jamshedpur,600,206,394,16,Weekend,No,2025-09-14,low
TR4504,Warangal,Tatanagar,600,179,421,31,Weekday,Yes,2024-02-01,low
TR4505,Warangal,Gaya,600,219,381,34,Weekend,No,2025-04-26,low
TR4506,Warangal,Muzaffarpur,600,230,370,32,Weekend,No,2024-11-23,low
TR4507,Warangal,Bhagalpur,600,183,417,3,Weekday,No,2024-12-04,low
TR4508,Warangal,Siliguri,600,163,437,49,Weekday,No,2024-07-12,low
TR4509,Warangal,New Jalpaiguri,600,212,388,20,Weekday,No,2025-12-10,low
TR4510,Warangal,Durgapur,600,126,474,8,Weekday,No,2024-10-14,low
TR4511,Warangal,Howrah,600,134,466,33,Weekend,No,2025-09-13,low
TR4512,Warangal,Malda,600,166,434,37,Weekday,No,2024-11-06,low
TR4513,Warangal,Panaji,600,90,510,6,Weekday,No,2024-02-05,low
TR4514,Nizamabad,Delhi,600,209,391,56,Weekend,No,2025-10-04,low
TR4515,Nizamabad,New Delhi,600,123,477,36,Weekday,No,2024-05-15,low
TR4516,Nizamabad,Mumbai,600,146,454,59,Weekday,No,2024-07-16,low
TR4517,Nizamabad,Chennai,600,159,441,40,Weekend,No,2025-09-21,low
TR4518,Nizamabad,Kolkata,600,171,429,0,Weekday,No,2025-10-15,low
TR4519,Nizamabad,Bangalore,600,152,448,12,Weekend,No,2025-11-01,low
TR4520,Nizamabad,Hyderabad,600,166,434,58,Weekday,No,2024-11-07,low
TR4521,Nizamabad,Pune,600,166,434,33,Weekday,No,2025-07-07,low
TR4522,Nizamabad,Ahmedabad,600,147,453,7,Weekday,No,2024-08-27,low
TR4523,Nizamabad,Jaipur,600,132,468,4,Weekday,No,2025-06-25,low
TR4524,Nizamabad,Surat,600,221,379,32,Weekday,No,2025-01-02,low
TR4525,Nizamabad,Lucknow,600,90,510,35,Weekday,No,2024-02-07,low
TR4526,Nizamabad,Kanpur,600,159,441,14,Weekday,No,2024-11-01,low
TR4527,Nizamabad,Nagpur,600,146,454,11,Weekend,No,2024-12-07,low
TR4528,Nizamabad,Indore,600,189,411,36,Weekend,No,2024-07-07,low
TR4529,Nizamabad,Bhopal,600,99,501,26,Weekday,No,2024-09-30,low
TR4530,Nizamabad,Patna,600,145,455,2,Weekday,No,2025-01-02,low
TR4531,Nizamabad,Ranchi,600,164,436,3,Weekday,No,2024-02-06,low
TR4532,Nizamabad,Bhubaneswar,600,220,380,14,Weekend,Yes,2024-04-20,low
TR4533,Nizamabad,Cuttack,600,185,415,33,Weekday,No,2025-07-14,low
TR4534,Nizamabad,Puri,600,112,488,18,Weekend,No,2024-09-14,low
TR4535,Nizamabad,Rourkela,600,146,454,0,Weekday,No,2025-03-20,low
TR4536,Nizamabad,Sambalpur,600,211,389,54,Weekday,No,2025-02-17,low
TR4537,Nizamabad,Guwahati,600,111,489,41,Weekday,No,2025-02-06,low
TR4538,Nizamabad,Dibrugarh,600,165,435,35,Weekday,No,2024-10-29,low
TR4539,Nizamabad,Agartala,600,169,431,14,Weekday,No,2024-12-19,low
TR4540,Nizamabad,Silchar,600,150,450,42,Weekday,No,2025-08-25,low
TR4541,Nizamabad,Visakhapatnam,600,298,302,56,Weekend,No,2025-12-06,medium
TR4542,Nizamabad,Vijayawada,600,149,451,40,Weekend,No,2024-07-06,low
TR4543,Nizamabad,Guntur,600,191,409,17,Weekend,No,2025-05-04,low
TR4544,Nizamabad,Tirupati,600,132,468,23,Weekday,No,2025-12-09,low
TR4545,Nizamabad,Rajahmundry,600,194,406,55,Weekend,Yes,2024-01-06,low
TR4546,Nizamabad,Warangal,600,211,389,0,Weekend,No,2025-07-27,low
TR4547,Nizamabad,Coimbatore,600,141,459,13,Weekend,No,2024-12-29,low
TR4548,Nizamabad,Madurai,600,166,434,6,Weekday,No,2025-12-08,low
TR4549,Nizamabad,Trichy,600,126,474,38,Weekday,No,2025-02-26,low
TR4550,Nizamabad,Salem,600,114,486,27,Weekday,Yes,2025-09-04,low
TR4551,Nizamabad,Erode,600,219,381,7,Weekday,No,2024-05-01,low
TR4552,Nizamabad,Tirunelveli,600,142,458,56,Weekend,No,2024-04-13,low
TR4553,Nizamabad,Thoothukudi,600,90,510,33,Weekend,Yes,2025-11-08,low
TR4554,Nizamabad,Vellore,600,254,346,14,Weekend,No,2025-01-19,medium
TR4555,Nizamabad,Kochi,600,130,470,56,Weekday,No,2025-02-12,low
TR4556,Nizamabad,Thiruvananthapuram,600,157,443,41,Weekend,No,2024-05-04,low
TR4557,Nizamabad,Kozhikode,600,248,352,7,Weekday,No,2024-06-14,medium
TR4558,Nizamabad,Thrissur,600,162,438,49,Weekday,No,2025-08-21,low
TR4559,Nizamabad,Kollam,600,161,439,3,Weekday,No,2024-08-09,low
TR4560,Nizamabad,Mysore,600,110,490,54,Weekday,No,2025-03-03,low
TR4561,Nizamabad,Mangalore,600,90,510,23,Weekday,No,2024-08-19,low
TR4562,Nizamabad,Hubli,600,161,439,17,Weekday,No,2024-07-11,low
TR4563,Nizamabad,Belgaum,600,186,414,3,Weekday,No,2024-05-01,low
TR4564,Nizamabad,Davangere,600,184,416,55,Weekday,No,2025-11-10,low
TR4565,Nizamabad,Vadodara,600,146,454,33,Weekday,No,2025-11-18,low
TR4566,Nizamabad,Rajkot,600,170,430,36,Weekday,No,2024-03-25,low
TR4567,Nizamabad,Jamnagar,600,90,510,51,Weekend,No,2024-09-15,low
TR4568,Nizamabad,Bhavnagar,600,191,409,30,Weekend,No,2025-02-16,low
TR4569,Nizamabad,Gandhinagar,600,177,423,17,Weekday,No,2024-10-07,low
TR4570,Nizamabad,Nashik,600,264,336,46,Weekday,No,2025-06-11,medium
TR4571,Nizamabad,Aurangabad,600,169,431,31,Weekday,No,2024-07-09,low
TR4572,Nizamabad,Kolhapur,600,124,476,14,Weekday,No,2024-02-13,low
TR4573,Nizamabad,Solapur,600,167,433,50,Weekday,No,2024-09-03,low
TR4574,Nizamabad,Thane,600,153,447,48,Weekday,No,2025-03-13,low
TR4575,Nizamabad,Navi Mumbai,600,190,410,14,Weekend,No,2024-05-12,low
TR4576,Nizamabad,Amravati,600,170,430,38,Weekday,No,2025-08-19,low
TR4577,Nizamabad,Jodhpur,600,108,492,55,Weekday,No,2024-01-09,low
TR4578,Nizamabad,Udaipur,600,90,510,47,Weekday,No,2024-02-19,low
TR4579,Nizamabad,Ajmer,600,182,418,11,Weekday,No,2025-01-06,low
TR4580,Nizamabad,Kota,600,235,365,51,Weekday,No,2025-01-09,low
TR4581,Nizamabad,Bikaner,600,173,427,3,Weekend,No,2024-08-03,low
TR4582,Nizamabad,Alwar,600,208,392,37,Weekday,Yes,2024-07-08,low
TR4583,Nizamabad,Varanasi,600,218,382,30,Weekday,No,2024-02-21,low
TR4584,Nizamabad,Prayagraj,600,182,418,2,Weekday,No,2025-04-29,low
TR4585,Nizamabad,Agra,600,130,470,43,Weekday,No,2024-10-04,low
TR4586,Nizamabad,Meerut,600,178,422,17,Weekday,No,2024-03-27,low
TR4587,Nizamabad,Bareilly,600,227,373,51,Weekend,No,2024-10-19,low
TR4588,Nizamabad,Gorakhpur,600,194,406,52,Weekend,No,2025-11-15,low
TR4589,Nizamabad,Mathura,600,205,395,35,Weekday,No,2024-07-09,low
TR4590,Nizamabad,Dehradun,600,147,453,37,Weekday,No,2025-10-16,low
TR4591,Nizamabad,Haridwar,600,159,441,3,Weekday,No,2024-07-08,low
TR4592,Nizamabad,Amritsar,600,163,437,53,Weekday,Yes,2024-05-15,low
TR4593,Nizamabad,Ludhiana,600,166,434,40,Weekday,No,2024-07-09,low
TR4594,Nizamabad,Jalandhar,600,225,375,23,Weekend,No,2024-08-24,low
TR4595,Nizamabad,Patiala,600,90,510,5,Weekday,No,2024-03-29,low
TR4596,Nizamabad,Chandigarh,600,170,430,30,Weekday,No,2025-03-05,low
TR4597,Nizamabad,Jammu,600,165,435,54,Weekend,No,2024-08-31,low
TR4598,Nizamabad,Srinagar,600,103,497,51,Weekend,No,2025-06-08,low
TR4599,Nizamabad,Raipur,600,201,399,5,Weekday,Yes,2024-12-24,low
TR4600,Nizamabad,Bilaspur,600,134,466,45,Weekday,No,2024-11-19,low
TR4601,Nizamabad,Durg,600,152,448,4,Weekday,No,2024-12-10,low
TR4602,Nizamabad,Jabalpur,600,258,342,22,Weekday,No,2024-04-24,medium
TR4603,Nizamabad,Gwalior,600,217,383,26,Weekday,No,2025-06-05,low
TR4604,Nizamabad,Ujjain,600,197,403,1,Weekend,No,2024-03-17,low
TR4605,Nizamabad,Rewa,600,187,413,8,Weekday,Yes,2025-06-11,low
TR4606,Nizamabad,Dhanbad,600,161,439,52,Weekday,No,2025-12-31,low
TR4607,Nizamabad,Asansol,600,265,335,37,Weekend,No,2025-07-12,medium
TR4608,Nizamabad,Jamshedpur,600,207,393,47,Weekday,No,2024-11-28,low
TR4609,Nizamabad,Tatanagar,600,133,467,34,Weekend,No,2024-08-17,low
TR4610,Nizamabad,Gaya,600,102,498,26,Weekday,No,2025-09-29,low
TR4611,Nizamabad,Muzaffarpur,600,196,404,1,Weekend,No,2024-07-07,low
TR4612,Nizamabad,Bhagalpur,600,166,434,32,Weekday,No,2024-12-18,low
TR4613,Nizamabad,Siliguri,600,100,500,46,Weekday,No,2025-07-17,low
TR4614,Nizamabad,New Jalpaiguri,600,190,410,12,Weekday,No,2025-11-05,low
TR4615,Nizamabad,Durgapur,600,156,444,29,Weekday,No,2025-11-04,low
TR4616,Nizamabad,Howrah,600,194,406,24,Weekday,No,2024-03-05,low
TR4617,Nizamabad,Malda,600,190,410,52,Weekend,No,2025-10-18,low
TR4618,Nizamabad,Panaji,600,140,460,9,Weekend,No,2024-03-24,low
TR4619,Coimbatore,Delhi,600,199,401,6,Weekday,No,2025-03-03,low
TR4620,Coimbatore,New Delhi,600,145,455,12,Weekday,No,2025-11-10,low
TR4621,Coimbatore,Mumbai,600,148,452,9,Weekday,Yes,2025-04-23,low
TR4622,Coimbatore,Kolkata,600,143,457,50,Weekend,No,2025-11-23,low
TR4623,Coimbatore,Pune,600,223,377,15,Weekend,No,2024-09-08,low
TR4624,Coimbatore,Ahmedabad,600,155,445,21,Weekend,No,2024-08-18,low
TR4625,Coimbatore,Jaipur,600,235,365,15,Weekday,No,2024-08-26,low
TR4626,Coimbatore,Surat,600,255,345,48,Weekday,No,2024-09-16,medium
TR4627,Coimbatore,Lucknow,600,133,467,39,Weekday,No,2025-05-14,low
TR4628,Coimbatore,Kanpur,600,90,510,28,Weekday,No,2024-11-26,low
TR4629,Coimbatore,Nagpur,600,219,381,47,Weekday,No,2025-06-23,low
TR4630,Coimbatore,Indore,600,153,447,4,Weekday,No,2024-10-31,low
TR4631,Coimbatore,Bhopal,600,127,473,40,Weekday,No,2024-08-12,low
TR4632,Coimbatore,Patna,600,141,459,21,Weekend,No,2024-05-18,low
TR4633,Coimbatore,Ranchi,600,149,451,22,Weekday,No,2025-02-06,low
TR4634,Coimbatore,Bhubaneswar,600,231,369,9,Weekend,Yes,2025-10-18,low
TR4635,Coimbatore,Cuttack,600,177,423,5,Weekday,Yes,2025-09-19,low
TR4636,Coimbatore,Puri,600,231,369,41,Weekday,No,2024-07-04,low
TR4637,Coimbatore,Rourkela,600,193,407,51,Weekend,Yes,2024-12-15,low
TR4638,Coimbatore,Sambalpur,600,154,446,54,Weekday,No,2025-05-30,low
TR4639,Coimbatore,Guwahati,600,150,450,14,Weekend,No,2025-03-23,low
TR4640,Coimbatore,Dibrugarh,600,196,404,45,Weekday,No,2024-02-19,low
TR4641,Coimbatore,Agartala,600,208,392,6,Weekend,No,2025-03-08,low
TR4642,Coimbatore,Silchar,600,217,383,46,Weekday,No,2024-01-29,low
TR4643,Coimbatore,Visakhapatnam,600,156,444,33,Weekday,No,2024-03-26,low
TR4644,Coimbatore,Vijayawada,600,177,423,51,Weekday,No,2025-04-22,low
TR4645,Coimbatore,Guntur,600,197,403,4,Weekday,No,2024-03-15,low
TR4646,Coimbatore,Tirupati,600,151,449,46,Weekday,No,2024-09-04,low
TR4647,Coimbatore,Rajahmundry,600,114,486,28,Weekday,No,2025-03-06,low
TR4648,Coimbatore,Warangal,600,130,470,34,Weekday,No,2025-04-24,low
TR4649,Coimbatore,Nizamabad,600,157,443,32,Weekday,No,2024-11-21,low
TR4650,Coimbatore,Thoothukudi,600,201,399,42,Weekend,No,2024-03-09,low
TR4651,Coimbatore,Vellore,600,229,371,35,Weekday,No,2025-08-07,low
TR4652,Coimbatore,Kochi,600,104,496,24,Weekday,No,2025-11-25,low
TR4653,Coimbatore,Thiruvananthapuram,600,140,460,26,Weekend,No,2025-10-11,low
TR4654,Coimbatore,Kozhikode,600,152,448,4,Weekday,No,2025-07-01,low
TR4655,Coimbatore,Thrissur,600,207,393,43,Weekday,No,2024-10-21,low
TR4656,Coimbatore,Kollam,600,144,456,42,Weekday,No,2025-10-02,low
TR4657,Coimbatore,Mysore,600,148,452,34,Weekend,No,2024-12-22,low
TR4658,Coimbatore,Mangalore,600,101,499,43,Weekday,No,2024-04-09,low
TR4659,Coimbatore,Hubli,600,192,408,16,Weekend,Yes,2025-09-13,low
TR4660,Coimbatore,Belgaum,600,161,439,13,Weekday,No,2024-08-22,low
TR4661,Coimbatore,Davangere,600,138,462,55,Weekday,No,2025-11-17,low
TR4662,Coimbatore,Vadodara,600,156,444,57,Weekday,No,2024-09-26,low
TR4663,Coimbatore,Rajkot,600,223,377,51,Weekend,No,2025-09-27,low
TR4664,Coimbatore,Jamnagar,600,121,479,3,Weekday,Yes,2025-01-27,low
TR4665,Coimbatore,Bhavnagar,600,129,471,32,Weekend,No,2024-12-07,low
TR4666,Coimbatore,Gandhinagar,600,229,371,44,Weekday,No,2024-08-05,low
TR4667,Coimbatore,Nashik,600,173,427,2,Weekday,Yes,2025-09-02,low
TR4668,Coimbatore,Aurangabad,600,201,399,58,Weekday,No,2024-02-14,low
TR4669,Coimbatore,Kolhapur,600,188,412,47,Weekend,No,2024-12-08,low
TR4670,Coimbatore,Solapur,600,167,433,18,Weekday,Yes,2024-09-26,low
TR4671,Coimbatore,Thane,600,152,448,30,Weekend,No,2025-02-01,low
TR4672,Coimbatore,Navi Mumbai,600,209,391,54,Weekday,No,2024-07-05,low
TR4673,Coimbatore,Amravati,600,225,375,51,Weekday,No,2025-04-30,low
TR4674,Coimbatore,Jodhpur,600,221,379,49,Weekday,No,2024-10-09,low
TR4675,Coimbatore,Udaipur,600,112,488,59,Weekday,No,2024-05-17,low
TR4676,Coimbatore,Ajmer,600,232,368,44,Weekday,No,2024-05-23,low
TR4677,Coimbatore,Kota,600,152,448,56,Weekend,No,2025-05-24,low
TR4678,Coimbatore,Bikaner,600,133,467,57,Weekday,No,2024-07-10,low
TR4679,Coimbatore,Alwar,600,161,439,1,Weekday,No,2024-08-12,low
TR4680,Coimbatore,Varanasi,600,209,391,39,Weekday,No,2025-04-03,low
TR4681,Coimbatore,Prayagraj,600,195,405,20,Weekday,No,2024-08-29,low
TR4682,Coimbatore,Agra,600,157,443,29,Weekday,No,2024-10-10,low
TR4683,Coimbatore,Meerut,600,209,391,10,Weekday,No,2024-06-27,low
TR4684,Coimbatore,Bareilly,600,176,424,40,Weekday,No,2024-09-09,low
TR4685,Coimbatore,Gorakhpur,600,141,459,50,Weekday,No,2025-05-21,low
TR4686,Coimbatore,Mathura,600,135,465,24,Weekend,No,2025-01-25,low
TR4687,Coimbatore,Dehradun,600,189,411,41,Weekday,No,2025-12-30,low
TR4688,Coimbatore,Haridwar,600,165,435,19,Weekday,No,2025-07-18,low
TR4689,Coimbatore,Amritsar,600,103,497,44,Weekend,No,2024-01-13,low
TR4690,Coimbatore,Ludhiana,600,210,390,4,Weekday,No,2024-10-03,low
TR4691,Coimbatore,Jalandhar,600,146,454,52,Weekday,No,2024-07-30,low
TR4692,Coimbatore,Patiala,600,245,355,22,Weekday,No,2025-03-05,medium
TR4693,Coimbatore,Chandigarh,600,102,498,30,Weekend,Yes,2024-07-13,low
TR4694,Coimbatore,Jammu,600,160,440,48,Weekend,No,2025-12-07,low
TR4695,Coimbatore,Srinagar,600,135,465,1,Weekday,No,2024-08-06,low
TR4696,Coimbatore,Raipur,600,122,478,56,Weekday,No,2025-01-16,low
TR4697,Coimbatore,Bilaspur,600,146,454,36,Weekend,No,2024-03-30,low
TR4698,Coimbatore,Durg,600,254,346,58,Weekday,No,2025-10-27,medium
TR4699,Coimbatore,Jabalpur,600,176,424,33,Weekday,No,2025-10-28,low
TR4700,Coimbatore,Gwalior,600,131,469,12,Weekend,No,2025-08-03,low
TR4701,Coimbatore,Ujjain,600,90,510,34,Weekend,No,2024-09-14,low
TR4702,Coimbatore,Rewa,600,90,510,34,Weekday,No,2024-02-12,low
TR4703,Coimbatore,Dhanbad,600,143,457,55,Weekday,No,2025-06-03,low
TR4704,Coimbatore,Asansol,600,139,461,34,Weekend,No,2024-11-09,low
TR4705,Coimbatore,Jamshedpur,600,158,442,24,Weekday,No,2025-12-24,low
TR4706,Coimbatore,Tatanagar,600,90,510,10,Weekend,Yes,2025-05-25,low
TR4707,Coimbatore,Gaya,600,165,435,19,Weekday,No,2025-01-28,low
TR4708,Coimbatore,Muzaffarpur,600,218,382,34,Weekday,Yes,2025-12-22,low
TR4709,Coimbatore,Bhagalpur,600,247,353,22,Weekday,No,2025-08-08,medium
TR4710,Coimbatore,Siliguri,600,90,510,21,Weekend,No,2024-12-01,low
TR4711,Coimbatore,New Jalpaiguri,600,130,470,0,Weekend,No,2024-01-14,low
TR4712,Coimbatore,Durgapur,600,128,472,56,Weekday,No,2024-03-08,low
TR4713,Coimbatore,Howrah,600,176,424,50,Weekday,No,2024-11-20,low
TR4714,Coimbatore,Malda,600,110,490,15,Weekday,Yes,2025-02-14,low
TR4715,Coimbatore,Panaji,600,250,350,8,Weekday,No,2024-01-23,medium
TR4716,Madurai,Delhi,600,171,429,50,Weekday,No,2024-04-02,low
TR4717,Madurai,New Delhi,600,163,437,50,Weekday,No,2025-05-29,low
TR4718,Madurai,Mumbai,600,245,355,53,Weekday,No,2025-07-03,medium
TR4719,Madurai,Kolkata,600,168,432,32,Weekday,No,2024-01-22,low
TR4720,Madurai,Pune,600,188,412,44,Weekday,No,2025-01-06,low
TR4721,Madurai,Ahmedabad,600,133,467,43,Weekday,No,2024-02-29,low
TR4722,Madurai,Jaipur,600,103,497,12,Weekday,No,2025-06-12,low
TR4723,Madurai,Surat,600,140,460,31,Weekday,Yes,2025-09-01,low
TR4724,Madurai,Lucknow,600,274,326,15,Weekend,Yes,2025-09-27,medium
TR4725,Madurai,Kanpur,600,199,401,45,Weekday,No,2025-03-13,low
TR4726,Madurai,Nagpur,600,182,418,58,Weekday,No,2025-04-04,low
TR4727,Madurai,Indore,600,122,478,4,Weekend,Yes,2025-11-08,low
TR4728,Madurai,Bhopal,600,213,387,4,Weekend,No,2025-03-23,low
TR4729,Madurai,Patna,600,104,496,15,Weekday,No,2024-11-22,low
TR4730,Madurai,Ranchi,600,94,506,7,Weekend,No,2025-07-05,low
TR4731,Madurai,Bhubaneswar,600,142,458,0,Weekday,No,2025-03-07,low
TR4732,Madurai,Cuttack,600,263,337,58,Weekend,No,2025-09-07,medium
TR4733,Madurai,Puri,600,260,340,34,Weekend,No,2025-01-18,medium
TR4734,Madurai,Rourkela,600,147,453,46,Weekend,No,2025-09-27,low
TR4735,Madurai,Sambalpur,600,137,463,33,Weekday,No,2024-02-02,low
TR4736,Madurai,Guwahati,600,90,510,44,Weekend,No,2024-01-27,low
TR4737,Madurai,Dibrugarh,600,173,427,41,Weekday,No,2024-03-13,low
TR4738,Madurai,Agartala,600,177,423,9,Weekday,No,2025-02-10,low
TR4739,Madurai,Silchar,600,207,393,9,Weekday,No,2025-06-02,low
TR4740,Madurai,Visakhapatnam,600,213,387,29,Weekday,No,2024-06-07,low
TR4741,Madurai,Vijayawada,600,159,441,22,Weekday,No,2024-04-23,low
TR4742,Madurai,Guntur,600,196,404,50,Weekend,No,2025-09-20,low
TR4743,Madurai,Tirupati,600,135,465,18,Weekday,No,2025-07-02,low
TR4744,Madurai,Rajahmundry,600,195,405,19,Weekday,No,2025-04-18,low
TR4745,Madurai,Warangal,600,145,455,31,Weekend,No,2024-12-22,low
TR4746,Madurai,Nizamabad,600,191,409,11,Weekend,No,2024-11-03,low
TR4747,Madurai,Thoothukudi,600,187,413,51,Weekday,No,2024-01-16,low
TR4748,Madurai,Vellore,600,172,428,0,Weekday,Yes,2024-05-17,low
TR4749,Madurai,Kochi,600,207,393,50,Weekday,No,2025-10-17,low
TR4750,Madurai,Thiruvananthapuram,600,94,506,37,Weekday,No,2024-09-04,low
TR4751,Madurai,Kozhikode,600,118,482,53,Weekday,No,2025-05-30,low
TR4752,Madurai,Thrissur,600,156,444,17,Weekday,No,2025-05-29,low
TR4753,Madurai,Kollam,600,100,500,54,Weekday,No,2024-08-14,low
TR4754,Madurai,Mysore,600,149,451,51,Weekday,No,2024-05-29,low
TR4755,Madurai,Mangalore,600,151,449,27,Weekday,No,2025-05-20,low
TR4756,Madurai,Hubli,600,232,368,17,Weekend,No,2024-03-09,low
TR4757,Madurai,Belgaum,600,176,424,11,Weekday,No,2024-12-27,low
TR4758,Madurai,Davangere,600,218,382,9,Weekend,No,2025-10-11,low
TR4759,Madurai,Vadodara,600,183,417,34,Weekday,No,2025-06-03,low
TR4760,Madurai,Rajkot,600,143,457,57,Weekend,Yes,2025-07-12,low
TR4761,Madurai,Jamnagar,600,175,425,33,Weekday,No,2024-03-01,low
TR4762,Madurai,Bhavnagar,600,204,396,57,Weekend,No,2024-05-26,low
TR4763,Madurai,Gandhinagar,600,226,374,45,Weekend,No,2024-07-20,low
TR4764,Madurai,Nashik,600,163,437,41,Weekday,No,2024-08-01,low
TR4765,Madurai,Aurangabad,600,90,510,43,Weekday,No,2024-05-21,low
TR4766,Madurai,Kolhapur,600,90,510,55,Weekday,No,2025-12-11,low
TR4767,Madurai,Solapur,600,153,447,51,Weekday,No,2024-04-30,low
TR4768,Madurai,Thane,600,90,510,9,Weekend,Yes,2025-06-01,low
TR4769,Madurai,Navi Mumbai,600,255,345,35,Weekday,No,2025-03-04,medium
TR4770,Madurai,Amravati,600,198,402,27,Weekend,No,2025-03-22,low
TR4771,Madurai,Jodhpur,600,138,462,52,Weekday,Yes,2024-06-05,low
TR4772,Madurai,Udaipur,600,116,484,12,Weekday,No,2024-08-12,low
TR4773,Madurai,Ajmer,600,218,382,49,Weekday,No,2025-03-19,low
TR4774,Madurai,Kota,600,115,485,28,Weekday,No,2024-08-06,low
TR4775,Madurai,Bikaner,600,120,480,55,Weekday,No,2025-05-22,low
TR4776,Madurai,Alwar,600,132,468,47,Weekday,No,2024-01-29,low
TR4777,Madurai,Varanasi,600,174,426,20,Weekday,No,2024-02-23,low
TR4778,Madurai,Prayagraj,600,199,401,50,Weekday,No,2025-06-16,low
TR4779,Madurai,Agra,600,226,374,11,Weekday,No,2025-03-26,low
TR4780,Madurai,Meerut,600,219,381,0,Weekday,No,2024-02-01,low
TR4781,Madurai,Bareilly,600,169,431,30,Weekend,No,2025-10-19,low
TR4782,Madurai,Gorakhpur,600,218,382,23,Weekday,No,2024-01-04,low
TR4783,Madurai,Mathura,600,137,463,7,Weekend,No,2025-11-29,low
TR4784,Madurai,Dehradun,600,90,510,59,Weekday,No,2025-06-17,low
TR4785,Madurai,Haridwar,600,137,463,2,Weekday,No,2025-12-23,low
TR4786,Madurai,Amritsar,600,130,470,35,Weekday,Yes,2025-11-24,low
TR4787,Madurai,Ludhiana,600,139,461,15,Weekday,No,2024-08-16,low
TR4788,Madurai,Jalandhar,600,123,477,17,Weekday,Yes,2025-07-07,low
TR4789,Madurai,Patiala,600,147,453,12,Weekday,No,2024-06-03,low
TR4790,Madurai,Chandigarh,600,199,401,23,Weekday,No,2024-12-10,low
TR4791,Madurai,Jammu,600,251,349,40,Weekday,No,2024-06-24,medium
TR4792,Madurai,Srinagar,600,90,510,19,Weekend,Yes,2024-12-21,low
TR4793,Madurai,Raipur,600,107,493,43,Weekday,No,2025-09-29,low
TR4794,Madurai,Bilaspur,600,131,469,26,Weekday,Yes,2024-11-14,low
TR4795,Madurai,Durg,600,206,394,47,Weekday,No,2024-03-08,low
TR4796,Madurai,Jabalpur,600,159,441,26,Weekend,No,2024-08-25,low
TR4797,Madurai,Gwalior,600,134,466,21,Weekday,No,2025-07-28,low
TR4798,Madurai,Ujjain,600,203,397,30,Weekday,No,2025-01-16,low
TR4799,Madurai,Rewa,600,215,385,41,Weekday,No,2025-02-13,low
TR4800,Madurai,Dhanbad,600,168,432,27,Weekday,No,2024-11-11,low
TR4801,Madurai,Asansol,600,130,470,54,Weekday,No,2024-08-02,low
TR4802,Madurai,Jamshedpur,600,182,418,30,Weekday,No,2025-03-13,low
TR4803,Madurai,Tatanagar,600,158,442,17,Weekday,No,2025-04-07,low
TR4804,Madurai,Gaya,600,157,443,1,Weekend,No,2025-10-18,low
TR4805,Madurai,Muzaffarpur,600,144,456,23,Weekday,No,2025-03-27,low
TR4806,Madurai,Bhagalpur,600,213,387,3,Weekend,No,2025-12-28,low
TR4807,Madurai,Siliguri,600,181,419,2,Weekday,No,2025-08-27,low
TR4808,Madurai,New Jalpaiguri,600,219,381,22,Weekday,No,2024-02-27,low
TR4809,Madurai,Durgapur,600,233,367,17,Weekend,No,2024-10-13,low
TR4810,Madurai,Howrah,600,191,409,53,Weekday,No,2024-10-08,low
TR4811,Madurai,Malda,600,145,455,43,Weekday,No,2024-01-03,low
TR4812,Madurai,Panaji,600,219,381,47,Weekend,No,2024-05-12,low
TR4813,Trichy,Delhi,600,191,409,32,Weekday,No,2025-07-11,low
TR4814,Trichy,New Delhi,600,294,306,6,Weekend,Yes,2024-09-14,medium
TR4815,Trichy,Mumbai,600,184,416,51,Weekday,No,2024-04-18,low
TR4816,Trichy,Kolkata,600,202,398,29,Weekday,No,2024-07-29,low
TR4817,Trichy,Pune,600,183,417,25,Weekday,No,2024-07-19,low
TR4818,Trichy,Ahmedabad,600,164,436,36,Weekday,No,2024-05-07,low
TR4819,Trichy,Jaipur,600,157,443,9,Weekday,No,2024-03-14,low
TR4820,Trichy,Surat,600,183,417,28,Weekend,Yes,2025-07-12,low
TR4821,Trichy,Lucknow,600,194,406,36,Weekday,No,2025-08-25,low
TR4822,Trichy,Kanpur,600,224,376,41,Weekend,No,2024-12-28,low
TR4823,Trichy,Nagpur,600,184,416,30,Weekday,No,2025-03-25,low
TR4824,Trichy,Indore,600,147,453,59,Weekend,Yes,2025-11-02,low
TR4825,Trichy,Bhopal,600,153,447,59,Weekend,No,2025-09-07,low
TR4826,Trichy,Patna,600,105,495,5,Weekday,No,2024-01-24,low
TR4827,Trichy,Ranchi,600,249,351,4,Weekday,No,2025-11-27,medium
TR4828,Trichy,Bhubaneswar,600,143,457,30,Weekend,No,2024-02-18,low
TR4829,Trichy,Cuttack,600,215,385,49,Weekend,No,2024-01-20,low
TR4830,Trichy,Puri,600,182,418,30,Weekday,No,2024-10-21,low
TR4831,Trichy,Rourkela,600,184,416,13,Weekend,No,2025-06-29,low
TR4832,Trichy,Sambalpur,600,163,437,33,Weekday,Yes,2024-02-28,low
TR4833,Trichy,Guwahati,600,131,469,56,Weekday,No,2024-08-02,low
TR4834,Trichy,Dibrugarh,600,122,478,10,Weekday,Yes,2024-07-11,low
TR4835,Trichy,Agartala,600,252,348,26,Weekday,No,2024-10-17,medium
TR4836,Trichy,Silchar,600,174,426,38,Weekend,No,2025-12-21,low
TR4837,Trichy,Visakhapatnam,600,223,377,23,Weekday,No,2024-08-30,low
TR4838,Trichy,Vijayawada,600,235,365,2,Weekend,No,2024-06-01,low
TR4839,Trichy,Guntur,600,149,451,40,Weekend,No,2024-03-30,low
TR4840,Trichy,Tirupati,600,189,411,44,Weekday,No,2024-05-24,low
TR4841,Trichy,Rajahmundry,600,171,429,39,Weekend,No,2024-04-07,low
TR4842,Trichy,Warangal,600,113,487,39,Weekend,No,2025-02-23,low
TR4843,Trichy,Nizamabad,600,160,440,39,Weekend,No,2024-11-03,low
TR4844,Trichy,Thoothukudi,600,197,403,19,Weekday,No,2024-12-30,low
TR4845,Trichy,Vellore,600,145,455,0,Weekend,No,2025-08-31,low
TR4846,Trichy,Kochi,600,153,447,59,Weekday,No,2025-02-28,low
TR4847,Trichy,Thiruvananthapuram,600,161,439,12,Weekday,No,2024-04-23,low
TR4848,Trichy,Kozhikode,600,270,330,49,Weekday,No,2024-10-02,medium
TR4849,Trichy,Thrissur,600,90,510,32,Weekday,No,2024-08-16,low
TR4850,Trichy,Kollam,600,193,407,32,Weekday,No,2025-08-27,low
TR4851,Trichy,Mysore,600,157,443,1,Weekday,Yes,2024-08-12,low
TR4852,Trichy,Mangalore,600,138,462,59,Weekday,No,2024-04-11,low
TR4853,Trichy,Hubli,600,156,444,31,Weekend,No,2025-06-22,low
TR4854,Trichy,Belgaum,600,201,399,49,Weekend,No,2024-11-09,low
TR4855,Trichy,Davangere,600,204,396,46,Weekday,No,2024-03-11,low
TR4856,Trichy,Vadodara,600,178,422,8,Weekday,Yes,2025-05-19,low
TR4857,Trichy,Rajkot,600,221,379,56,Weekend,No,2024-06-02,low
TR4858,Trichy,Jamnagar,600,230,370,35,Weekday,No,2025-09-26,low
TR4859,Trichy,Bhavnagar,600,208,392,11,Weekend,No,2025-08-31,low
TR4860,Trichy,Gandhinagar,600,143,457,34,Weekday,No,2024-09-27,low
TR4861,Trichy,Nashik,600,193,407,36,Weekday,No,2025-02-10,low
TR4862,Trichy,Aurangabad,600,193,407,39,Weekday,No,2025-02-19,low
TR4863,Trichy,Kolhapur,600,130,470,19,Weekday,No,2025-04-22,low
TR4864,Trichy,Solapur,600,94,506,56,Weekday,No,2024-02-20,low
TR4865,Trichy,Thane,600,90,510,14,Weekend,No,2024-08-25,low
TR4866,Trichy,Navi Mumbai,600,172,428,29,Weekend,No,2024-05-04,low
TR4867,Trichy,Amravati,600,183,417,50,Weekend,No,2025-05-24,low
TR4868,Trichy,Jodhpur,600,112,488,4,Weekday,No,2024-02-20,low
TR4869,Trichy,Udaipur,600,219,381,24,Weekend,Yes,2025-01-12,low
TR4870,Trichy,Ajmer,600,176,424,28,Weekday,No,2025-06-16,low
TR4871,Trichy,Kota,600,234,366,46,Weekday,No,2025-11-24,low
TR4872,Trichy,Bikaner,600,187,413,47,Weekday,No,2024-07-29,low
TR4873,Trichy,Alwar,600,118,482,47,Weekend,No,2024-01-06,low
TR4874,Trichy,Varanasi,600,191,409,21,Weekday,Yes,2025-06-13,low
TR4875,Trichy,Prayagraj,600,201,399,29,Weekday,No,2024-01-02,low
TR4876,Trichy,Agra,600,143,457,1,Weekend,No,2024-02-18,low
TR4877,Trichy,Meerut,600,100,500,49,Weekday,No,2025-12-25,low
TR4878,Trichy,Bareilly,600,174,426,18,Weekday,No,2025-09-22,low
TR4879,Trichy,Gorakhpur,600,121,479,28,Weekend,Yes,2025-06-01,low
TR4880,Trichy,Mathura,600,223,377,40,Weekday,No,2025-09-02,low
TR4881,Trichy,Dehradun,600,149,451,46,Weekend,No,2024-02-25,low
TR4882,Trichy,Haridwar,600,252,348,5,Weekday,No,2024-03-06,medium
TR4883,Trichy,Amritsar,600,90,510,46,Weekday,No,2024-08-07,low
TR4884,Trichy,Ludhiana,600,175,425,22,Weekday,No,2024-01-18,low
TR4885,Trichy,Jalandhar,600,238,362,25,Weekend,No,2025-10-11,low
TR4886,Trichy,Patiala,600,126,474,7,Weekend,No,2024-02-11,low
TR4887,Trichy,Chandigarh,600,161,439,43,Weekend,No,2025-02-01,low
TR4888,Trichy,Jammu,600,150,450,28,Weekday,No,2025-09-16,low
TR4889,Trichy,Srinagar,600,136,464,6,Weekend,No,2025-06-21,low
TR4890,Trichy,Raipur,600,181,419,8,Weekday,No,2024-06-20,low
TR4891,Trichy,Bilaspur,600,107,493,43,Weekday,Yes,2024-12-09,low
TR4892,Trichy,Durg,600,164,436,6,Weekday,Yes,2025-02-04,low
TR4893,Trichy,Jabalpur,600,194,406,31,Weekday,Yes,2025-07-15,low
TR4894,Trichy,Gwalior,600,159,441,41,Weekday,No,2024-11-07,low
TR4895,Trichy,Ujjain,600,121,479,54,Weekend,Yes,2024-07-27,low
TR4896,Trichy,Rewa,600,218,382,9,Weekday,No,2025-08-04,low
TR4897,Trichy,Dhanbad,600,204,396,17,Weekday,No,2025-10-10,low
TR4898,Trichy,Asansol,600,119,481,9,Weekday,Yes,2024-12-23,low
TR4899,Trichy,Jamshedpur,600,107,493,52,Weekend,No,2024-01-21,low
TR4900,Trichy,Tatanagar,600,123,477,35,Weekday,No,2024-12-31,low
TR4901,Trichy,Gaya,600,195,405,58,Weekend,No,2025-10-12,low
TR4902,Trichy,Muzaffarpur,600,182,418,2,Weekday,Yes,2025-12-24,low
TR4903,Trichy,Bhagalpur,600,207,393,42,Weekend,No,2024-10-20,low
TR4904,Trichy,Siliguri,600,153,447,1,Weekday,No,2024-04-19,low
TR4905,Trichy,New Jalpaiguri,600,125,475,6,Weekend,Yes,2025-02-22,low
TR4906,Trichy,Durgapur,600,213,387,25,Weekend,No,2025-08-30,low
TR4907,Trichy,Howrah,600,142,458,22,Weekday,No,2025-11-21,low
TR4908,Trichy,Malda,600,178,422,21,Weekday,No,2024-02-07,low
TR4909,Trichy,Panaji,600,95,505,4,Weekday,No,2024-07-31,low
TR4910,Salem,Delhi,600,142,458,32,Weekend,No,2024-12-15,low
TR4911,Salem,New Delhi,600,217,383,20,Weekday,Yes,2024-03-12,low
TR4912,Salem,Mumbai,600,135,465,59,Weekday,Yes,2025-10-09,low
TR4913,Salem,Kolkata,600,208,392,47,Weekday,No,2024-03-22,low
TR4914,Salem,Pune,600,90,510,26,Weekday,No,2025-05-01,low
TR4915,Salem,Ahmedabad,600,142,458,45,Weekend,No,2025-11-02,low
TR4916,Salem,Jaipur,600,161,439,34,Weekday,No,2025-05-15,low
TR4917,Salem,Surat,600,253,347,29,Weekday,No,2025-07-11,medium
TR4918,Salem,Lucknow,600,113,487,55,Weekday,Yes,2024-07-11,low
TR4919,Salem,Kanpur,600,201,399,35,Weekday,No,2025-08-27,low
TR4920,Salem,Nagpur,600,220,380,28,Weekday,No,2024-11-01,low
TR4921,Salem,Indore,600,134,466,33,Weekday,No,2024-02-14,low
TR4922,Salem,Bhopal,600,151,449,46,Weekday,No,2024-09-24,low
TR4923,Salem,Patna,600,176,424,44,Weekday,Yes,2024-09-12,low
TR4924,Salem,Ranchi,600,98,502,32,Weekday,Yes,2025-01-16,low
TR4925,Salem,Bhubaneswar,600,147,453,10,Weekday,No,2024-07-12,low
TR4926,Salem,Cuttack,600,230,370,38,Weekday,No,2024-12-03,low
TR4927,Salem,Puri,600,194,406,25,Weekday,No,2024-11-08,low
TR4928,Salem,Rourkela,600,161,439,55,Weekday,No,2024-08-26,low
TR4929,Salem,Sambalpur,600,174,426,54,Weekday,No,2025-05-23,low
TR4930,Salem,Guwahati,600,197,403,0,Weekend,No,2024-08-11,low
TR4931,Salem,Dibrugarh,600,206,394,59,Weekend,No,2025-07-13,low
TR4932,Salem,Agartala,600,142,458,54,Weekday,No,2024-07-02,low
TR4933,Salem,Silchar,600,243,357,54,Weekday,No,2025-09-24,medium
TR4934,Salem,Visakhapatnam,600,232,368,29,Weekday,No,2024-09-23,low
TR4935,Salem,Vijayawada,600,201,399,16,Weekday,No,2024-01-30,low
TR4936,Salem,Guntur,600,128,472,36,Weekday,No,2024-04-19,low
TR4937,Salem,Tirupati,600,120,480,52,Weekday,Yes,2025-08-12,low
TR4938,Salem,Rajahmundry,600,153,447,27,Weekday,No,2025-09-29,low
TR4939,Salem,Warangal,600,172,428,59,Weekday,No,2024-06-03,low
TR4940,Salem,Nizamabad,600,90,510,15,Weekend,Yes,2025-03-16,low
TR4941,Salem,Thoothukudi,600,193,407,51,Weekend,No,2025-02-23,low
TR4942,Salem,Vellore,600,231,369,3,Weekend,No,2024-04-07,low
TR4943,Salem,Kochi,600,197,403,50,Weekday,No,2024-11-26,low
TR4944,Salem,Thiruvananthapuram,600,136,464,56,Weekday,No,2025-05-22,low
TR4945,Salem,Kozhikode,600,131,469,42,Weekend,No,2025-12-07,low
TR4946,Salem,Thrissur,600,183,417,37,Weekday,No,2025-09-11,low
TR4947,Salem,Kollam,600,162,438,24,Weekday,No,2024-03-12,low
TR4948,Salem,Mysore,600,190,410,52,Weekend,No,2024-06-22,low
TR4949,Salem,Mangalore,600,198,402,7,Weekday,No,2024-11-15,low
TR4950,Salem,Hubli,600,221,379,17,Weekend,No,2024-04-20,low
TR4951,Salem,Belgaum,600,115,485,7,Weekday,No,2025-02-21,low
TR4952,Salem,Davangere,600,180,420,16,Weekend,No,2024-01-07,low
TR4953,Salem,Vadodara,600,152,448,31,Weekend,No,2024-03-23,low
TR4954,Salem,Rajkot,600,164,436,20,Weekend,No,2024-02-04,low
TR4955,Salem,Jamnagar,600,210,390,25,Weekend,Yes,2024-08-04,low
TR4956,Salem,Bhavnagar,600,216,384,13,Weekday,No,2025-07-11,low
TR4957,Salem,Gandhinagar,600,236,364,21,Weekday,No,2024-05-09,low
TR4958,Salem,Nashik,600,189,411,29,Weekday,No,2025-12-22,low
TR4959,Salem,Aurangabad,600,164,436,12,Weekday,Yes,2024-07-16,low
TR4960,Salem,Kolhapur,600,157,443,56,Weekday,No,2024-02-02,low
TR4961,Salem,Solapur,600,90,510,53,Weekday,No,2024-09-02,low
TR4962,Salem,Thane,600,233,367,52,Weekday,No,2025-06-30,low
TR4963,Salem,Navi Mumbai,600,153,447,0,Weekday,No,2024-03-18,low
TR4964,Salem,Amravati,600,193,407,29,Weekday,No,2024-02-22,low
TR4965,Salem,Jodhpur,600,202,398,47,Weekday,No,2025-09-12,low
TR4966,Salem,Udaipur,600,109,491,20,Weekend,No,2025-03-08,low
TR4967,Salem,Ajmer,600,125,475,13,Weekend,No,2024-09-07,low
TR4968,Salem,Kota,600,243,357,36,Weekend,No,2025-07-06,medium
TR4969,Salem,Bikaner,600,183,417,0,Weekday,No,2025-09-09,low
TR4970,Salem,Alwar,600,141,459,36,Weekday,Yes,2024-09-19,low
TR4971,Salem,Varanasi,600,163,437,27,Weekday,No,2025-02-14,low
TR4972,Salem,Prayagraj,600,221,379,41,Weekday,No,2024-01-08,low
TR4973,Salem,Agra,600,214,386,40,Weekend,No,2024-08-11,low
TR4974,Salem,Meerut,600,99,501,32,Weekday,No,2025-03-11,low
TR4975,Salem,Bareilly,600,247,353,35,Weekday,No,2024-05-24,medium
TR4976,Salem,Gorakhpur,600,215,385,1,Weekday,No,2025-12-25,low
TR4977,Salem,Mathura,600,162,438,58,Weekday,No,2025-12-10,low
TR4978,Salem,Dehradun,600,112,488,4,Weekend,Yes,2024-07-07,low
TR4979,Salem,Haridwar,600,220,380,58,Weekday,No,2024-10-16,low
TR4980,Salem,Amritsar,600,192,408,58,Weekend,No,2024-05-18,low
TR4981,Salem,Ludhiana,600,99,501,43,Weekday,No,2025-01-03,low
TR4982,Salem,Jalandhar,600,158,442,44,Weekend,No,2024-03-31,low
TR4983,Salem,Patiala,600,319,281,1,Weekend,No,2024-10-12,medium
TR4984,Salem,Chandigarh,600,170,430,56,Weekend,No,2025-02-09,low
TR4985,Salem,Jammu,600,133,467,31,Weekend,Yes,2025-03-23,low
TR4986,Salem,Srinagar,600,121,479,20,Weekday,No,2025-03-12,low
TR4987,Salem,Raipur,600,254,346,40,Weekday,No,2024-06-10,medium
TR4988,Salem,Bilaspur,600,210,390,32,Weekend,No,2025-08-02,low
TR4989,Salem,Durg,600,237,363,21,Weekday,No,2025-05-20,low
TR4990,Salem,Jabalpur,600,181,419,19,Weekday,No,2025-07-04,low
TR4991,Salem,Gwalior,600,229,371,7,Weekend,No,2024-12-08,low
TR4992,Salem,Ujjain,600,128,472,54,Weekday,No,2025-10-14,low
TR4993,Salem,Rewa,600,177,423,39,Weekday,No,2024-10-11,low
TR4994,Salem,Dhanbad,600,183,417,17,Weekday,No,2025-08-12,low
TR4995,Salem,Asansol,600,235,365,43,Weekday,No,2024-05-28,low
TR4996,Salem,Jamshedpur,600,184,416,41,Weekend,No,2024-06-29,low
TR4997,Salem,Tatanagar,600,139,461,8,Weekday,No,2025-01-20,low
TR4998,Salem,Gaya,600,172,428,10,Weekday,No,2025-02-10,low
TR4999,Salem,Muzaffarpur,600,90,510,13,Weekend,No,2025-06-29,low
TR5000,Salem,Bhagalpur,600,90,510,6,Weekday,No,2024-08-05,low
TR5001,Salem,Siliguri,600,209,391,49,Weekday,No,2025-09-29,low
TR5002,Salem,New Jalpaiguri,600,151,449,9,Weekday,No,2024-08-29,low
TR5003,Salem,Durgapur,600,156,444,48,Weekend,No,2025-01-25,low
TR5004,Salem,Howrah,600,209,391,31,Weekday,No,2025-11-12,low
TR5005,Salem,Malda,600,236,364,7,Weekday,No,2025-01-29,low
TR5006,Salem,Panaji,600,195,405,50,Weekday,No,2025-05-13,low
TR5007,Erode,Delhi,600,261,339,10,Weekend,No,2025-10-26,medium
TR5008,Erode,New Delhi,600,193,407,59,Weekend,No,2025-12-13,low
TR5009,Erode,Mumbai,600,183,417,0,Weekday,No,2024-12-31,low
TR5010,Erode,Kolkata,600,180,420,37,Weekday,No,2024-10-31,low
TR5011,Erode,Pune,600,107,493,18,Weekday,No,2024-05-23,low
TR5012,Erode,Ahmedabad,600,215,385,32,Weekday,No,2025-01-27,low
TR5013,Erode,Jaipur,600,90,510,50,Weekend,No,2025-11-02,low
TR5014,Erode,Surat,600,141,459,47,Weekend,No,2024-12-22,low
TR5015,Erode,Lucknow,600,170,430,16,Weekday,No,2024-09-11,low
TR5016,Erode,Kanpur,600,131,469,3,Weekday,No,2024-03-19,low
TR5017,Erode,Nagpur,600,147,453,17,Weekday,No,2024-10-11,low
TR5018,Erode,Indore,600,257,343,48,Weekend,No,2024-06-22,medium
TR5019,Erode,Bhopal,600,222,378,30,Weekend,Yes,2025-12-14,low
TR5020,Erode,Patna,600,136,464,45,Weekday,No,2025-01-20,low
TR5021,Erode,Ranchi,600,146,454,29,Weekday,No,2024-04-10,low
TR5022,Erode,Bhubaneswar,600,108,492,31,Weekday,No,2024-02-19,low
TR5023,Erode,Cuttack,600,203,397,3,Weekend,No,2025-09-13,low
TR5024,Erode,Puri,600,157,443,1,Weekday,No,2025-11-11,low
TR5025,Erode,Rourkela,600,90,510,42,Weekday,No,2025-07-11,low
TR5026,Erode,Sambalpur,600,174,426,12,Weekend,No,2024-03-31,low
TR5027,Erode,Guwahati,600,190,410,21,Weekday,No,2024-03-12,low
TR5028,Erode,Dibrugarh,600,215,385,22,Weekday,No,2024-05-24,low
TR5029,Erode,Agartala,600,165,435,37,Weekday,No,2025-07-03,low
TR5030,Erode,Silchar,600,151,449,56,Weekend,No,2025-07-13,low
TR5031,Erode,Visakhapatnam,600,264,336,45,Weekday,No,2025-09-04,medium
TR5032,Erode,Vijayawada,600,169,431,38,Weekday,No,2024-03-11,low
TR5033,Erode,Guntur,600,203,397,50,Weekend,No,2024-04-21,low
TR5034,Erode,Tirupati,600,143,457,30,Weekday,Yes,2025-10-20,low
TR5035,Erode,Rajahmundry,600,202,398,8,Weekend,No,2025-11-09,low
TR5036,Erode,Warangal,600,99,501,29,Weekend,No,2025-06-14,low
TR5037,Erode,Nizamabad,600,147,453,58,Weekday,No,2024-03-18,low
TR5038,Erode,Thoothukudi,600,111,489,46,Weekday,No,2024-02-20,low
TR5039,Erode,Vellore,600,140,460,20,Weekend,Yes,2024-02-10,low
TR5040,Erode,Kochi,600,229,371,19,Weekday,Yes,2025-05-20,low
TR5041,Erode,Thiruvananthapuram,600,140,460,55,Weekday,No,2025-09-10,low
TR5042,Erode,Kozhikode,600,203,397,5,Weekend,No,2025-04-06,low
TR5043,Erode,Thrissur,600,242,358,55,Weekday,No,2024-07-10,medium
TR5044,Erode,Kollam,600,168,432,40,Weekday,Yes,2025-07-07,low
TR5045,Erode,Mysore,600,217,383,48,Weekday,No,2024-02-13,low
TR5046,Erode,Mangalore,600,194,406,19,Weekday,No,2025-08-28,low
TR5047,Erode,Hubli,600,175,425,38,Weekday,No,2025-10-13,low
TR5048,Erode,Belgaum,600,205,395,19,Weekday,No,2025-06-09,low
TR5049,Erode,Davangere,600,257,343,1,Weekend,No,2025-10-04,medium
TR5050,Erode,Vadodara,600,138,462,27,Weekday,No,2025-03-04,low
TR5051,Erode,Rajkot,600,123,477,58,Weekend,No,2024-12-08,low
TR5052,Erode,Jamnagar,600,120,480,14,Weekday,No,2024-08-23,low
TR5053,Erode,Bhavnagar,600,217,383,9,Weekday,No,2025-11-04,low
TR5054,Erode,Gandhinagar,600,223,377,55,Weekend,No,2025-05-24,low
TR5055,Erode,Nashik,600,143,457,54,Weekend,Yes,2024-05-19,low
TR5056,Erode,Aurangabad,600,90,510,50,Weekend,No,2025-11-30,low
TR5057,Erode,Kolhapur,600,137,463,58,Weekday,No,2024-02-13,low
TR5058,Erode,Solapur,600,195,405,59,Weekday,Yes,2025-03-05,low
TR5059,Erode,Thane,600,166,434,55,Weekend,No,2024-05-19,low
TR5060,Erode,Navi Mumbai,600,178,422,57,Weekday,No,2025-04-30,low
TR5061,Erode,Amravati,600,144,456,44,Weekday,No,2024-10-28,low
TR5062,Erode,Jodhpur,600,218,382,18,Weekday,No,2024-11-15,low
TR5063,Erode,Udaipur,600,185,415,27,Weekday,No,2025-05-05,low
TR5064,Erode,Ajmer,600,197,403,22,Weekend,Yes,2025-07-06,low
TR5065,Erode,Kota,600,177,423,30,Weekday,No,2024-10-04,low
TR5066,Erode,Bikaner,600,194,406,41,Weekday,No,2025-12-30,low
TR5067,Erode,Alwar,600,191,409,14,Weekday,No,2024-12-30,low
TR5068,Erode,Varanasi,600,124,476,0,Weekend,No,2024-04-27,low
TR5069,Erode,Prayagraj,600,187,413,36,Weekday,Yes,2024-01-05,low
TR5070,Erode,Agra,600,207,393,59,Weekday,No,2024-05-27,low
TR5071,Erode,Meerut,600,224,376,51,Weekday,No,2025-05-20,low
TR5072,Erode,Bareilly,600,189,411,0,Weekday,No,2025-01-29,low
TR5073,Erode,Gorakhpur,600,123,477,35,Weekday,No,2024-09-03,low
TR5074,Erode,Mathura,600,130,470,31,Weekday,No,2024-12-17,low
TR5075,Erode,Dehradun,600,148,452,25,Weekday,No,2025-09-04,low
TR5076,Erode,Haridwar,600,178,422,40,Weekday,No,2025-02-21,low
TR5077,Erode,Amritsar,600,163,437,25,Weekday,No,2024-02-12,low
TR5078,Erode,Ludhiana,600,115,485,54,Weekday,Yes,2024-02-05,low
TR5079,Erode,Jalandhar,600,115,485,54,Weekday,No,2024-12-18,low
TR5080,Erode,Patiala,600,90,510,38,Weekday,No,2024-10-22,low
TR5081,Erode,Chandigarh,600,90,510,27,Weekend,No,2025-09-13,low
TR5082,Erode,Jammu,600,163,437,35,Weekend,No,2025-03-02,low
TR5083,Erode,Srinagar,600,280,320,54,Weekday,No,2025-07-07,medium
TR5084,Erode,Raipur,600,255,345,18,Weekday,No,2025-03-03,medium
TR5085,Erode,Bilaspur,600,122,478,52,Weekday,No,2024-09-09,low
TR5086,Erode,Durg,600,176,424,35,Weekday,No,2025-04-25,low
TR5087,Erode,Jabalpur,600,99,501,3,Weekend,No,2025-03-30,low
TR5088,Erode,Gwalior,600,106,494,44,Weekday,No,2025-06-10,low
TR5089,Erode,Ujjain,600,111,489,12,Weekend,No,2024-05-18,low
TR5090,Erode,Rewa,600,158,442,30,Weekend,Yes,2025-04-13,low
TR5091,Erode,Dhanbad,600,160,440,57,Weekend,No,2024-07-27,low
TR5092,Erode,Asansol,600,181,419,46,Weekday,No,2025-07-31,low
TR5093,Erode,Jamshedpur,600,201,399,41,Weekday,No,2025-08-06,low
TR5094,Erode,Tatanagar,600,153,447,4,Weekday,No,2025-04-01,low
TR5095,Erode,Gaya,600,171,429,51,Weekend,Yes,2025-11-23,low
TR5096,Erode,Muzaffarpur,600,116,484,20,Weekday,No,2025-01-27,low
TR5097,Erode,Bhagalpur,600,104,496,3,Weekday,No,2024-01-19,low
TR5098,Erode,Siliguri,600,97,503,57,Weekday,No,2025-03-19,low
TR5099,Erode,New Jalpaiguri,600,200,400,11,Weekday,No,2025-07-22,low
TR5100,Erode,Durgapur,600,153,447,19,Weekday,No,2024-03-14,low
TR5101,Erode,Howrah,600,90,510,8,Weekend,No,2024-03-17,low
TR5102,Erode,Malda,600,166,434,37,Weekday,No,2024-07-18,low
TR5103,Erode,Panaji,600,109,491,52,Weekday,No,2025-09-09,low
TR5104,Tirunelveli,Delhi,600,249,351,31,Weekday,No,2025-01-20,medium
TR5105,Tirunelveli,New Delhi,600,141,459,52,Weekend,No,2025-12-14,low
TR5106,Tirunelveli,Mumbai,600,202,398,56,Weekday,No,2025-09-30,low
TR5107,Tirunelveli,Kolkata,600,221,379,52,Weekend,No,2025-02-09,low
TR5108,Tirunelveli,Pune,600,123,477,9,Weekend,No,2025-05-11,low
TR5109,Tirunelveli,Ahmedabad,600,173,427,12,Weekday,No,2024-08-29,low
TR5110,Tirunelveli,Jaipur,600,196,404,17,Weekday,No,2024-03-07,low
TR5111,Tirunelveli,Surat,600,174,426,38,Weekday,No,2024-10-18,low
TR5112,Tirunelveli,Lucknow,600,186,414,51,Weekend,No,2025-03-08,low
TR5113,Tirunelveli,Kanpur,600,105,495,18,Weekday,No,2024-05-13,low
TR5114,Tirunelveli,Nagpur,600,196,404,39,Weekday,No,2024-06-11,low
TR5115,Tirunelveli,Indore,600,146,454,11,Weekday,No,2024-01-11,low
TR5116,Tirunelveli,Bhopal,600,186,414,32,Weekday,No,2025-06-20,low
TR5117,Tirunelveli,Patna,600,213,387,46,Weekend,No,2025-10-19,low
TR5118,Tirunelveli,Ranchi,600,201,399,23,Weekday,No,2025-08-27,low
TR5119,Tirunelveli,Bhubaneswar,600,186,414,9,Weekday,No,2024-10-04,low
TR5120,Tirunelveli,Cuttack,600,200,400,24,Weekend,No,2025-03-09,low
TR5121,Tirunelveli,Puri,600,202,398,45,Weekday,No,2025-12-03,low
TR5122,Tirunelveli,Rourkela,600,241,359,56,Weekend,No,2025-03-08,medium
TR5123,Tirunelveli,Sambalpur,600,167,433,36,Weekend,No,2024-08-04,low
TR5124,Tirunelveli,Guwahati,600,177,423,40,Weekday,No,2024-09-04,low
TR5125,Tirunelveli,Dibrugarh,600,214,386,25,Weekend,No,2025-06-15,low
TR5126,Tirunelveli,Agartala,600,145,455,55,Weekday,No,2024-11-22,low
TR5127,Tirunelveli,Silchar,600,105,495,52,Weekday,No,2025-09-04,low
TR5128,Tirunelveli,Visakhapatnam,600,193,407,58,Weekday,No,2025-09-23,low
TR5129,Tirunelveli,Vijayawada,600,159,441,51,Weekend,Yes,2024-01-27,low
TR5130,Tirunelveli,Guntur,600,111,489,32,Weekday,No,2025-06-12,low
TR5131,Tirunelveli,Tirupati,600,193,407,57,Weekday,No,2024-09-27,low
TR5132,Tirunelveli,Rajahmundry,600,238,362,36,Weekday,No,2025-01-14,low
TR5133,Tirunelveli,Warangal,600,91,509,36,Weekday,No,2024-07-12,low
TR5134,Tirunelveli,Nizamabad,600,218,382,39,Weekday,No,2024-09-26,low
TR5135,Tirunelveli,Thoothukudi,600,90,510,11,Weekday,No,2024-08-29,low
TR5136,Tirunelveli,Vellore,600,150,450,50,Weekday,No,2024-02-06,low
TR5137,Tirunelveli,Kochi,600,257,343,21,Weekend,No,2025-07-26,medium
TR5138,Tirunelveli,Thiruvananthapuram,600,153,447,39,Weekend,Yes,2024-04-14,low
TR5139,Tirunelveli,Kozhikode,600,173,427,50,Weekday,No,2024-10-01,low
TR5140,Tirunelveli,Thrissur,600,206,394,6,Weekday,No,2024-05-21,low
TR5141,Tirunelveli,Kollam,600,90,510,18,Weekend,No,2024-04-27,low
TR5142,Tirunelveli,Mysore,600,172,428,56,Weekend,No,2024-09-29,low
TR5143,Tirunelveli,Mangalore,600,172,428,21,Weekend,No,2025-11-02,low
TR5144,Tirunelveli,Hubli,600,258,342,39,Weekday,No,2025-11-21,medium
TR5145,Tirunelveli,Belgaum,600,110,490,33,Weekend,No,2024-10-06,low
TR5146,Tirunelveli,Davangere,600,151,449,52,Weekend,Yes,2025-01-04,low
TR5147,Tirunelveli,Vadodara,600,124,476,30,Weekend,Yes,2025-12-21,low
TR5148,Tirunelveli,Rajkot,600,119,481,25,Weekday,No,2024-06-20,low
TR5149,Tirunelveli,Jamnagar,600,223,377,0,Weekday,No,2025-11-21,low
TR5150,Tirunelveli,Bhavnagar,600,170,430,28,Weekday,No,2024-03-18,low
TR5151,Tirunelveli,Gandhinagar,600,142,458,35,Weekday,No,2024-06-14,low
TR5152,Tirunelveli,Nashik,600,144,456,41,Weekday,No,2024-09-04,low
TR5153,Tirunelveli,Aurangabad,600,142,458,46,Weekend,Yes,2024-01-28,low
TR5154,Tirunelveli,Kolhapur,600,146,454,46,Weekday,No,2025-08-19,low
TR5155,Tirunelveli,Solapur,600,108,492,27,Weekday,No,2025-09-17,low
TR5156,Tirunelveli,Thane,600,157,443,4,Weekday,No,2024-10-07,low
TR5157,Tirunelveli,Navi Mumbai,600,152,448,15,Weekday,No,2025-09-03,low
TR5158,Tirunelveli,Amravati,600,133,467,24,Weekday,No,2025-07-18,low
TR5159,Tirunelveli,Jodhpur,600,176,424,58,Weekday,No,2025-08-08,low
TR5160,Tirunelveli,Udaipur,600,180,420,46,Weekend,No,2025-08-09,low
TR5161,Tirunelveli,Ajmer,600,142,458,53,Weekend,No,2025-02-23,low
TR5162,Tirunelveli,Kota,600,162,438,59,Weekday,Yes,2024-03-22,low
TR5163,Tirunelveli,Bikaner,600,273,327,7,Weekday,No,2025-11-06,medium
TR5164,Tirunelveli,Alwar,600,271,329,0,Weekday,Yes,2025-03-20,medium
TR5165,Tirunelveli,Varanasi,600,118,482,34,Weekday,No,2025-10-20,low
TR5166,Tirunelveli,Prayagraj,600,125,475,15,Weekday,No,2025-12-02,low
TR5167,Tirunelveli,Agra,600,118,482,52,Weekday,No,2024-05-16,low
TR5168,Tirunelveli,Meerut,600,220,380,27,Weekend,No,2024-10-20,low
TR5169,Tirunelveli,Bareilly,600,150,450,0,Weekday,Yes,2024-05-20,low
TR5170,Tirunelveli,Gorakhpur,600,180,420,13,Weekday,No,2024-02-07,low
TR5171,Tirunelveli,Mathura,600,265,335,20,Weekend,No,2025-12-07,medium
TR5172,Tirunelveli,Dehradun,600,168,432,1,Weekday,No,2025-11-05,low
TR5173,Tirunelveli,Haridwar,600,203,397,19,Weekday,Yes,2025-11-12,low
TR5174,Tirunelveli,Amritsar,600,194,406,32,Weekday,No,2025-10-07,low
TR5175,Tirunelveli,Ludhiana,600,141,459,53,Weekend,No,2025-04-19,low
TR5176,Tirunelveli,Jalandhar,600,220,380,38,Weekday,No,2025-01-16,low
TR5177,Tirunelveli,Patiala,600,128,472,5,Weekday,No,2025-12-25,low
TR5178,Tirunelveli,Chandigarh,600,233,367,24,Weekday,No,2025-02-07,low
TR5179,Tirunelveli,Jammu,600,141,459,46,Weekday,No,2025-04-14,low
TR5180,Tirunelveli,Srinagar,600,146,454,22,Weekday,No,2024-06-03,low
TR5181,Tirunelveli,Raipur,600,117,483,33,Weekend,No,2025-06-29,low
TR5182,Tirunelveli,Bilaspur,600,125,475,59,Weekday,No,2025-08-22,low
TR5183,Tirunelveli,Durg,600,148,452,8,Weekend,No,2025-05-11,low
TR5184,Tirunelveli,Jabalpur,600,90,510,28,Weekday,No,2024-12-30,low
TR5185,Tirunelveli,Gwalior,600,158,442,36,Weekday,No,2024-05-24,low
TR5186,Tirunelveli,Ujjain,600,145,455,47,Weekday,No,2024-01-25,low
TR5187,Tirunelveli,Rewa,600,207,393,50,Weekday,No,2025-04-03,low
TR5188,Tirunelveli,Dhanbad,600,189,411,17,Weekday,No,2025-05-14,low
TR5189,Tirunelveli,Asansol,600,135,465,28,Weekday,No,2025-07-18,low
TR5190,Tirunelveli,Jamshedpur,600,147,453,49,Weekday,No,2025-11-25,low
TR5191,Tirunelveli,Tatanagar,600,158,442,50,Weekend,No,2024-12-29,low
TR5192,Tirunelveli,Gaya,600,240,360,49,Weekday,No,2025-08-29,medium
TR5193,Tirunelveli,Muzaffarpur,600,129,471,40,Weekend,No,2025-06-07,low
TR5194,Tirunelveli,Bhagalpur,600,134,466,16,Weekend,No,2024-07-21,low
TR5195,Tirunelveli,Siliguri,600,115,485,22,Weekday,No,2025-09-09,low
TR5196,Tirunelveli,New Jalpaiguri,600,98,502,39,Weekday,No,2024-02-08,low
TR5197,Tirunelveli,Durgapur,600,184,416,15,Weekday,No,2025-03-13,low
TR5198,Tirunelveli,Howrah,600,179,421,40,Weekday,No,2025-11-18,low
TR5199,Tirunelveli,Malda,600,231,369,30,Weekend,Yes,2025-04-26,low
TR5200,Tirunelveli,Panaji,600,219,381,26,Weekend,No,2025-11-15,low
TR5201,Thoothukudi,Delhi,600,284,316,21,Weekend,No,2024-02-11,medium
TR5202,Thoothukudi,New Delhi,600,165,435,46,Weekday,No,2025-01-24,low
TR5203,Thoothukudi,Mumbai,600,156,444,27,Weekday,No,2025-07-24,low
TR5204,Thoothukudi,Chennai,600,107,493,18,Weekday,Yes,2025-04-14,low
TR5205,Thoothukudi,Kolkata,600,202,398,23,Weekend,No,2025-10-05,low
TR5206,Thoothukudi,Bangalore,600,175,425,29,Weekday,No,2024-12-04,low
TR5207,Thoothukudi,Hyderabad,600,200,400,37,Weekday,No,2025-05-13,low
TR5208,Thoothukudi,Pune,600,114,486,59,Weekend,No,2024-11-02,low
TR5209,Thoothukudi,Ahmedabad,600,186,414,20,Weekday,No,2025-09-29,low
TR5210,Thoothukudi,Jaipur,600,179,421,10,Weekday,No,2024-03-28,low
TR5211,Thoothukudi,Surat,600,176,424,58,Weekday,No,2024-07-04,low
TR5212,Thoothukudi,Lucknow,600,136,464,8,Weekday,No,2024-03-11,low
TR5213,Thoothukudi,Kanpur,600,226,374,54,Weekday,No,2025-05-28,low
TR5214,Thoothukudi,Nagpur,600,267,333,8,Weekday,No,2024-06-19,medium
TR5215,Thoothukudi,Indore,600,116,484,21,Weekday,Yes,2024-08-19,low
TR5216,Thoothukudi,Bhopal,600,204,396,59,Weekday,No,2025-09-03,low
TR5217,Thoothukudi,Patna,600,90,510,9,Weekday,No,2024-09-20,low
TR5218,Thoothukudi,Ranchi,600,201,399,9,Weekday,No,2024-04-16,low
TR5219,Thoothukudi,Bhubaneswar,600,90,510,36,Weekday,No,2024-01-16,low
TR5220,Thoothukudi,Cuttack,600,144,456,11,Weekday,No,2024-06-14,low
TR5221,Thoothukudi,Puri,600,106,494,1,Weekday,No,2025-10-30,low
TR5222,Thoothukudi,Rourkela,600,159,441,41,Weekday,No,2025-02-05,low
TR5223,Thoothukudi,Sambalpur,600,209,391,57,Weekend,No,2025-12-28,low
TR5224,Thoothukudi,Guwahati,600,90,510,45,Weekday,Yes,2024-06-06,low
TR5225,Thoothukudi,Dibrugarh,600,152,448,57,Weekday,No,2024-09-13,low
TR5226,Thoothukudi,Agartala,600,144,456,31,Weekday,No,2024-04-29,low
TR5227,Thoothukudi,Silchar,600,245,355,36,Weekday,No,2024-10-18,medium
TR5228,Thoothukudi,Visakhapatnam,600,190,410,58,Weekend,No,2025-02-15,low
TR5229,Thoothukudi,Vijayawada,600,112,488,30,Weekday,No,2025-08-13,low
TR5230,Thoothukudi,Guntur,600,146,454,2,Weekday,No,2024-09-26,low
TR5231,Thoothukudi,Tirupati,600,244,356,14,Weekday,Yes,2025-07-17,medium
TR5232,Thoothukudi,Rajahmundry,600,203,397,37,Weekday,No,2025-04-02,low
TR5233,Thoothukudi,Warangal,600,125,475,51,Weekday,No,2024-08-01,low
TR5234,Thoothukudi,Nizamabad,600,156,444,36,Weekday,No,2025-10-28,low
TR5235,Thoothukudi,Coimbatore,600,158,442,24,Weekday,No,2024-11-13,low
TR5236,Thoothukudi,Madurai,600,143,457,19,Weekend,No,2024-04-20,low
TR5237,Thoothukudi,Trichy,600,90,510,40,Weekday,No,2025-12-04,low
TR5238,Thoothukudi,Salem,600,136,464,53,Weekday,No,2025-10-29,low
TR5239,Thoothukudi,Erode,600,236,364,16,Weekday,No,2024-02-06,low
TR5240,Thoothukudi,Tirunelveli,600,151,449,33,Weekday,No,2025-10-21,low
TR5241,Thoothukudi,Vellore,600,164,436,25,Weekend,Yes,2025-11-23,low
TR5242,Thoothukudi,Kochi,600,176,424,14,Weekday,Yes,2025-08-29,low
TR5243,Thoothukudi,Thiruvananthapuram,600,275,325,24,Weekday,No,2024-07-05,medium
TR5244,Thoothukudi,Kozhikode,600,169,431,5,Weekend,No,2025-04-06,low
TR5245,Thoothukudi,Thrissur,600,221,379,31,Weekday,No,2025-01-28,low
TR5246,Thoothukudi,Kollam,600,140,460,6,Weekend,No,2025-03-29,low
TR5247,Thoothukudi,Mysore,600,156,444,28,Weekday,No,2025-03-26,low
TR5248,Thoothukudi,Mangalore,600,170,430,53,Weekend,No,2025-04-12,low
TR5249,Thoothukudi,Hubli,600,132,468,8,Weekday,No,2025-01-10,low
TR5250,Thoothukudi,Belgaum,600,159,441,15,Weekday,No,2025-05-19,low
TR5251,Thoothukudi,Davangere,600,212,388,43,Weekend,No,2025-01-19,low
TR5252,Thoothukudi,Vadodara,600,131,469,54,Weekend,No,2024-01-13,low
TR5253,Thoothukudi,Rajkot,600,169,431,57,Weekday,No,2024-01-26,low
TR5254,Thoothukudi,Jamnagar,600,203,397,7,Weekday,Yes,2025-12-01,low
TR5255,Thoothukudi,Bhavnagar,600,129,471,14,Weekend,No,2025-10-26,low
TR5256,Thoothukudi,Gandhinagar,600,222,378,59,Weekday,No,2025-03-04,low
TR5257,Thoothukudi,Nashik,600,172,428,30,Weekday,No,2024-05-07,low
TR5258,Thoothukudi,Aurangabad,600,161,439,50,Weekday,No,2025-07-25,low
TR5259,Thoothukudi,Kolhapur,600,90,510,0,Weekend,No,2024-04-14,low
TR5260,Thoothukudi,Solapur,600,151,449,6,Weekday,No,2024-10-02,low
TR5261,Thoothukudi,Thane,600,187,413,12,Weekday,No,2024-08-29,low
TR5262,Thoothukudi,Navi Mumbai,600,253,347,5,Weekday,No,2024-01-10,medium
TR5263,Thoothukudi,Amravati,600,196,404,53,Weekday,No,2025-08-12,low
TR5264,Thoothukudi,Jodhpur,600,223,377,48,Weekday,No,2025-01-07,low
TR5265,Thoothukudi,Udaipur,600,111,489,23,Weekday,No,2024-08-19,low
TR5266,Thoothukudi,Ajmer,600,163,437,4,Weekend,No,2025-01-05,low
TR5267,Thoothukudi,Kota,600,228,372,6,Weekday,No,2024-01-01,low
TR5268,Thoothukudi,Bikaner,600,126,474,15,Weekday,No,2024-11-15,low
TR5269,Thoothukudi,Alwar,600,215,385,43,Weekday,No,2025-01-14,low
TR5270,Thoothukudi,Varanasi,600,204,396,48,Weekday,No,2024-09-05,low
TR5271,Thoothukudi,Prayagraj,600,182,418,32,Weekend,No,2025-08-30,low
TR5272,Thoothukudi,Agra,600,153,447,54,Weekday,No,2024-07-01,low
TR5273,Thoothukudi,Meerut,600,122,478,55,Weekday,Yes,2024-04-10,low
TR5274,Thoothukudi,Bareilly,600,254,346,46,Weekday,No,2025-01-20,medium
TR5275,Thoothukudi,Gorakhpur,600,199,401,4,Weekday,No,2025-10-10,low
TR5276,Thoothukudi,Mathura,600,185,415,53,Weekday,No,2024-10-01,low
TR5277,Thoothukudi,Dehradun,600,149,451,54,Weekend,Yes,2024-02-04,low
TR5278,Thoothukudi,Haridwar,600,171,429,33,Weekday,No,2025-12-10,low
TR5279,Thoothukudi,Amritsar,600,177,423,35,Weekday,No,2024-11-20,low
TR5280,Thoothukudi,Ludhiana,600,188,412,46,Weekday,No,2024-05-06,low
TR5281,Thoothukudi,Jalandhar,600,204,396,35,Weekday,No,2025-03-26,low
TR5282,Thoothukudi,Patiala,600,131,469,20,Weekday,Yes,2024-08-21,low
TR5283,Thoothukudi,Chandigarh,600,99,501,41,Weekend,Yes,2025-11-16,low
TR5284,Thoothukudi,Jammu,600,173,427,47,Weekday,No,2024-08-02,low
TR5285,Thoothukudi,Srinagar,600,90,510,8,Weekday,No,2025-02-06,low
TR5286,Thoothukudi,Raipur,600,153,447,40,Weekend,Yes,2025-02-01,low
TR5287,Thoothukudi,Bilaspur,600,145,455,10,Weekday,No,2024-06-26,low
TR5288,Thoothukudi,Durg,600,193,407,34,Weekday,No,2024-12-30,low
TR5289,Thoothukudi,Jabalpur,600,264,336,6,Weekday,Yes,2024-03-20,medium
TR5290,Thoothukudi,Gwalior,600,90,510,59,Weekday,No,2025-04-15,low
TR5291,Thoothukudi,Ujjain,600,278,322,40,Weekday,No,2025-07-08,medium
TR5292,Thoothukudi,Rewa,600,158,442,28,Weekday,No,2025-11-25,low
TR5293,Thoothukudi,Dhanbad,600,186,414,30,Weekday,Yes,2024-08-26,low
TR5294,Thoothukudi,Asansol,600,101,499,37,Weekend,No,2024-07-27,low
TR5295,Thoothukudi,Jamshedpur,600,217,383,7,Weekday,No,2025-02-05,low
TR5296,Thoothukudi,Tatanagar,600,171,429,30,Weekday,No,2025-05-21,low
TR5297,Thoothukudi,Gaya,600,166,434,42,Weekday,Yes,2025-12-26,low
TR5298,Thoothukudi,Muzaffarpur,600,90,510,15,Weekday,No,2024-01-19,low
TR5299,Thoothukudi,Bhagalpur,600,172,428,28,Weekend,No,2024-06-23,low
TR5300,Thoothukudi,Siliguri,600,210,390,19,Weekday,No,2024-07-10,low
TR5301,Thoothukudi,New Jalpaiguri,600,158,442,9,Weekday,No,2024-07-05,low
TR5302,Thoothukudi,Durgapur,600,225,375,58,Weekday,No,2024-12-04,low
TR5303,Thoothukudi,Howrah,600,223,377,35,Weekday,No,2025-09-30,low
TR5304,Thoothukudi,Malda,600,138,462,23,Weekday,No,2024-01-23,low
TR5305,Thoothukudi,Panaji,600,246,354,20,Weekday,No,2025-08-19,medium
TR5306,Vellore,Delhi,600,171,429,40,Weekday,No,2025-03-27,low
TR5307,Vellore,New Delhi,600,171,429,6,Weekday,No,2025-03-25,low
TR5308,Vellore,Mumbai,600,174,426,34,Weekend,No,2025-05-10,low
TR5309,Vellore,Chennai,600,172,428,13,Weekday,No,2024-03-25,low
TR5310,Vellore,Kolkata,600,90,510,53,Weekend,No,2025-06-29,low
TR5311,Vellore,Bangalore,600,160,440,47,Weekend,Yes,2024-06-30,low
TR5312,Vellore,Hyderabad,600,103,497,45,Weekend,No,2025-01-12,low
TR5313,Vellore,Pune,600,247,353,8,Weekday,No,2025-05-09,medium
TR5314,Vellore,Ahmedabad,600,245,355,4,Weekday,No,2025-03-17,medium
TR5315,Vellore,Jaipur,600,210,390,27,Weekend,No,2024-08-24,low
TR5316,Vellore,Surat,600,158,442,21,Weekday,No,2024-10-16,low
TR5317,Vellore,Lucknow,600,121,479,43,Weekend,No,2024-12-14,low
TR5318,Vellore,Kanpur,600,137,463,42,Weekday,No,2024-01-31,low
TR5319,Vellore,Nagpur,600,262,338,23,Weekend,No,2025-06-14,medium
TR5320,Vellore,Indore,600,136,464,9,Weekday,Yes,2024-03-14,low
TR5321,Vellore,Bhopal,600,90,510,19,Weekend,Yes,2024-12-01,low
TR5322,Vellore,Patna,600,218,382,30,Weekday,No,2025-04-23,low
TR5323,Vellore,Ranchi,600,241,359,15,Weekday,No,2024-02-28,medium
TR5324,Vellore,Bhubaneswar,600,249,351,19,Weekend,No,2025-12-28,medium
TR5325,Vellore,Cuttack,600,219,381,14,Weekday,No,2024-10-02,low
TR5326,Vellore,Puri,600,227,373,3,Weekday,No,2024-01-12,low
TR5327,Vellore,Rourkela,600,171,429,36,Weekend,No,2025-04-26,low
TR5328,Vellore,Sambalpur,600,90,510,59,Weekday,No,2025-02-11,low
TR5329,Vellore,Guwahati,600,170,430,57,Weekend,No,2025-04-13,low
TR5330,Vellore,Dibrugarh,600,199,401,55,Weekday,No,2025-07-02,low
TR5331,Vellore,Agartala,600,162,438,39,Weekday,No,2024-12-13,low
TR5332,Vellore,Silchar,600,160,440,44,Weekday,No,2025-08-27,low
TR5333,Vellore,Visakhapatnam,600,123,477,3,Weekday,No,2024-09-27,low
TR5334,Vellore,Vijayawada,600,121,479,12,Weekend,No,2025-02-02,low
TR5335,Vellore,Guntur,600,257,343,42,Weekday,No,2024-04-25,medium
TR5336,Vellore,Tirupati,600,259,341,59,Weekend,No,2025-03-29,medium
TR5337,Vellore,Rajahmundry,600,169,431,54,Weekday,No,2024-07-10,low
TR5338,Vellore,Warangal,600,182,418,37,Weekend,No,2025-05-24,low
TR5339,Vellore,Nizamabad,600,122,478,6,Weekday,No,2025-08-08,low
TR5340,Vellore,Coimbatore,600,200,400,57,Weekday,No,2025-09-19,low
TR5341,Vellore,Madurai,600,253,347,19,Weekday,No,2025-11-10,medium
TR5342,Vellore,Trichy,600,96,504,2,Weekend,No,2024-03-30,low
TR5343,Vellore,Salem,600,191,409,46,Weekday,No,2024-04-10,low
TR5344,Vellore,Erode,600,195,405,10,Weekend,No,2025-11-08,low
TR5345,Vellore,Tirunelveli,600,194,406,18,Weekend,No,2024-10-05,low
TR5346,Vellore,Thoothukudi,600,248,352,40,Weekend,No,2024-01-20,medium
TR5347,Vellore,Kochi,600,267,333,57,Weekend,Yes,2024-07-28,medium
TR5348,Vellore,Thiruvananthapuram,600,158,442,54,Weekday,No,2025-09-03,low
TR5349,Vellore,Kozhikode,600,201,399,9,Weekday,No,2024-09-16,low
TR5350,Vellore,Thrissur,600,173,427,10,Weekday,No,2024-02-26,low
TR5351,Vellore,Kollam,600,139,461,48,Weekday,No,2025-06-11,low
TR5352,Vellore,Mysore,600,182,418,19,Weekday,No,2024-05-22,low
TR5353,Vellore,Mangalore,600,201,399,4,Weekend,No,2024-09-14,low
TR5354,Vellore,Hubli,600,179,421,35,Weekday,No,2024-01-03,low
TR5355,Vellore,Belgaum,600,127,473,39,Weekend,No,2025-03-16,low
TR5356,Vellore,Davangere,600,147,453,59,Weekday,No,2024-11-21,low
TR5357,Vellore,Vadodara,600,147,453,29,Weekday,No,2025-09-25,low
TR5358,Vellore,Rajkot,600,129,471,47,Weekend,No,2024-09-01,low
TR5359,Vellore,Jamnagar,600,184,416,32,Weekday,No,2024-05-29,low
TR5360,Vellore,Bhavnagar,600,189,411,55,Weekday,No,2024-05-01,low
TR5361,Vellore,Gandhinagar,600,216,384,29,Weekend,No,2024-05-26,low
TR5362,Vellore,Nashik,600,128,472,40,Weekday,No,2024-11-25,low
TR5363,Vellore,Aurangabad,600,141,459,57,Weekday,No,2024-03-04,low
TR5364,Vellore,Kolhapur,600,244,356,52,Weekday,No,2024-10-21,medium
TR5365,Vellore,Solapur,600,161,439,24,Weekday,No,2025-09-16,low
TR5366,Vellore,Thane,600,170,430,30,Weekday,No,2025-07-15,low
TR5367,Vellore,Navi Mumbai,600,161,439,35,Weekday,No,2025-04-10,low
TR5368,Vellore,Amravati,600,223,377,7,Weekday,No,2025-10-14,low
TR5369,Vellore,Jodhpur,600,225,375,14,Weekday,No,2025-07-24,low
TR5370,Vellore,Udaipur,600,222,378,42,Weekday,No,2025-04-22,low
TR5371,Vellore,Ajmer,600,170,430,4,Weekday,No,2025-09-22,low
TR5372,Vellore,Kota,600,127,473,36,Weekend,No,2024-03-31,low
TR5373,Vellore,Bikaner,600,261,339,29,Weekday,No,2025-08-21,medium
TR5374,Vellore,Alwar,600,210,390,29,Weekend,No,2024-08-03,low
TR5375,Vellore,Varanasi,600,147,453,50,Weekday,No,2025-06-19,low
TR5376,Vellore,Prayagraj,600,237,363,16,Weekday,No,2025-10-29,low
TR5377,Vellore,Agra,600,143,457,47,Weekend,No,2024-12-28,low
TR5378,Vellore,Meerut,600,237,363,47,Weekday,No,2024-03-05,low
TR5379,Vellore,Bareilly,600,240,360,59,Weekday,No,2024-09-27,low
TR5380,Vellore,Gorakhpur,600,125,475,49,Weekday,No,2024-10-24,low
TR5381,Vellore,Mathura,600,197,403,30,Weekend,No,2025-11-15,low
TR5382,Vellore,Dehradun,600,206,394,21,Weekday,No,2025-11-19,low
TR5383,Vellore,Haridwar,600,294,306,46,Weekday,Yes,2025-02-19,medium
TR5384,Vellore,Amritsar,600,133,467,55,Weekday,No,2025-11-25,low
TR5385,Vellore,Ludhiana,600,238,362,16,Weekday,No,2024-11-14,low
TR5386,Vellore,Jalandhar,600,170,430,22,Weekend,No,2024-10-27,low
TR5387,Vellore,Patiala,600,109,491,29,Weekday,No,2025-09-03,low
TR5388,Vellore,Chandigarh,600,163,437,6,Weekday,No,2025-05-02,low
TR5389,Vellore,Jammu,600,169,431,18,Weekday,No,2025-01-16,low
TR5390,Vellore,Srinagar,600,118,482,9,Weekday,No,2024-11-29,low
TR5391,Vellore,Raipur,600,184,416,46,Weekday,No,2025-05-30,low
TR5392,Vellore,Bilaspur,600,215,385,29,Weekday,Yes,2025-07-04,low
TR5393,Vellore,Durg,600,180,420,36,Weekday,No,2024-12-24,low
TR5394,Vellore,Jabalpur,600,143,457,4,Weekday,No,2024-01-24,low
TR5395,Vellore,Gwalior,600,162,438,34,Weekday,No,2024-03-15,low
TR5396,Vellore,Ujjain,600,169,431,43,Weekday,No,2024-04-15,low
TR5397,Vellore,Rewa,600,179,421,41,Weekday,No,2024-12-03,low
TR5398,Vellore,Dhanbad,600,222,378,47,Weekday,No,2025-03-24,low
TR5399,Vellore,Asansol,600,182,418,6,Weekend,No,2025-08-10,low
TR5400,Vellore,Jamshedpur,600,102,498,32,Weekday,No,2024-06-18,low
TR5401,Vellore,Tatanagar,600,142,458,28,Weekday,No,2025-07-29,low
TR5402,Vellore,Gaya,600,177,423,53,Weekday,No,2025-05-01,low
TR5403,Vellore,Muzaffarpur,600,223,377,41,Weekday,No,2024-02-07,low
TR5404,Vellore,Bhagalpur,600,231,369,57,Weekday,No,2024-09-13,low
TR5405,Vellore,Siliguri,600,254,346,1,Weekday,No,2024-08-09,medium
TR5406,Vellore,New Jalpaiguri,600,175,425,26,Weekday,No,2025-10-10,low
TR5407,Vellore,Durgapur,600,206,394,42,Weekday,Yes,2025-11-04,low
TR5408,Vellore,Howrah,600,99,501,5,Weekday,No,2025-08-21,low
TR5409,Vellore,Malda,600,190,410,39,Weekday,No,2025-01-20,low
TR5410,Vellore,Panaji,600,117,483,13,Weekday,No,2024-12-26,low
TR5411,Kochi,Delhi,600,166,434,4,Weekday,No,2024-08-15,low
TR5412,Kochi,New Delhi,600,314,286,39,Weekday,No,2025-07-18,medium
TR5413,Kochi,Mumbai,600,184,416,25,Weekday,No,2024-03-04,low
TR5414,Kochi,Chennai,600,127,473,24,Weekday,No,2024-07-17,low
TR5415,Kochi,Kolkata,600,189,411,19,Weekday,No,2024-04-08,low
TR5416,Kochi,Bangalore,600,144,456,41,Weekday,No,2024-12-27,low
TR5417,Kochi,Hyderabad,600,123,477,37,Weekday,No,2024-08-07,low
TR5418,Kochi,Pune,600,270,330,40,Weekday,No,2024-05-24,medium
TR5419,Kochi,Ahmedabad,600,220,380,47,Weekday,No,2024-10-02,low
TR5420,Kochi,Jaipur,600,186,414,36,Weekend,No,2025-09-21,low
TR5421,Kochi,Surat,600,150,450,4,Weekday,No,2025-02-11,low
TR5422,Kochi,Lucknow,600,154,446,9,Weekend,No,2025-08-24,low
TR5423,Kochi,Kanpur,600,243,357,59,Weekday,No,2025-10-30,medium
TR5424,Kochi,Nagpur,600,184,416,17,Weekday,No,2025-10-21,low
TR5425,Kochi,Indore,600,90,510,25,Weekday,No,2024-09-13,low
TR5426,Kochi,Bhopal,600,285,315,22,Weekday,No,2025-10-03,medium
TR5427,Kochi,Patna,600,178,422,59,Weekend,No,2025-10-26,low
TR5428,Kochi,Ranchi,600,185,415,49,Weekday,No,2025-12-02,low
TR5429,Kochi,Bhubaneswar,600,221,379,29,Weekday,No,2024-09-13,low
TR5430,Kochi,Cuttack,600,191,409,40,Weekend,No,2024-06-15,low
TR5431,Kochi,Puri,600,205,395,33,Weekday,No,2025-03-03,low
TR5432,Kochi,Rourkela,600,149,451,38,Weekday,No,2025-11-12,low
TR5433,Kochi,Sambalpur,600,110,490,57,Weekday,No,2025-10-20,low
TR5434,Kochi,Guwahati,600,182,418,40,Weekday,No,2025-02-21,low
TR5435,Kochi,Dibrugarh,600,238,362,6,Weekday,Yes,2024-04-19,low
TR5436,Kochi,Agartala,600,138,462,30,Weekday,No,2024-11-04,low
TR5437,Kochi,Silchar,600,134,466,49,Weekday,No,2025-06-06,low
TR5438,Kochi,Visakhapatnam,600,228,372,2,Weekday,No,2025-02-13,low
TR5439,Kochi,Vijayawada,600,147,453,21,Weekday,No,2024-09-09,low
TR5440,Kochi,Guntur,600,149,451,12,Weekend,No,2024-09-07,low
TR5441,Kochi,Tirupati,600,151,449,43,Weekday,No,2024-02-13,low
TR5442,Kochi,Rajahmundry,600,166,434,8,Weekday,No,2024-07-29,low
TR5443,Kochi,Warangal,600,93,507,37,Weekend,No,2025-05-04,low
TR5444,Kochi,Nizamabad,600,143,457,3,Weekday,No,2024-06-25,low
TR5445,Kochi,Coimbatore,600,180,420,55,Weekend,Yes,2025-12-27,low
TR5446,Kochi,Madurai,600,180,420,19,Weekday,No,2024-03-01,low
TR5447,Kochi,Trichy,600,225,375,24,Weekday,No,2025-03-06,low
TR5448,Kochi,Salem,600,257,343,47,Weekend,No,2024-12-28,medium
TR5449,Kochi,Erode,600,242,358,22,Weekday,No,2025-09-01,medium
TR5450,Kochi,Tirunelveli,600,213,387,6,Weekday,No,2025-10-10,low
TR5451,Kochi,Thoothukudi,600,162,438,54,Weekend,No,2025-02-01,low
TR5452,Kochi,Vellore,600,139,461,6,Weekend,No,2025-04-05,low
TR5453,Kochi,Thiruvananthapuram,600,170,430,29,Weekend,No,2025-05-25,low
TR5454,Kochi,Kozhikode,600,197,403,7,Weekday,No,2025-01-15,low
TR5455,Kochi,Thrissur,600,208,392,41,Weekday,No,2024-05-15,low
TR5456,Kochi,Kollam,600,199,401,16,Weekend,No,2024-11-09,low
TR5457,Kochi,Mysore,600,163,437,55,Weekday,No,2024-06-25,low
TR5458,Kochi,Mangalore,600,207,393,12,Weekday,No,2024-12-05,low
TR5459,Kochi,Hubli,600,229,371,40,Weekday,Yes,2025-03-25,low
TR5460,Kochi,Belgaum,600,211,389,0,Weekend,No,2024-06-01,low
TR5461,Kochi,Davangere,600,167,433,6,Weekday,No,2024-07-01,low
TR5462,Kochi,Vadodara,600,129,471,16,Weekend,No,2025-08-24,low
TR5463,Kochi,Rajkot,600,128,472,53,Weekday,No,2024-10-03,low
TR5464,Kochi,Jamnagar,600,136,464,59,Weekend,No,2024-05-25,low
TR5465,Kochi,Bhavnagar,600,181,419,36,Weekday,No,2025-06-05,low
TR5466,Kochi,Gandhinagar,600,194,406,20,Weekend,No,2025-06-07,low
TR5467,Kochi,Nashik,600,101,499,18,Weekday,No,2025-08-26,low
TR5468,Kochi,Aurangabad,600,145,455,12,Weekday,No,2025-07-09,low
TR5469,Kochi,Kolhapur,600,181,419,20,Weekday,No,2025-12-26,low
TR5470,Kochi,Solapur,600,126,474,29,Weekday,No,2025-02-24,low
TR5471,Kochi,Thane,600,190,410,41,Weekend,Yes,2024-07-28,low
TR5472,Kochi,Navi Mumbai,600,154,446,13,Weekday,No,2025-09-22,low
TR5473,Kochi,Amravati,600,134,466,2,Weekday,No,2024-07-12,low
TR5474,Kochi,Jodhpur,600,172,428,33,Weekday,No,2024-07-31,low
TR5475,Kochi,Udaipur,600,188,412,14,Weekday,No,2025-08-28,low
TR5476,Kochi,Ajmer,600,128,472,24,Weekday,No,2025-10-06,low
TR5477,Kochi,Kota,600,157,443,42,Weekday,No,2024-09-05,low
TR5478,Kochi,Bikaner,600,191,409,53,Weekday,No,2025-06-17,low
TR5479,Kochi,Alwar,600,132,468,32,Weekday,No,2025-11-05,low
TR5480,Kochi,Varanasi,600,90,510,55,Weekday,No,2025-08-06,low
TR5481,Kochi,Prayagraj,600,95,505,16,Weekday,No,2024-01-04,low
TR5482,Kochi,Agra,600,149,451,42,Weekday,No,2025-04-30,low
TR5483,Kochi,Meerut,600,106,494,58,Weekend,No,2024-05-04,low
TR5484,Kochi,Bareilly,600,152,448,12,Weekday,No,2025-09-10,low
TR5485,Kochi,Gorakhpur,600,249,351,44,Weekday,No,2024-02-19,medium
TR5486,Kochi,Mathura,600,103,497,28,Weekday,No,2025-12-26,low
TR5487,Kochi,Dehradun,600,155,445,52,Weekday,No,2024-05-09,low
TR5488,Kochi,Haridwar,600,271,329,18,Weekend,No,2024-11-03,medium
TR5489,Kochi,Amritsar,600,189,411,57,Weekday,No,2024-06-20,low
TR5490,Kochi,Ludhiana,600,151,449,47,Weekend,No,2025-08-17,low
TR5491,Kochi,Jalandhar,600,161,439,42,Weekday,No,2024-10-14,low
TR5492,Kochi,Patiala,600,190,410,1,Weekend,Yes,2025-06-28,low
TR5493,Kochi,Chandigarh,600,250,350,4,Weekday,No,2024-02-19,medium
TR5494,Kochi,Jammu,600,143,457,39,Weekday,No,2024-11-27,low
TR5495,Kochi,Srinagar,600,133,467,28,Weekday,No,2025-10-27,low
TR5496,Kochi,Raipur,600,103,497,19,Weekend,Yes,2025-11-08,low
TR5497,Kochi,Bilaspur,600,174,426,50,Weekend,No,2024-06-01,low
TR5498,Kochi,Durg,600,101,499,28,Weekday,No,2024-10-15,low
TR5499,Kochi,Jabalpur,600,147,453,27,Weekend,Yes,2024-10-26,low
TR5500,Kochi,Gwalior,600,125,475,19,Weekday,No,2025-02-17,low
TR5501,Kochi,Ujjain,600,221,379,58,Weekday,No,2025-01-27,low
TR5502,Kochi,Rewa,600,145,455,21,Weekday,No,2024-03-18,low
TR5503,Kochi,Dhanbad,600,188,412,15,Weekday,No,2025-07-11,low
TR5504,Kochi,Asansol,600,92,508,40,Weekday,No,2024-06-14,low
TR5505,Kochi,Jamshedpur,600,175,425,2,Weekend,No,2024-08-18,low
TR5506,Kochi,Tatanagar,600,111,489,35,Weekend,No,2025-09-06,low
TR5507,Kochi,Gaya,600,149,451,33,Weekday,No,2025-05-19,low
TR5508,Kochi,Muzaffarpur,600,275,325,14,Weekday,No,2024-10-16,medium
TR5509,Kochi,Bhagalpur,600,214,386,46,Weekday,No,2025-10-29,low
TR5510,Kochi,Siliguri,600,163,437,2,Weekday,No,2024-10-15,low
TR5511,Kochi,New Jalpaiguri,600,322,278,58,Weekday,No,2025-02-17,medium
TR5512,Kochi,Durgapur,600,125,475,51,Weekday,No,2024-06-28,low
TR5513,Kochi,Howrah,600,225,375,10,Weekday,No,2024-05-13,low
TR5514,Kochi,Malda,600,95,505,29,Weekday,No,2024-12-25,low
TR5515,Kochi,Panaji,600,157,443,11,Weekend,Yes,2025-02-15,low
TR5516,Thiruvananthapuram,Delhi,600,104,496,37,Weekday,No,2025-08-12,low
TR5517,Thiruvananthapuram,New Delhi,600,181,419,21,Weekend,No,2024-10-12,low
TR5518,Thiruvananthapuram,Mumbai,600,172,428,29,Weekday,No,2025-10-16,low
TR5519,Thiruvananthapuram,Chennai,600,154,446,57,Weekday,Yes,2025-03-19,low
TR5520,Thiruvananthapuram,Kolkata,600,221,379,37,Weekday,No,2024-02-21,low
TR5521,Thiruvananthapuram,Bangalore,600,142,458,52,Weekday,No,2025-06-24,low
TR5522,Thiruvananthapuram,Hyderabad,600,185,415,37,Weekday,No,2025-02-24,low
TR5523,Thiruvananthapuram,Pune,600,208,392,28,Weekday,No,2024-10-11,low
TR5524,Thiruvananthapuram,Ahmedabad,600,98,502,0,Weekend,No,2024-12-07,low
TR5525,Thiruvananthapuram,Jaipur,600,133,467,5,Weekday,No,2024-08-08,low
TR5526,Thiruvananthapuram,Surat,600,172,428,31,Weekday,No,2025-03-25,low
TR5527,Thiruvananthapuram,Lucknow,600,199,401,30,Weekday,No,2025-02-18,low
TR5528,Thiruvananthapuram,Kanpur,600,237,363,30,Weekday,No,2024-11-22,low
TR5529,Thiruvananthapuram,Nagpur,600,159,441,50,Weekend,No,2024-07-27,low
TR5530,Thiruvananthapuram,Indore,600,154,446,5,Weekday,No,2024-10-18,low
TR5531,Thiruvananthapuram,Bhopal,600,127,473,39,Weekend,No,2024-12-29,low
TR5532,Thiruvananthapuram,Patna,600,185,415,44,Weekday,No,2024-12-10,low
TR5533,Thiruvananthapuram,Ranchi,600,155,445,38,Weekday,Yes,2024-08-14,low
TR5534,Thiruvananthapuram,Bhubaneswar,600,156,444,14,Weekend,Yes,2025-03-01,low
TR5535,Thiruvananthapuram,Cuttack,600,164,436,24,Weekday,No,2024-06-14,low
TR5536,Thiruvananthapuram,Puri,600,195,405,3,Weekday,No,2025-01-01,low
TR5537,Thiruvananthapuram,Rourkela,600,142,458,10,Weekday,No,2024-03-29,low
TR5538,Thiruvananthapuram,Sambalpur,600,132,468,48,Weekday,No,2024-12-11,low
TR5539,Thiruvananthapuram,Guwahati,600,190,410,37,Weekend,No,2025-07-27,low
TR5540,Thiruvananthapuram,Dibrugarh,600,90,510,51,Weekday,No,2025-08-20,low
TR5541,Thiruvananthapuram,Agartala,600,140,460,41,Weekday,No,2025-05-22,low
TR5542,Thiruvananthapuram,Silchar,600,114,486,14,Weekend,No,2025-06-29,low
TR5543,Thiruvananthapuram,Visakhapatnam,600,227,373,48,Weekend,No,2024-02-18,low
TR5544,Thiruvananthapuram,Vijayawada,600,148,452,41,Weekday,No,2024-09-06,low
TR5545,Thiruvananthapuram,Guntur,600,142,458,11,Weekday,No,2025-04-23,low
TR5546,Thiruvananthapuram,Tirupati,600,167,433,0,Weekday,No,2025-08-08,low
TR5547,Thiruvananthapuram,Rajahmundry,600,140,460,45,Weekend,No,2025-03-02,low
TR5548,Thiruvananthapuram,Warangal,600,150,450,43,Weekday,No,2025-09-16,low
TR5549,Thiruvananthapuram,Nizamabad,600,174,426,5,Weekday,No,2024-07-18,low
TR5550,Thiruvananthapuram,Coimbatore,600,149,451,27,Weekday,No,2024-04-22,low
TR5551,Thiruvananthapuram,Madurai,600,148,452,54,Weekday,No,2024-03-04,low
TR5552,Thiruvananthapuram,Trichy,600,120,480,47,Weekend,No,2025-03-01,low
TR5553,Thiruvananthapuram,Salem,600,114,486,49,Weekday,No,2025-05-01,low
TR5554,Thiruvananthapuram,Erode,600,172,428,23,Weekend,Yes,2024-07-27,low
TR5555,Thiruvananthapuram,Tirunelveli,600,184,416,7,Weekend,No,2025-07-26,low
TR5556,Thiruvananthapuram,Thoothukudi,600,100,500,21,Weekday,No,2025-06-24,low
TR5557,Thiruvananthapuram,Vellore,600,205,395,41,Weekday,No,2024-09-20,low
TR5558,Thiruvananthapuram,Kochi,600,206,394,50,Weekend,No,2024-06-23,low
TR5559,Thiruvananthapuram,Kozhikode,600,216,384,38,Weekday,No,2025-06-26,low
TR5560,Thiruvananthapuram,Thrissur,600,183,417,2,Weekday,Yes,2025-05-05,low
TR5561,Thiruvananthapuram,Kollam,600,200,400,35,Weekend,No,2024-05-04,low
TR5562,Thiruvananthapuram,Mysore,600,274,326,11,Weekday,No,2024-07-05,medium
TR5563,Thiruvananthapuram,Mangalore,600,154,446,36,Weekend,No,2024-12-21,low
TR5564,Thiruvananthapuram,Hubli,600,119,481,24,Weekday,No,2025-01-08,low
TR5565,Thiruvananthapuram,Belgaum,600,95,505,31,Weekday,No,2024-05-01,low
TR5566,Thiruvananthapuram,Davangere,600,253,347,35,Weekday,No,2025-11-24,medium
TR5567,Thiruvananthapuram,Vadodara,600,254,346,38,Weekday,No,2024-10-11,medium
TR5568,Thiruvananthapuram,Rajkot,600,125,475,0,Weekend,No,2024-10-05,low
TR5569,Thiruvananthapuram,Jamnagar,600,134,466,57,Weekday,No,2024-02-14,low
TR5570,Thiruvananthapuram,Bhavnagar,600,153,447,34,Weekday,No,2025-10-02,low
TR5571,Thiruvananthapuram,Gandhinagar,600,228,372,30,Weekday,No,2024-06-20,low
TR5572,Thiruvananthapuram,Nashik,600,107,493,22,Weekday,No,2025-12-22,low
TR5573,Thiruvananthapuram,Aurangabad,600,90,510,6,Weekend,No,2024-12-28,low
TR5574,Thiruvananthapuram,Kolhapur,600,273,327,37,Weekday,No,2025-10-01,medium
TR5575,Thiruvananthapuram,Solapur,600,184,416,21,Weekday,No,2024-05-10,low
TR5576,Thiruvananthapuram,Thane,600,191,409,54,Weekday,No,2024-05-01,low
TR5577,Thiruvananthapuram,Navi Mumbai,600,159,441,39,Weekday,No,2025-08-08,low
TR5578,Thiruvananthapuram,Amravati,600,191,409,26,Weekday,No,2025-08-22,low
TR5579,Thiruvananthapuram,Jodhpur,600,96,504,1,Weekend,No,2025-02-01,low
TR5580,Thiruvananthapuram,Udaipur,600,129,471,33,Weekday,No,2024-01-24,low
TR5581,Thiruvananthapuram,Ajmer,600,174,426,50,Weekday,No,2025-11-20,low
TR5582,Thiruvananthapuram,Kota,600,90,510,27,Weekday,No,2024-10-14,low
TR5583,Thiruvananthapuram,Bikaner,600,154,446,39,Weekend,No,2025-11-15,low
TR5584,Thiruvananthapuram,Alwar,600,151,449,7,Weekend,Yes,2025-09-28,low
TR5585,Thiruvananthapuram,Varanasi,600,154,446,24,Weekend,No,2025-09-14,low
TR5586,Thiruvananthapuram,Prayagraj,600,142,458,47,Weekend,No,2025-05-18,low
TR5587,Thiruvananthapuram,Agra,600,121,479,25,Weekday,No,2025-05-07,low
TR5588,Thiruvananthapuram,Meerut,600,90,510,53,Weekday,No,2025-01-24,low
TR5589,Thiruvananthapuram,Bareilly,600,176,424,24,Weekday,Yes,2024-01-19,low
TR5590,Thiruvananthapuram,Gorakhpur,600,155,445,48,Weekday,No,2024-10-10,low
TR5591,Thiruvananthapuram,Mathura,600,103,497,38,Weekday,No,2025-06-18,low
TR5592,Thiruvananthapuram,Dehradun,600,172,428,56,Weekend,No,2025-08-16,low
TR5593,Thiruvananthapuram,Haridwar,600,155,445,31,Weekday,No,2025-02-13,low
TR5594,Thiruvananthapuram,Amritsar,600,147,453,28,Weekday,No,2025-06-02,low
TR5595,Thiruvananthapuram,Ludhiana,600,90,510,21,Weekday,No,2024-01-16,low
TR5596,Thiruvananthapuram,Jalandhar,600,202,398,39,Weekend,No,2024-12-08,low
TR5597,Thiruvananthapuram,Patiala,600,110,490,58,Weekday,No,2025-01-06,low
TR5598,Thiruvananthapuram,Chandigarh,600,172,428,10,Weekday,No,2025-10-14,low
TR5599,Thiruvananthapuram,Jammu,600,130,470,56,Weekday,No,2024-08-15,low
TR5600,Thiruvananthapuram,Srinagar,600,150,450,58,Weekday,No,2024-06-17,low
TR5601,Thiruvananthapuram,Raipur,600,224,376,46,Weekend,No,2024-09-14,low
TR5602,Thiruvananthapuram,Bilaspur,600,194,406,34,Weekend,No,2024-05-04,low
TR5603,Thiruvananthapuram,Durg,600,223,377,51,Weekday,Yes,2025-02-12,low
TR5604,Thiruvananthapuram,Jabalpur,600,185,415,15,Weekday,No,2025-04-14,low
TR5605,Thiruvananthapuram,Gwalior,600,188,412,38,Weekday,No,2025-08-08,low
TR5606,Thiruvananthapuram,Ujjain,600,90,510,48,Weekday,No,2025-12-11,low
TR5607,Thiruvananthapuram,Rewa,600,154,446,48,Weekday,Yes,2024-02-23,low
TR5608,Thiruvananthapuram,Dhanbad,600,158,442,35,Weekend,No,2024-06-29,low
TR5609,Thiruvananthapuram,Asansol,600,228,372,23,Weekday,No,2024-08-07,low
TR5610,Thiruvananthapuram,Jamshedpur,600,145,455,56,Weekday,No,2024-07-01,low
TR5611,Thiruvananthapuram,Tatanagar,600,182,418,40,Weekday,No,2025-08-27,low
TR5612,Thiruvananthapuram,Gaya,600,180,420,46,Weekday,No,2024-04-11,low
TR5613,Thiruvananthapuram,Muzaffarpur,600,225,375,37,Weekday,No,2024-01-22,low
TR5614,Thiruvananthapuram,Bhagalpur,600,163,437,52,Weekend,No,2025-09-21,low
TR5615,Thiruvananthapuram,Siliguri,600,209,391,28,Weekday,No,2025-12-03,low
TR5616,Thiruvananthapuram,New Jalpaiguri,600,90,510,32,Weekday,No,2024-06-14,low
TR5617,Thiruvananthapuram,Durgapur,600,91,509,48,Weekend,No,2024-08-31,low
TR5618,Thiruvananthapuram,Howrah,600,90,510,31,Weekday,No,2025-01-02,low
TR5619,Thiruvananthapuram,Malda,600,207,393,14,Weekend,No,2025-01-19,low
TR5620,Thiruvananthapuram,Panaji,600,201,399,45,Weekday,No,2025-12-25,low
TR5621,Kozhikode,Delhi,600,212,388,22,Weekday,No,2024-10-22,low
TR5622,Kozhikode,New Delhi,600,136,464,6,Weekday,No,2024-01-09,low
TR5623,Kozhikode,Mumbai,600,142,458,22,Weekday,No,2024-11-05,low
TR5624,Kozhikode,Chennai,600,163,437,3,Weekday,No,2025-02-10,low
TR5625,Kozhikode,Kolkata,600,238,362,52,Weekend,No,2025-01-12,low
TR5626,Kozhikode,Bangalore,600,250,350,59,Weekday,No,2025-01-09,medium
TR5627,Kozhikode,Hyderabad,600,207,393,15,Weekday,No,2025-11-05,low
TR5628,Kozhikode,Pune,600,185,415,54,Weekday,No,2025-08-13,low
TR5629,Kozhikode,Ahmedabad,600,233,367,42,Weekday,No,2024-07-02,low
TR5630,Kozhikode,Jaipur,600,157,443,57,Weekday,No,2024-09-16,low
TR5631,Kozhikode,Surat,600,150,450,9,Weekend,No,2025-05-03,low
TR5632,Kozhikode,Lucknow,600,163,437,3,Weekend,No,2024-10-26,low
TR5633,Kozhikode,Kanpur,600,122,478,55,Weekend,No,2024-11-09,low
TR5634,Kozhikode,Nagpur,600,161,439,16,Weekday,No,2024-05-02,low
TR5635,Kozhikode,Indore,600,115,485,35,Weekday,No,2024-07-04,low
TR5636,Kozhikode,Bhopal,600,218,382,54,Weekday,No,2025-06-25,low
TR5637,Kozhikode,Patna,600,195,405,20,Weekday,No,2025-09-08,low
TR5638,Kozhikode,Ranchi,600,238,362,5,Weekend,No,2025-07-27,low
TR5639,Kozhikode,Bhubaneswar,600,91,509,47,Weekday,No,2024-08-13,low
TR5640,Kozhikode,Cuttack,600,260,340,27,Weekday,No,2024-04-09,medium
TR5641,Kozhikode,Puri,600,93,507,1,Weekday,No,2024-04-26,low
TR5642,Kozhikode,Rourkela,600,111,489,20,Weekday,Yes,2024-10-14,low
TR5643,Kozhikode,Sambalpur,600,139,461,31,Weekday,No,2025-01-13,low
TR5644,Kozhikode,Guwahati,600,232,368,52,Weekday,Yes,2025-10-14,low
TR5645,Kozhikode,Dibrugarh,600,180,420,13,Weekend,No,2025-10-19,low
TR5646,Kozhikode,Agartala,600,157,443,31,Weekday,No,2024-01-02,low
TR5647,Kozhikode,Silchar,600,131,469,10,Weekend,No,2025-06-01,low
TR5648,Kozhikode,Visakhapatnam,600,103,497,17,Weekday,No,2024-08-06,low
TR5649,Kozhikode,Vijayawada,600,223,377,15,Weekday,No,2024-05-24,low
TR5650,Kozhikode,Guntur,600,207,393,31,Weekend,No,2025-02-09,low
TR5651,Kozhikode,Tirupati,600,234,366,39,Weekday,No,2024-01-25,low
TR5652,Kozhikode,Rajahmundry,600,188,412,6,Weekend,No,2024-09-01,low
TR5653,Kozhikode,Warangal,600,90,510,4,Weekday,No,2025-02-07,low
TR5654,Kozhikode,Nizamabad,600,109,491,43,Weekday,No,2024-07-17,low
TR5655,Kozhikode,Coimbatore,600,191,409,17,Weekend,No,2025-03-09,low
TR5656,Kozhikode,Madurai,600,151,449,37,Weekday,No,2024-12-02,low
TR5657,Kozhikode,Trichy,600,142,458,4,Weekday,No,2025-08-07,low
TR5658,Kozhikode,Salem,600,116,484,36,Weekend,No,2024-05-12,low
TR5659,Kozhikode,Erode,600,214,386,54,Weekend,No,2024-02-11,low
TR5660,Kozhikode,Tirunelveli,600,191,409,26,Weekday,No,2025-01-22,low
TR5661,Kozhikode,Thoothukudi,600,193,407,34,Weekend,No,2024-07-06,low
TR5662,Kozhikode,Vellore,600,139,461,17,Weekend,No,2025-05-31,low
TR5663,Kozhikode,Kochi,600,177,423,17,Weekend,No,2024-03-09,low
TR5664,Kozhikode,Thiruvananthapuram,600,105,495,3,Weekday,No,2025-02-24,low
TR5665,Kozhikode,Thrissur,600,163,437,28,Weekday,No,2025-12-24,low
TR5666,Kozhikode,Kollam,600,90,510,56,Weekend,No,2024-03-09,low
TR5667,Kozhikode,Mysore,600,94,506,6,Weekday,No,2024-08-08,low
TR5668,Kozhikode,Mangalore,600,153,447,24,Weekday,No,2025-09-09,low
TR5669,Kozhikode,Hubli,600,283,317,50,Weekend,No,2025-01-25,medium
TR5670,Kozhikode,Belgaum,600,90,510,29,Weekday,No,2024-05-07,low
TR5671,Kozhikode,Davangere,600,109,491,45,Weekday,No,2024-06-04,low
TR5672,Kozhikode,Vadodara,600,179,421,22,Weekend,Yes,2025-07-13,low
TR5673,Kozhikode,Rajkot,600,254,346,36,Weekend,No,2025-09-21,medium
TR5674,Kozhikode,Jamnagar,600,179,421,59,Weekday,Yes,2024-09-20,low
TR5675,Kozhikode,Bhavnagar,600,203,397,35,Weekday,Yes,2024-12-12,low
TR5676,Kozhikode,Gandhinagar,600,153,447,47,Weekend,Yes,2025-07-26,low
TR5677,Kozhikode,Nashik,600,144,456,41,Weekday,No,2024-05-09,low
TR5678,Kozhikode,Aurangabad,600,173,427,5,Weekday,No,2024-05-30,low
TR5679,Kozhikode,Kolhapur,600,137,463,9,Weekend,No,2025-07-20,low
TR5680,Kozhikode,Solapur,600,204,396,36,Weekday,No,2024-05-16,low
TR5681,Kozhikode,Thane,600,92,508,20,Weekday,No,2025-07-17,low
TR5682,Kozhikode,Navi Mumbai,600,212,388,29,Weekend,No,2024-12-29,low
TR5683,Kozhikode,Amravati,600,171,429,29,Weekday,No,2025-12-24,low
TR5684,Kozhikode,Jodhpur,600,159,441,47,Weekday,No,2024-01-25,low
TR5685,Kozhikode,Udaipur,600,90,510,59,Weekend,No,2025-11-22,low
TR5686,Kozhikode,Ajmer,600,122,478,59,Weekday,No,2024-06-13,low
TR5687,Kozhikode,Kota,600,226,374,4,Weekday,No,2024-01-26,low
TR5688,Kozhikode,Bikaner,600,159,441,44,Weekday,No,2025-06-13,low
TR5689,Kozhikode,Alwar,600,182,418,43,Weekday,No,2025-01-24,low
TR5690,Kozhikode,Varanasi,600,127,473,51,Weekday,No,2025-09-04,low
TR5691,Kozhikode,Prayagraj,600,168,432,25,Weekday,No,2024-03-20,low
TR5692,Kozhikode,Agra,600,103,497,30,Weekday,No,2024-02-29,low
TR5693,Kozhikode,Meerut,600,174,426,27,Weekday,No,2025-02-18,low
TR5694,Kozhikode,Bareilly,600,187,413,22,Weekday,No,2025-10-06,low
TR5695,Kozhikode,Gorakhpur,600,184,416,14,Weekday,No,2024-10-23,low
TR5696,Kozhikode,Mathura,600,126,474,38,Weekday,No,2025-08-05,low
TR5697,Kozhikode,Dehradun,600,153,447,1,Weekday,No,2025-10-24,low
TR5698,Kozhikode,Haridwar,600,195,405,44,Weekend,Yes,2025-09-27,low
TR5699,Kozhikode,Amritsar,600,159,441,50,Weekday,No,2025-01-06,low
TR5700,Kozhikode,Ludhiana,600,155,445,13,Weekend,No,2025-05-25,low
TR5701,Kozhikode,Jalandhar,600,260,340,12,Weekend,No,2025-01-19,medium
TR5702,Kozhikode,Patiala,600,123,477,30,Weekday,No,2025-05-07,low
TR5703,Kozhikode,Chandigarh,600,221,379,50,Weekday,No,2025-02-18,low
TR5704,Kozhikode,Jammu,600,114,486,6,Weekend,Yes,2025-01-18,low
TR5705,Kozhikode,Srinagar,600,200,400,25,Weekday,No,2024-11-15,low
TR5706,Kozhikode,Raipur,600,203,397,12,Weekday,No,2025-04-22,low
TR5707,Kozhikode,Bilaspur,600,144,456,51,Weekday,No,2025-07-03,low
TR5708,Kozhikode,Durg,600,111,489,52,Weekend,Yes,2025-11-02,low
TR5709,Kozhikode,Jabalpur,600,90,510,5,Weekday,No,2025-03-24,low
TR5710,Kozhikode,Gwalior,600,139,461,8,Weekday,No,2024-03-14,low
TR5711,Kozhikode,Ujjain,600,194,406,9,Weekday,No,2025-03-05,low
TR5712,Kozhikode,Rewa,600,117,483,48,Weekend,No,2024-08-18,low
TR5713,Kozhikode,Dhanbad,600,174,426,54,Weekend,No,2024-01-20,low
TR5714,Kozhikode,Asansol,600,98,502,22,Weekday,No,2024-02-22,low
TR5715,Kozhikode,Jamshedpur,600,158,442,9,Weekend,No,2025-03-08,low
TR5716,Kozhikode,Tatanagar,600,114,486,39,Weekday,Yes,2025-11-21,low
TR5717,Kozhikode,Gaya,600,165,435,53,Weekend,No,2025-01-04,low
TR5718,Kozhikode,Muzaffarpur,600,145,455,54,Weekday,No,2024-11-21,low
TR5719,Kozhikode,Bhagalpur,600,112,488,26,Weekday,No,2024-03-05,low
TR5720,Kozhikode,Siliguri,600,137,463,46,Weekday,No,2025-05-08,low
TR5721,Kozhikode,New Jalpaiguri,600,124,476,57,Weekend,No,2024-02-10,low
TR5722,Kozhikode,Durgapur,600,106,494,49,Weekend,No,2025-09-06,low
TR5723,Kozhikode,Howrah,600,221,379,28,Weekday,No,2025-08-19,low
TR5724,Kozhikode,Malda,600,152,448,15,Weekday,No,2025-12-25,low
TR5725,Kozhikode,Panaji,600,90,510,22,Weekday,No,2024-07-26,low
TR5726,Thrissur,Delhi,600,139,461,21,Weekend,No,2024-04-28,low
TR5727,Thrissur,New Delhi,600,213,387,59,Weekday,No,2024-08-06,low
TR5728,Thrissur,Mumbai,600,132,468,43,Weekday,No,2025-08-07,low
TR5729,Thrissur,Chennai,600,241,359,51,Weekend,Yes,2024-06-08,medium
TR5730,Thrissur,Kolkata,600,128,472,46,Weekday,No,2025-10-10,low
TR5731,Thrissur,Bangalore,600,193,407,28,Weekday,No,2024-04-22,low
TR5732,Thrissur,Hyderabad,600,219,381,47,Weekday,No,2024-02-05,low
TR5733,Thrissur,Pune,600,191,409,38,Weekend,Yes,2024-06-09,low
TR5734,Thrissur,Ahmedabad,600,103,497,44,Weekend,No,2025-07-05,low
TR5735,Thrissur,Jaipur,600,124,476,18,Weekend,No,2025-03-16,low
TR5736,Thrissur,Surat,600,225,375,13,Weekday,No,2024-09-16,low
TR5737,Thrissur,Lucknow,600,130,470,10,Weekday,No,2025-04-24,low
TR5738,Thrissur,Kanpur,600,216,384,17,Weekend,No,2025-04-19,low
TR5739,Thrissur,Nagpur,600,148,452,58,Weekend,Yes,2025-02-09,low
TR5740,Thrissur,Indore,600,176,424,56,Weekday,No,2025-01-10,low
TR5741,Thrissur,Bhopal,600,102,498,8,Weekday,No,2024-03-15,low
TR5742,Thrissur,Patna,600,140,460,33,Weekday,Yes,2024-07-08,low
TR5743,Thrissur,Ranchi,600,127,473,56,Weekday,No,2025-01-20,low
TR5744,Thrissur,Bhubaneswar,600,180,420,45,Weekday,No,2024-04-08,low
TR5745,Thrissur,Cuttack,600,173,427,36,Weekday,No,2024-12-13,low
TR5746,Thrissur,Puri,600,191,409,35,Weekday,No,2024-03-26,low
TR5747,Thrissur,Rourkela,600,145,455,19,Weekday,No,2025-07-29,low
TR5748,Thrissur,Sambalpur,600,124,476,55,Weekend,No,2024-03-16,low
TR5749,Thrissur,Guwahati,600,178,422,4,Weekday,No,2024-03-08,low
TR5750,Thrissur,Dibrugarh,600,120,480,52,Weekday,No,2025-04-11,low
TR5751,Thrissur,Agartala,600,221,379,52,Weekday,No,2024-06-10,low
TR5752,Thrissur,Silchar,600,163,437,15,Weekday,No,2024-09-13,low
TR5753,Thrissur,Visakhapatnam,600,153,447,30,Weekend,Yes,2024-08-17,low
TR5754,Thrissur,Vijayawada,600,191,409,53,Weekday,No,2024-06-07,low
TR5755,Thrissur,Guntur,600,165,435,28,Weekday,No,2025-07-10,low
TR5756,Thrissur,Tirupati,600,90,510,18,Weekday,No,2025-05-20,low
TR5757,Thrissur,Rajahmundry,600,118,482,4,Weekend,No,2024-06-23,low
TR5758,Thrissur,Warangal,600,220,380,26,Weekend,No,2025-05-17,low
TR5759,Thrissur,Nizamabad,600,173,427,16,Weekday,No,2025-06-05,low
TR5760,Thrissur,Coimbatore,600,90,510,51,Weekday,No,2025-01-29,low
TR5761,Thrissur,Madurai,600,186,414,51,Weekday,Yes,2025-02-26,low
TR5762,Thrissur,Trichy,600,142,458,19,Weekday,No,2025-11-14,low
TR5763,Thrissur,Salem,600,127,473,12,Weekday,No,2024-11-27,low
TR5764,Thrissur,Erode,600,114,486,17,Weekday,No,2024-10-08,low
TR5765,Thrissur,Tirunelveli,600,217,383,24,Weekday,No,2025-01-29,low
TR5766,Thrissur,Thoothukudi,600,90,510,40,Weekday,No,2025-09-03,low
TR5767,Thrissur,Vellore,600,129,471,9,Weekday,No,2025-06-02,low
TR5768,Thrissur,Kochi,600,175,425,59,Weekend,No,2024-02-24,low
TR5769,Thrissur,Thiruvananthapuram,600,245,355,42,Weekend,No,2024-12-01,medium
TR5770,Thrissur,Kozhikode,600,196,404,7,Weekday,No,2025-06-24,low
TR5771,Thrissur,Kollam,600,128,472,18,Weekday,No,2024-06-12,low
TR5772,Thrissur,Mysore,600,242,358,42,Weekday,No,2025-12-23,medium
TR5773,Thrissur,Mangalore,600,104,496,30,Weekday,No,2025-08-13,low
TR5774,Thrissur,Hubli,600,182,418,31,Weekday,No,2025-09-10,low
TR5775,Thrissur,Belgaum,600,192,408,2,Weekday,No,2024-02-29,low
TR5776,Thrissur,Davangere,600,127,473,24,Weekday,No,2025-02-27,low
TR5777,Thrissur,Vadodara,600,202,398,36,Weekday,No,2025-01-20,low
TR5778,Thrissur,Rajkot,600,144,456,44,Weekday,No,2025-04-03,low
TR5779,Thrissur,Jamnagar,600,202,398,26,Weekend,No,2025-09-13,low
TR5780,Thrissur,Bhavnagar,600,90,510,33,Weekend,No,2024-09-15,low
TR5781,Thrissur,Gandhinagar,600,185,415,13,Weekend,No,2025-01-25,low
TR5782,Thrissur,Nashik,600,149,451,47,Weekend,No,2025-05-11,low
TR5783,Thrissur,Aurangabad,600,224,376,41,Weekday,No,2025-07-04,low
TR5784,Thrissur,Kolhapur,600,167,433,44,Weekday,No,2025-07-17,low
TR5785,Thrissur,Solapur,600,229,371,40,Weekday,No,2024-09-03,low
TR5786,Thrissur,Thane,600,193,407,59,Weekday,No,2025-12-30,low
TR5787,Thrissur,Navi Mumbai,600,163,437,52,Weekday,No,2024-01-08,low
TR5788,Thrissur,Amravati,600,207,393,48,Weekday,No,2024-12-25,low
TR5789,Thrissur,Jodhpur,600,207,393,20,Weekday,No,2025-03-21,low
TR5790,Thrissur,Udaipur,600,192,408,4,Weekday,No,2024-02-14,low
TR5791,Thrissur,Ajmer,600,90,510,0,Weekday,No,2024-11-25,low
TR5792,Thrissur,Kota,600,122,478,46,Weekday,No,2025-03-11,low
TR5793,Thrissur,Bikaner,600,235,365,53,Weekday,No,2025-03-20,low
TR5794,Thrissur,Alwar,600,109,491,38,Weekday,No,2024-03-28,low
TR5795,Thrissur,Varanasi,600,211,389,43,Weekend,No,2024-07-21,low
TR5796,Thrissur,Prayagraj,600,203,397,5,Weekday,No,2024-06-27,low
TR5797,Thrissur,Agra,600,134,466,33,Weekend,No,2025-04-12,low
TR5798,Thrissur,Meerut,600,90,510,36,Weekday,No,2024-08-28,low
TR5799,Thrissur,Bareilly,600,142,458,9,Weekday,No,2025-02-21,low
TR5800,Thrissur,Gorakhpur,600,269,331,45,Weekday,No,2025-06-18,medium
TR5801,Thrissur,Mathura,600,128,472,20,Weekday,No,2025-08-05,low
TR5802,Thrissur,Dehradun,600,131,469,11,Weekday,No,2024-05-14,low
TR5803,Thrissur,Haridwar,600,121,479,41,Weekday,No,2025-10-22,low
TR5804,Thrissur,Amritsar,600,227,373,26,Weekday,No,2024-05-01,low
TR5805,Thrissur,Ludhiana,600,157,443,32,Weekday,No,2024-01-16,low
TR5806,Thrissur,Jalandhar,600,139,461,32,Weekday,No,2024-02-02,low
TR5807,Thrissur,Patiala,600,237,363,37,Weekend,Yes,2024-05-26,low
TR5808,Thrissur,Chandigarh,600,197,403,24,Weekday,No,2025-09-30,low
TR5809,Thrissur,Jammu,600,125,475,48,Weekday,No,2024-05-31,low
TR5810,Thrissur,Srinagar,600,110,490,52,Weekday,No,2025-05-21,low
TR5811,Thrissur,Raipur,600,225,375,29,Weekday,No,2024-11-01,low
TR5812,Thrissur,Bilaspur,600,170,430,10,Weekday,Yes,2024-01-30,low
TR5813,Thrissur,Durg,600,95,505,16,Weekday,No,2024-11-20,low
TR5814,Thrissur,Jabalpur,600,90,510,46,Weekend,No,2024-01-21,low
TR5815,Thrissur,Gwalior,600,115,485,15,Weekend,No,2024-12-14,low
TR5816,Thrissur,Ujjain,600,109,491,46,Weekday,No,2025-02-12,low
TR5817,Thrissur,Rewa,600,90,510,39,Weekday,No,2025-01-16,low
TR5818,Thrissur,Dhanbad,600,116,484,26,Weekday,No,2024-07-25,low
TR5819,Thrissur,Asansol,600,125,475,7,Weekday,No,2025-07-14,low
TR5820,Thrissur,Jamshedpur,600,147,453,32,Weekday,No,2025-03-12,low
TR5821,Thrissur,Tatanagar,600,250,350,41,Weekday,No,2024-07-05,medium
TR5822,Thrissur,Gaya,600,156,444,9,Weekday,No,2024-11-13,low
TR5823,Thrissur,Muzaffarpur,600,161,439,49,Weekday,No,2024-03-20,low
TR5824,Thrissur,Bhagalpur,600,193,407,11,Weekday,No,2025-11-05,low
TR5825,Thrissur,Siliguri,600,158,442,24,Weekday,No,2025-07-04,low
TR5826,Thrissur,New Jalpaiguri,600,188,412,31,Weekday,No,2024-07-29,low
TR5827,Thrissur,Durgapur,600,182,418,44,Weekday,No,2025-05-08,low
TR5828,Thrissur,Howrah,600,175,425,13,Weekend,No,2025-05-11,low
TR5829,Thrissur,Malda,600,302,298,20,Weekday,No,2025-03-21,medium
TR5830,Thrissur,Panaji,600,213,387,48,Weekday,Yes,2024-02-09,low
TR5831,Kollam,Delhi,600,117,483,19,Weekend,No,2025-10-04,low
TR5832,Kollam,New Delhi,600,187,413,36,Weekend,Yes,2025-11-29,low
TR5833,Kollam,Mumbai,600,131,469,23,Weekend,No,2025-12-13,low
TR5834,Kollam,Chennai,600,190,410,3,Weekday,No,2025-12-17,low
TR5835,Kollam,Kolkata,600,103,497,30,Weekend,No,2025-11-09,low
TR5836,Kollam,Bangalore,600,116,484,21,Weekday,No,2025-06-24,low
TR5837,Kollam,Hyderabad,600,185,415,15,Weekend,No,2024-02-11,low
TR5838,Kollam,Pune,600,217,383,51,Weekday,No,2024-12-06,low
TR5839,Kollam,Ahmedabad,600,193,407,46,Weekday,No,2024-06-28,low
TR5840,Kollam,Jaipur,600,210,390,16,Weekend,No,2024-06-09,low
TR5841,Kollam,Surat,600,187,413,31,Weekend,No,2025-08-30,low
TR5842,Kollam,Lucknow,600,177,423,43,Weekend,Yes,2025-08-16,low
TR5843,Kollam,Kanpur,600,145,455,3,Weekday,No,2025-01-16,low
TR5844,Kollam,Nagpur,600,208,392,5,Weekend,No,2025-06-22,low
TR5845,Kollam,Indore,600,218,382,32,Weekday,No,2024-04-04,low
TR5846,Kollam,Bhopal,600,166,434,55,Weekday,No,2024-06-11,low
TR5847,Kollam,Patna,600,163,437,55,Weekend,No,2025-09-21,low
TR5848,Kollam,Ranchi,600,245,355,26,Weekday,No,2024-11-25,medium
TR5849,Kollam,Bhubaneswar,600,168,432,42,Weekday,Yes,2025-02-03,low
TR5850,Kollam,Cuttack,600,173,427,29,Weekday,No,2024-12-04,low
TR5851,Kollam,Puri,600,192,408,54,Weekday,No,2024-05-27,low
TR5852,Kollam,Rourkela,600,164,436,34,Weekday,No,2025-08-27,low
TR5853,Kollam,Sambalpur,600,130,470,53,Weekday,No,2025-07-08,low
TR5854,Kollam,Guwahati,600,187,413,21,Weekday,No,2025-05-14,low
TR5855,Kollam,Dibrugarh,600,167,433,55,Weekend,No,2024-09-15,low
TR5856,Kollam,Agartala,600,257,343,43,Weekday,No,2025-04-15,medium
TR5857,Kollam,Silchar,600,207,393,46,Weekday,No,2025-11-27,low
TR5858,Kollam,Visakhapatnam,600,140,460,0,Weekend,No,2025-04-20,low
TR5859,Kollam,Vijayawada,600,204,396,48,Weekday,No,2024-12-27,low
TR5860,Kollam,Guntur,600,184,416,9,Weekday,No,2024-07-16,low
TR5861,Kollam,Tirupati,600,232,368,56,Weekday,Yes,2025-01-17,low
TR5862,Kollam,Rajahmundry,600,144,456,11,Weekend,No,2024-09-28,low
TR5863,Kollam,Warangal,600,178,422,49,Weekend,Yes,2025-03-22,low
TR5864,Kollam,Nizamabad,600,164,436,38,Weekend,No,2024-02-03,low
TR5865,Kollam,Coimbatore,600,172,428,23,Weekend,Yes,2024-05-19,low
TR5866,Kollam,Madurai,600,126,474,53,Weekday,No,2025-07-29,low
TR5867,Kollam,Trichy,600,197,403,23,Weekend,No,2024-10-05,low
TR5868,Kollam,Salem,600,189,411,3,Weekday,Yes,2024-11-12,low
TR5869,Kollam,Erode,600,231,369,4,Weekend,No,2025-02-01,low
TR5870,Kollam,Tirunelveli,600,168,432,51,Weekend,No,2024-11-16,low
TR5871,Kollam,Thoothukudi,600,149,451,23,Weekday,No,2025-07-08,low
TR5872,Kollam,Vellore,600,207,393,49,Weekday,No,2024-06-28,low
TR5873,Kollam,Kochi,600,131,469,1,Weekday,No,2025-07-08,low
TR5874,Kollam,Thiruvananthapuram,600,221,379,4,Weekend,No,2024-06-02,low
TR5875,Kollam,Kozhikode,600,221,379,59,Weekday,No,2024-09-27,low
TR5876,Kollam,Thrissur,600,229,371,8,Weekday,No,2025-03-05,low
TR5877,Kollam,Mysore,600,187,413,41,Weekday,No,2025-10-09,low
TR5878,Kollam,Mangalore,600,146,454,21,Weekday,No,2024-06-18,low
TR5879,Kollam,Hubli,600,174,426,30,Weekday,No,2025-03-05,low
TR5880,Kollam,Belgaum,600,187,413,6,Weekday,No,2024-02-16,low
TR5881,Kollam,Davangere,600,142,458,16,Weekend,No,2024-02-25,low
TR5882,Kollam,Vadodara,600,233,367,45,Weekday,No,2025-07-15,low
TR5883,Kollam,Rajkot,600,197,403,32,Weekday,No,2025-06-09,low
TR5884,Kollam,Jamnagar,600,126,474,30,Weekday,No,2024-10-02,low
TR5885,Kollam,Bhavnagar,600,259,341,56,Weekday,No,2025-03-31,medium
TR5886,Kollam,Gandhinagar,600,174,426,24,Weekday,No,2024-10-04,low
TR5887,Kollam,Nashik,600,116,484,48,Weekend,Yes,2024-07-21,low
TR5888,Kollam,Aurangabad,600,129,471,43,Weekday,No,2024-11-11,low
TR5889,Kollam,Kolhapur,600,240,360,27,Weekday,No,2024-08-15,medium
TR5890,Kollam,Solapur,600,257,343,17,Weekday,No,2025-08-18,medium
TR5891,Kollam,Thane,600,217,383,21,Weekend,No,2024-10-27,low
TR5892,Kollam,Navi Mumbai,600,232,368,52,Weekday,No,2024-08-22,low
TR5893,Kollam,Amravati,600,227,373,18,Weekend,No,2025-01-26,low
TR5894,Kollam,Jodhpur,600,196,404,39,Weekday,No,2025-07-08,low
TR5895,Kollam,Udaipur,600,185,415,7,Weekday,No,2024-07-19,low
TR5896,Kollam,Ajmer,600,195,405,20,Weekday,No,2025-11-17,low
TR5897,Kollam,Kota,600,204,396,56,Weekday,No,2024-12-04,low
TR5898,Kollam,Bikaner,600,133,467,32,Weekday,No,2025-04-28,low
TR5899,Kollam,Alwar,600,204,396,49,Weekend,No,2025-11-30,low
TR5900,Kollam,Varanasi,600,239,361,15,Weekday,No,2024-11-11,low
TR5901,Kollam,Prayagraj,600,159,441,45,Weekend,No,2024-05-26,low
TR5902,Kollam,Agra,600,154,446,59,Weekday,Yes,2025-06-30,low
TR5903,Kollam,Meerut,600,192,408,55,Weekday,No,2024-01-05,low
TR5904,Kollam,Bareilly,600,138,462,26,Weekend,No,2024-11-30,low
TR5905,Kollam,Gorakhpur,600,106,494,40,Weekday,No,2025-12-17,low
TR5906,Kollam,Mathura,600,224,376,53,Weekday,No,2024-10-29,low
TR5907,Kollam,Dehradun,600,147,453,48,Weekday,No,2025-05-15,low
TR5908,Kollam,Haridwar,600,170,430,58,Weekend,Yes,2025-01-18,low
TR5909,Kollam,Amritsar,600,140,460,1,Weekday,No,2024-06-05,low
TR5910,Kollam,Ludhiana,600,230,370,32,Weekday,No,2024-08-20,low
TR5911,Kollam,Jalandhar,600,210,390,47,Weekday,No,2025-01-17,low
TR5912,Kollam,Patiala,600,157,443,43,Weekend,No,2024-03-17,low
TR5913,Kollam,Chandigarh,600,112,488,9,Weekday,Yes,2024-10-30,low
TR5914,Kollam,Jammu,600,152,448,34,Weekday,No,2024-10-30,low
TR5915,Kollam,Srinagar,600,196,404,9,Weekday,No,2025-09-02,low
TR5916,Kollam,Raipur,600,178,422,5,Weekend,Yes,2024-03-31,low
TR5917,Kollam,Bilaspur,600,174,426,6,Weekday,No,2025-09-08,low
TR5918,Kollam,Durg,600,179,421,57,Weekend,No,2024-10-27,low
TR5919,Kollam,Jabalpur,600,205,395,16,Weekday,No,2025-04-21,low
TR5920,Kollam,Gwalior,600,167,433,27,Weekday,No,2025-02-11,low
TR5921,Kollam,Ujjain,600,191,409,15,Weekday,No,2024-08-07,low
TR5922,Kollam,Rewa,600,122,478,53,Weekday,Yes,2025-11-11,low
TR5923,Kollam,Dhanbad,600,292,308,53,Weekday,No,2024-06-13,medium
TR5924,Kollam,Asansol,600,155,445,39,Weekend,No,2024-01-27,low
TR5925,Kollam,Jamshedpur,600,179,421,49,Weekday,No,2025-07-02,low
TR5926,Kollam,Tatanagar,600,196,404,6,Weekend,No,2025-03-30,low
TR5927,Kollam,Gaya,600,149,451,59,Weekend,No,2025-10-12,low
TR5928,Kollam,Muzaffarpur,600,169,431,25,Weekend,No,2024-11-30,low
TR5929,Kollam,Bhagalpur,600,169,431,24,Weekend,Yes,2024-01-13,low
TR5930,Kollam,Siliguri,600,125,475,11,Weekday,Yes,2024-01-15,low
TR5931,Kollam,New Jalpaiguri,600,190,410,52,Weekday,No,2024-11-12,low
TR5932,Kollam,Durgapur,600,90,510,10,Weekday,No,2024-07-01,low
TR5933,Kollam,Howrah,600,253,347,51,Weekday,Yes,2025-11-05,medium
TR5934,Kollam,Malda,600,207,393,42,Weekday,Yes,2024-03-27,low
TR5935,Kollam,Panaji,600,200,400,46,Weekend,No,2025-10-05,low
TR5936,Mysore,Delhi,600,90,510,1,Weekday,No,2024-06-07,low
TR5937,Mysore,New Delhi,600,131,469,44,Weekday,No,2024-03-28,low
TR5938,Mysore,Mumbai,600,236,364,57,Weekday,No,2024-07-19,low
TR5939,Mysore,Chennai,600,368,232,23,Weekday,No,2024-04-15,medium
TR5940,Mysore,Kolkata,600,226,374,26,Weekend,Yes,2024-10-20,low
TR5941,Mysore,Bangalore,600,219,381,6,Weekday,No,2024-08-29,low
TR5942,Mysore,Hyderabad,600,194,406,29,Weekday,No,2025-01-21,low
TR5943,Mysore,Pune,600,128,472,40,Weekday,No,2025-01-27,low
TR5944,Mysore,Ahmedabad,600,217,383,17,Weekday,No,2024-01-01,low
TR5945,Mysore,Jaipur,600,116,484,44,Weekday,Yes,2024-04-01,low
TR5946,Mysore,Surat,600,111,489,5,Weekend,No,2024-04-28,low
TR5947,Mysore,Lucknow,600,108,492,40,Weekday,No,2024-05-22,low
TR5948,Mysore,Kanpur,600,216,384,35,Weekend,No,2024-03-09,low
TR5949,Mysore,Nagpur,600,166,434,13,Weekend,No,2024-08-17,low
TR5950,Mysore,Indore,600,174,426,20,Weekday,No,2025-02-05,low
TR5951,Mysore,Bhopal,600,168,432,14,Weekday,No,2024-08-13,low
TR5952,Mysore,Patna,600,115,485,37,Weekday,No,2024-08-28,low
TR5953,Mysore,Ranchi,600,137,463,38,Weekday,No,2024-12-09,low
TR5954,Mysore,Bhubaneswar,600,139,461,33,Weekday,No,2025-02-04,low
TR5955,Mysore,Cuttack,600,101,499,11,Weekday,No,2024-08-29,low
TR5956,Mysore,Puri,600,145,455,13,Weekday,No,2024-06-11,low
TR5957,Mysore,Rourkela,600,117,483,48,Weekend,Yes,2024-10-26,low
TR5958,Mysore,Sambalpur,600,197,403,27,Weekday,No,2024-01-18,low
TR5959,Mysore,Guwahati,600,201,399,26,Weekday,No,2024-12-26,low
TR5960,Mysore,Dibrugarh,600,107,493,18,Weekday,Yes,2025-11-19,low
TR5961,Mysore,Agartala,600,155,445,55,Weekday,Yes,2024-10-17,low
TR5962,Mysore,Silchar,600,258,342,14,Weekday,No,2024-03-20,medium
TR5963,Mysore,Visakhapatnam,600,122,478,46,Weekend,No,2025-05-31,low
TR5964,Mysore,Vijayawada,600,189,411,46,Weekday,No,2024-04-02,low
TR5965,Mysore,Guntur,600,174,426,14,Weekday,No,2024-05-21,low
TR5966,Mysore,Tirupati,600,221,379,0,Weekday,No,2024-04-17,low
TR5967,Mysore,Rajahmundry,600,183,417,14,Weekday,No,2025-10-07,low
TR5968,Mysore,Warangal,600,148,452,16,Weekday,No,2025-12-18,low
TR5969,Mysore,Nizamabad,600,172,428,44,Weekday,No,2025-02-20,low
TR5970,Mysore,Coimbatore,600,173,427,31,Weekday,No,2025-03-27,low
TR5971,Mysore,Madurai,600,165,435,25,Weekday,No,2025-04-16,low
TR5972,Mysore,Trichy,600,106,494,28,Weekend,No,2025-03-22,low
TR5973,Mysore,Salem,600,229,371,57,Weekend,No,2025-02-01,low
TR5974,Mysore,Erode,600,220,380,56,Weekday,No,2025-12-22,low
TR5975,Mysore,Tirunelveli,600,119,481,1,Weekday,No,2025-06-19,low
TR5976,Mysore,Thoothukudi,600,155,445,50,Weekday,No,2024-03-05,low
TR5977,Mysore,Vellore,600,158,442,21,Weekend,No,2024-10-13,low
TR5978,Mysore,Kochi,600,113,487,45,Weekend,No,2025-12-13,low
TR5979,Mysore,Thiruvananthapuram,600,90,510,59,Weekday,No,2024-10-22,low
TR5980,Mysore,Kozhikode,600,137,463,30,Weekday,No,2024-05-29,low
TR5981,Mysore,Thrissur,600,152,448,37,Weekday,No,2025-09-26,low
TR5982,Mysore,Kollam,600,100,500,25,Weekday,No,2025-03-31,low
TR5983,Mysore,Mangalore,600,177,423,4,Weekend,No,2025-02-15,low
TR5984,Mysore,Hubli,600,225,375,2,Weekend,No,2024-11-03,low
TR5985,Mysore,Belgaum,600,209,391,21,Weekend,Yes,2024-03-31,low
TR5986,Mysore,Davangere,600,163,437,49,Weekday,No,2024-10-07,low
TR5987,Mysore,Vadodara,600,90,510,20,Weekday,No,2024-11-15,low
TR5988,Mysore,Rajkot,600,203,397,25,Weekday,No,2025-11-11,low
TR5989,Mysore,Jamnagar,600,176,424,31,Weekday,No,2024-08-12,low
TR5990,Mysore,Bhavnagar,600,189,411,19,Weekday,No,2024-04-19,low
TR5991,Mysore,Gandhinagar,600,262,338,29,Weekday,No,2024-11-08,medium
TR5992,Mysore,Nashik,600,129,471,36,Weekday,No,2025-12-29,low
TR5993,Mysore,Aurangabad,600,90,510,51,Weekday,No,2024-12-18,low
TR5994,Mysore,Kolhapur,600,118,482,45,Weekday,No,2024-10-04,low
TR5995,Mysore,Solapur,600,192,408,49,Weekday,No,2025-05-02,low
TR5996,Mysore,Thane,600,170,430,31,Weekend,No,2025-04-19,low
TR5997,Mysore,Navi Mumbai,600,111,489,41,Weekday,No,2024-08-06,low
TR5998,Mysore,Amravati,600,101,499,8,Weekday,No,2025-12-08,low
TR5999,Mysore,Jodhpur,600,152,448,8,Weekend,Yes,2025-03-09,low
TR6000,Mysore,Udaipur,600,109,491,55,Weekday,No,2024-02-12,low
TR6001,Mysore,Ajmer,600,194,406,36,Weekday,No,2024-10-24,low
TR6002,Mysore,Kota,600,149,451,6,Weekday,No,2025-11-05,low
TR6003,Mysore,Bikaner,600,139,461,24,Weekday,No,2024-10-14,low
TR6004,Mysore,Alwar,600,133,467,58,Weekday,No,2025-02-19,low
TR6005,Mysore,Varanasi,600,182,418,1,Weekend,No,2025-03-23,low
TR6006,Mysore,Prayagraj,600,171,429,26,Weekday,No,2025-05-29,low
TR6007,Mysore,Agra,600,179,421,50,Weekday,No,2025-09-29,low
TR6008,Mysore,Meerut,600,178,422,56,Weekday,No,2024-04-19,low
TR6009,Mysore,Bareilly,600,165,435,22,Weekend,No,2025-01-12,low
TR6010,Mysore,Gorakhpur,600,119,481,54,Weekday,No,2025-01-24,low
TR6011,Mysore,Mathura,600,134,466,42,Weekend,No,2024-04-21,low
TR6012,Mysore,Dehradun,600,150,450,24,Weekday,No,2025-05-07,low
TR6013,Mysore,Haridwar,600,268,332,46,Weekday,No,2024-03-27,medium
TR6014,Mysore,Amritsar,600,104,496,48,Weekday,No,2024-11-29,low
TR6015,Mysore,Ludhiana,600,149,451,16,Weekday,No,2024-08-29,low
TR6016,Mysore,Jalandhar,600,174,426,5,Weekday,Yes,2024-04-23,low
TR6017,Mysore,Patiala,600,154,446,46,Weekend,No,2025-08-24,low
TR6018,Mysore,Chandigarh,600,220,380,4,Weekday,Yes,2024-06-27,low
TR6019,Mysore,Jammu,600,154,446,46,Weekday,No,2024-07-05,low
TR6020,Mysore,Srinagar,600,158,442,21,Weekday,No,2025-09-16,low
TR6021,Mysore,Raipur,600,208,392,42,Weekday,No,2025-10-03,low
TR6022,Mysore,Bilaspur,600,256,344,36,Weekday,No,2024-01-26,medium
TR6023,Mysore,Durg,600,237,363,2,Weekday,No,2024-07-22,low
TR6024,Mysore,Jabalpur,600,162,438,0,Weekday,Yes,2025-06-02,low
TR6025,Mysore,Gwalior,600,167,433,37,Weekday,No,2025-07-22,low
TR6026,Mysore,Ujjain,600,171,429,30,Weekday,No,2025-12-31,low
TR6027,Mysore,Rewa,600,176,424,2,Weekend,No,2025-02-09,low
TR6028,Mysore,Dhanbad,600,128,472,58,Weekend,Yes,2024-01-06,low
TR6029,Mysore,Asansol,600,214,386,14,Weekday,No,2025-09-30,low
TR6030,Mysore,Jamshedpur,600,179,421,51,Weekend,Yes,2024-04-27,low
TR6031,Mysore,Tatanagar,600,167,433,7,Weekday,No,2024-03-29,low
TR6032,Mysore,Gaya,600,108,492,13,Weekday,No,2025-05-07,low
TR6033,Mysore,Muzaffarpur,600,172,428,31,Weekday,No,2025-03-17,low
TR6034,Mysore,Bhagalpur,600,90,510,31,Weekday,No,2024-02-13,low
TR6035,Mysore,Siliguri,600,141,459,36,Weekday,No,2024-05-03,low
TR6036,Mysore,New Jalpaiguri,600,142,458,10,Weekday,No,2025-03-07,low
TR6037,Mysore,Durgapur,600,183,417,15,Weekday,No,2024-07-05,low
TR6038,Mysore,Howrah,600,259,341,15,Weekday,No,2025-05-15,medium
TR6039,Mysore,Malda,600,196,404,26,Weekend,No,2024-10-27,low
TR6040,Mysore,Panaji,600,238,362,55,Weekday,No,2025-03-05,low
TR6041,Mangalore,Delhi,600,200,400,27,Weekday,No,2024-12-13,low
TR6042,Mangalore,New Delhi,600,223,377,59,Weekday,No,2024-09-23,low
TR6043,Mangalore,Mumbai,600,258,342,15,Weekend,No,2024-09-07,medium
TR6044,Mangalore,Chennai,600,134,466,14,Weekend,No,2025-05-24,low
TR6045,Mangalore,Kolkata,600,131,469,6,Weekend,No,2025-01-11,low
TR6046,Mangalore,Bangalore,600,201,399,12,Weekday,No,2025-03-10,low
TR6047,Mangalore,Hyderabad,600,169,431,18,Weekday,Yes,2025-02-26,low
TR6048,Mangalore,Pune,600,180,420,23,Weekday,No,2024-05-31,low
TR6049,Mangalore,Ahmedabad,600,157,443,42,Weekday,No,2025-10-29,low
TR6050,Mangalore,Jaipur,600,140,460,26,Weekend,Yes,2025-02-15,low
TR6051,Mangalore,Surat,600,247,353,41,Weekend,No,2025-06-08,medium
TR6052,Mangalore,Lucknow,600,116,484,5,Weekday,Yes,2025-10-06,low
TR6053,Mangalore,Kanpur,600,202,398,56,Weekday,Yes,2025-11-06,low
TR6054,Mangalore,Nagpur,600,194,406,8,Weekday,No,2025-05-02,low
TR6055,Mangalore,Indore,600,93,507,2,Weekday,No,2025-07-29,low
TR6056,Mangalore,Bhopal,600,129,471,25,Weekday,No,2024-12-10,low
TR6057,Mangalore,Patna,600,137,463,39,Weekday,No,2025-06-23,low
TR6058,Mangalore,Ranchi,600,196,404,14,Weekday,No,2024-08-23,low
TR6059,Mangalore,Bhubaneswar,600,151,449,9,Weekday,No,2025-06-04,low
TR6060,Mangalore,Cuttack,600,165,435,50,Weekend,No,2024-03-03,low
TR6061,Mangalore,Puri,600,99,501,49,Weekday,No,2025-10-30,low
TR6062,Mangalore,Rourkela,600,281,319,45,Weekday,No,2024-06-27,medium
TR6063,Mangalore,Sambalpur,600,172,428,13,Weekday,No,2025-04-24,low
TR6064,Mangalore,Guwahati,600,193,407,32,Weekday,No,2024-01-09,low
TR6065,Mangalore,Dibrugarh,600,143,457,41,Weekday,No,2024-04-23,low
TR6066,Mangalore,Agartala,600,138,462,25,Weekday,No,2025-12-22,low
TR6067,Mangalore,Silchar,600,261,339,10,Weekday,Yes,2025-09-01,medium
TR6068,Mangalore,Visakhapatnam,600,90,510,49,Weekday,No,2024-06-11,low
TR6069,Mangalore,Vijayawada,600,182,418,56,Weekday,No,2024-04-05,low
TR6070,Mangalore,Guntur,600,111,489,9,Weekday,No,2025-08-18,low
TR6071,Mangalore,Tirupati,600,150,450,42,Weekday,No,2025-12-24,low
TR6072,Mangalore,Rajahmundry,600,138,462,53,Weekday,No,2024-05-03,low
TR6073,Mangalore,Warangal,600,122,478,32,Weekday,No,2025-04-30,low
TR6074,Mangalore,Nizamabad,600,171,429,2,Weekday,No,2024-07-26,low
TR6075,Mangalore,Coimbatore,600,90,510,41,Weekend,No,2025-06-28,low
TR6076,Mangalore,Madurai,600,154,446,55,Weekday,No,2024-11-01,low
TR6077,Mangalore,Trichy,600,165,435,15,Weekday,No,2024-04-01,low
TR6078,Mangalore,Salem,600,104,496,8,Weekend,No,2024-08-25,low
TR6079,Mangalore,Erode,600,242,358,15,Weekday,No,2025-01-28,medium
TR6080,Mangalore,Tirunelveli,600,140,460,48,Weekday,No,2025-08-06,low
TR6081,Mangalore,Thoothukudi,600,158,442,33,Weekday,No,2024-01-16,low
TR6082,Mangalore,Vellore,600,141,459,1,Weekday,No,2025-12-01,low
TR6083,Mangalore,Kochi,600,165,435,35,Weekend,No,2025-04-19,low
TR6084,Mangalore,Thiruvananthapuram,600,232,368,48,Weekday,No,2025-10-01,low
TR6085,Mangalore,Kozhikode,600,288,312,11,Weekday,No,2025-11-10,medium
TR6086,Mangalore,Thrissur,600,205,395,35,Weekday,No,2024-04-22,low
TR6087,Mangalore,Kollam,600,221,379,13,Weekend,No,2024-03-09,low
TR6088,Mangalore,Mysore,600,251,349,1,Weekday,No,2025-07-21,medium
TR6089,Mangalore,Hubli,600,181,419,24,Weekday,No,2024-05-17,low
TR6090,Mangalore,Belgaum,600,244,356,46,Weekday,No,2024-04-18,medium
TR6091,Mangalore,Davangere,600,207,393,40,Weekend,No,2024-12-08,low
TR6092,Mangalore,Vadodara,600,176,424,6,Weekday,No,2025-10-29,low
TR6093,Mangalore,Rajkot,600,186,414,11,Weekday,No,2025-08-04,low
TR6094,Mangalore,Jamnagar,600,90,510,32,Weekday,No,2025-01-13,low
TR6095,Mangalore,Bhavnagar,600,183,417,19,Weekday,No,2024-05-23,low
TR6096,Mangalore,Gandhinagar,600,95,505,19,Weekday,No,2024-09-02,low
TR6097,Mangalore,Nashik,600,91,509,26,Weekend,Yes,2025-05-18,low
TR6098,Mangalore,Aurangabad,600,178,422,45,Weekday,No,2024-04-24,low
TR6099,Mangalore,Kolhapur,600,115,485,34,Weekend,Yes,2025-01-18,low
TR6100,Mangalore,Solapur,600,169,431,51,Weekday,Yes,2024-01-09,low
TR6101,Mangalore,Thane,600,176,424,6,Weekend,No,2024-08-25,low
TR6102,Mangalore,Navi Mumbai,600,178,422,27,Weekend,No,2024-06-30,low
TR6103,Mangalore,Amravati,600,126,474,33,Weekday,No,2025-05-12,low
TR6104,Mangalore,Jodhpur,600,212,388,45,Weekday,No,2025-10-30,low
TR6105,Mangalore,Udaipur,600,165,435,30,Weekday,No,2024-04-17,low
TR6106,Mangalore,Ajmer,600,190,410,54,Weekday,No,2025-08-05,low
TR6107,Mangalore,Kota,600,112,488,50,Weekday,No,2025-04-24,low
TR6108,Mangalore,Bikaner,600,160,440,41,Weekday,No,2025-12-09,low
TR6109,Mangalore,Alwar,600,222,378,23,Weekday,No,2025-10-28,low
TR6110,Mangalore,Varanasi,600,216,384,19,Weekday,No,2024-03-14,low
TR6111,Mangalore,Prayagraj,600,131,469,32,Weekday,No,2025-06-27,low
TR6112,Mangalore,Agra,600,143,457,27,Weekend,No,2025-03-08,low
TR6113,Mangalore,Meerut,600,121,479,1,Weekend,No,2024-03-23,low
TR6114,Mangalore,Bareilly,600,137,463,13,Weekend,No,2024-07-06,low
TR6115,Mangalore,Gorakhpur,600,102,498,50,Weekend,No,2025-11-08,low
TR6116,Mangalore,Mathura,600,162,438,27,Weekday,No,2025-01-31,low
TR6117,Mangalore,Dehradun,600,199,401,56,Weekday,No,2024-09-04,low
TR6118,Mangalore,Haridwar,600,131,469,14,Weekday,No,2024-08-22,low
TR6119,Mangalore,Amritsar,600,165,435,58,Weekday,No,2025-09-04,low
TR6120,Mangalore,Ludhiana,600,158,442,48,Weekday,No,2024-07-26,low
TR6121,Mangalore,Jalandhar,600,220,380,21,Weekday,No,2024-04-26,low
TR6122,Mangalore,Patiala,600,140,460,36,Weekend,No,2025-02-23,low
TR6123,Mangalore,Chandigarh,600,141,459,59,Weekday,No,2025-12-26,low
TR6124,Mangalore,Jammu,600,128,472,37,Weekday,No,2024-05-14,low
TR6125,Mangalore,Srinagar,600,114,486,55,Weekday,No,2024-07-05,low
TR6126,Mangalore,Raipur,600,194,406,6,Weekend,No,2024-12-08,low
TR6127,Mangalore,Bilaspur,600,162,438,9,Weekend,No,2024-05-26,low
TR6128,Mangalore,Durg,600,172,428,0,Weekend,No,2025-04-20,low
TR6129,Mangalore,Jabalpur,600,230,370,19,Weekday,No,2024-07-04,low
TR6130,Mangalore,Gwalior,600,233,367,47,Weekday,No,2024-04-03,low
TR6131,Mangalore,Ujjain,600,90,510,57,Weekday,No,2024-07-09,low
TR6132,Mangalore,Rewa,600,200,400,32,Weekday,No,2025-11-11,low
TR6133,Mangalore,Dhanbad,600,180,420,25,Weekday,No,2025-11-14,low
TR6134,Mangalore,Asansol,600,147,453,55,Weekend,Yes,2025-01-04,low
TR6135,Mangalore,Jamshedpur,600,185,415,35,Weekend,No,2024-10-19,low
TR6136,Mangalore,Tatanagar,600,90,510,32,Weekday,No,2025-08-22,low
TR6137,Mangalore,Gaya,600,239,361,5,Weekday,No,2024-05-22,low
TR6138,Mangalore,Muzaffarpur,600,194,406,12,Weekday,No,2025-04-23,low
TR6139,Mangalore,Bhagalpur,600,127,473,41,Weekday,Yes,2025-05-12,low
TR6140,Mangalore,Siliguri,600,141,459,41,Weekday,No,2025-06-03,low
TR6141,Mangalore,New Jalpaiguri,600,90,510,29,Weekend,No,2024-06-08,low
TR6142,Mangalore,Durgapur,600,154,446,42,Weekend,No,2025-06-07,low
TR6143,Mangalore,Howrah,600,146,454,41,Weekend,No,2025-03-23,low
TR6144,Mangalore,Malda,600,105,495,3,Weekday,Yes,2025-10-01,low
TR6145,Mangalore,Panaji,600,206,394,50,Weekday,No,2024-05-07,low
TR6146,Hubli,Delhi,600,230,370,41,Weekday,No,2025-03-24,low
TR6147,Hubli,New Delhi,600,168,432,13,Weekday,No,2025-08-29,low
TR6148,Hubli,Mumbai,600,154,446,12,Weekday,Yes,2024-07-22,low
TR6149,Hubli,Chennai,600,190,410,57,Weekday,Yes,2025-06-27,low
TR6150,Hubli,Kolkata,600,168,432,15,Weekday,No,2024-03-13,low
TR6151,Hubli,Bangalore,600,117,483,1,Weekend,No,2025-06-08,low
TR6152,Hubli,Hyderabad,600,138,462,1,Weekday,No,2025-03-19,low
TR6153,Hubli,Pune,600,155,445,13,Weekday,No,2024-05-20,low
TR6154,Hubli,Ahmedabad,600,181,419,37,Weekend,No,2024-02-18,low
TR6155,Hubli,Jaipur,600,169,431,27,Weekend,No,2025-06-28,low
TR6156,Hubli,Surat,600,179,421,43,Weekday,No,2024-06-25,low
TR6157,Hubli,Lucknow,600,96,504,13,Weekend,No,2024-12-29,low
TR6158,Hubli,Kanpur,600,201,399,13,Weekday,No,2024-02-14,low
TR6159,Hubli,Nagpur,600,169,431,24,Weekday,No,2025-12-05,low
TR6160,Hubli,Indore,600,291,309,47,Weekday,No,2025-02-05,medium
TR6161,Hubli,Bhopal,600,150,450,30,Weekday,No,2025-11-11,low
TR6162,Hubli,Patna,600,184,416,45,Weekend,No,2024-04-27,low
TR6163,Hubli,Ranchi,600,305,295,5,Weekday,No,2024-05-30,medium
TR6164,Hubli,Bhubaneswar,600,178,422,24,Weekend,No,2025-03-22,low
TR6165,Hubli,Cuttack,600,166,434,26,Weekday,No,2025-03-17,low
TR6166,Hubli,Puri,600,122,478,4,Weekday,No,2025-08-01,low
TR6167,Hubli,Rourkela,600,242,358,18,Weekend,No,2025-11-09,medium
TR6168,Hubli,Sambalpur,600,113,487,16,Weekend,Yes,2025-08-23,low
TR6169,Hubli,Guwahati,600,189,411,27,Weekday,No,2024-04-12,low
TR6170,Hubli,Dibrugarh,600,146,454,9,Weekday,No,2024-08-14,low
TR6171,Hubli,Agartala,600,160,440,16,Weekday,No,2025-10-30,low
TR6172,Hubli,Silchar,600,101,499,57,Weekday,No,2025-02-05,low
TR6173,Hubli,Visakhapatnam,600,233,367,8,Weekday,No,2025-09-25,low
TR6174,Hubli,Vijayawada,600,156,444,49,Weekend,No,2025-02-15,low
TR6175,Hubli,Guntur,600,111,489,32,Weekday,No,2024-02-06,low
TR6176,Hubli,Tirupati,600,229,371,4,Weekday,No,2024-12-11,low
TR6177,Hubli,Rajahmundry,600,145,455,24,Weekday,No,2025-08-25,low
TR6178,Hubli,Warangal,600,185,415,30,Weekday,No,2025-04-23,low
TR6179,Hubli,Nizamabad,600,209,391,16,Weekend,No,2024-04-07,low
TR6180,Hubli,Coimbatore,600,192,408,16,Weekend,No,2024-06-02,low
TR6181,Hubli,Madurai,600,90,510,42,Weekday,No,2025-09-16,low
TR6182,Hubli,Trichy,600,202,398,1,Weekday,No,2025-12-16,low
TR6183,Hubli,Salem,600,164,436,55,Weekday,No,2025-07-04,low
TR6184,Hubli,Erode,600,153,447,19,Weekday,No,2024-03-12,low
TR6185,Hubli,Tirunelveli,600,164,436,22,Weekday,No,2025-03-28,low
TR6186,Hubli,Thoothukudi,600,92,508,7,Weekday,No,2025-08-29,low
TR6187,Hubli,Vellore,600,178,422,52,Weekend,No,2025-04-12,low
TR6188,Hubli,Kochi,600,103,497,13,Weekday,No,2025-03-10,low
TR6189,Hubli,Thiruvananthapuram,600,155,445,48,Weekend,No,2024-12-07,low
TR6190,Hubli,Kozhikode,600,176,424,19,Weekday,No,2024-06-27,low
TR6191,Hubli,Thrissur,600,221,379,1,Weekday,No,2024-07-24,low
TR6192,Hubli,Kollam,600,130,470,24,Weekend,No,2025-06-29,low
TR6193,Hubli,Mysore,600,239,361,31,Weekday,No,2024-02-21,low
TR6194,Hubli,Mangalore,600,214,386,28,Weekend,No,2024-03-02,low
TR6195,Hubli,Belgaum,600,148,452,59,Weekday,No,2024-10-16,low
TR6196,Hubli,Davangere,600,116,484,31,Weekend,No,2025-07-20,low
TR6197,Hubli,Vadodara,600,100,500,46,Weekday,No,2025-04-25,low
TR6198,Hubli,Rajkot,600,182,418,22,Weekday,No,2025-03-07,low
TR6199,Hubli,Jamnagar,600,134,466,8,Weekend,Yes,2025-01-25,low
TR6200,Hubli,Bhavnagar,600,227,373,29,Weekday,No,2024-03-21,low
TR6201,Hubli,Gandhinagar,600,136,464,33,Weekday,No,2024-08-30,low
TR6202,Hubli,Nashik,600,126,474,25,Weekday,No,2024-02-28,low
TR6203,Hubli,Aurangabad,600,180,420,45,Weekday,No,2025-07-08,low
TR6204,Hubli,Kolhapur,600,136,464,57,Weekday,No,2025-07-02,low
TR6205,Hubli,Solapur,600,169,431,4,Weekend,No,2024-07-07,low
TR6206,Hubli,Thane,600,216,384,4,Weekday,No,2024-08-02,low
TR6207,Hubli,Navi Mumbai,600,175,425,16,Weekday,No,2024-08-20,low
TR6208,Hubli,Amravati,600,175,425,35,Weekend,No,2025-10-12,low
TR6209,Hubli,Jodhpur,600,179,421,2,Weekday,No,2024-12-23,low
TR6210,Hubli,Udaipur,600,90,510,11,Weekday,No,2025-07-11,low
TR6211,Hubli,Ajmer,600,188,412,24,Weekend,No,2024-11-24,low
TR6212,Hubli,Kota,600,177,423,22,Weekend,No,2025-05-25,low
TR6213,Hubli,Bikaner,600,212,388,50,Weekday,No,2025-01-21,low
TR6214,Hubli,Alwar,600,198,402,32,Weekday,No,2024-07-22,low
TR6215,Hubli,Varanasi,600,159,441,52,Weekday,No,2025-10-02,low
TR6216,Hubli,Prayagraj,600,219,381,45,Weekday,No,2025-06-02,low
TR6217,Hubli,Agra,600,155,445,24,Weekday,No,2025-07-16,low
TR6218,Hubli,Meerut,600,181,419,58,Weekday,No,2025-11-24,low
TR6219,Hubli,Bareilly,600,154,446,50,Weekend,No,2024-06-30,low
TR6220,Hubli,Gorakhpur,600,191,409,29,Weekday,No,2024-03-07,low
TR6221,Hubli,Mathura,600,151,449,51,Weekend,No,2025-03-01,low
TR6222,Hubli,Dehradun,600,248,352,15,Weekday,Yes,2024-08-26,medium
TR6223,Hubli,Haridwar,600,266,334,12,Weekday,Yes,2024-11-14,medium
TR6224,Hubli,Amritsar,600,211,389,47,Weekday,No,2024-06-20,low
TR6225,Hubli,Ludhiana,600,243,357,47,Weekday,No,2024-10-18,medium
TR6226,Hubli,Jalandhar,600,95,505,13,Weekday,No,2024-10-14,low
TR6227,Hubli,Patiala,600,101,499,45,Weekday,No,2024-09-13,low
TR6228,Hubli,Chandigarh,600,154,446,30,Weekday,No,2025-06-26,low
TR6229,Hubli,Jammu,600,171,429,33,Weekend,No,2025-03-09,low
TR6230,Hubli,Srinagar,600,159,441,50,Weekday,No,2024-12-12,low
TR6231,Hubli,Raipur,600,90,510,9,Weekend,No,2024-03-23,low
TR6232,Hubli,Bilaspur,600,224,376,24,Weekday,No,2025-02-21,low
TR6233,Hubli,Durg,600,272,328,17,Weekday,No,2024-05-07,medium
TR6234,Hubli,Jabalpur,600,230,370,33,Weekend,Yes,2024-08-17,low
TR6235,Hubli,Gwalior,600,221,379,9,Weekday,No,2024-10-30,low
TR6236,Hubli,Ujjain,600,180,420,7,Weekend,Yes,2024-04-13,low
TR6237,Hubli,Rewa,600,128,472,41,Weekday,No,2024-10-11,low
TR6238,Hubli,Dhanbad,600,172,428,3,Weekend,No,2024-07-14,low
TR6239,Hubli,Asansol,600,270,330,25,Weekend,Yes,2025-09-13,medium
TR6240,Hubli,Jamshedpur,600,152,448,59,Weekend,No,2025-09-20,low
TR6241,Hubli,Tatanagar,600,147,453,59,Weekday,No,2024-01-04,low
TR6242,Hubli,Gaya,600,222,378,10,Weekend,No,2025-03-16,low
TR6243,Hubli,Muzaffarpur,600,225,375,55,Weekend,No,2025-04-13,low
TR6244,Hubli,Bhagalpur,600,128,472,20,Weekday,No,2024-10-03,low
TR6245,Hubli,Siliguri,600,156,444,11,Weekend,No,2024-12-08,low
TR6246,Hubli,New Jalpaiguri,600,145,455,30,Weekday,No,2025-07-31,low
TR6247,Hubli,Durgapur,600,172,428,29,Weekday,No,2024-10-03,low
TR6248,Hubli,Howrah,600,222,378,22,Weekend,No,2024-02-17,low
TR6249,Hubli,Malda,600,130,470,25,Weekend,No,2024-09-29,low
TR6250,Hubli,Panaji,600,221,379,5,Weekday,No,2024-07-04,low
TR6251,Belgaum,Delhi,600,174,426,15,Weekend,No,2024-10-06,low
TR6252,Belgaum,New Delhi,600,281,319,11,Weekday,No,2024-06-17,medium
TR6253,Belgaum,Mumbai,600,184,416,55,Weekday,No,2024-04-19,low
TR6254,Belgaum,Chennai,600,164,436,29,Weekend,No,2025-12-21,low
TR6255,Belgaum,Kolkata,600,197,403,32,Weekday,No,2024-04-04,low
TR6256,Belgaum,Bangalore,600,153,447,26,Weekend,No,2025-05-31,low
TR6257,Belgaum,Hyderabad,600,90,510,53,Weekend,No,2025-06-08,low
TR6258,Belgaum,Pune,600,157,443,47,Weekday,No,2025-03-27,low
TR6259,Belgaum,Ahmedabad,600,157,443,41,Weekday,No,2025-10-28,low
TR6260,Belgaum,Jaipur,600,93,507,18,Weekday,No,2024-01-04,low
TR6261,Belgaum,Surat,600,165,435,18,Weekday,No,2024-08-08,low
TR6262,Belgaum,Lucknow,600,90,510,56,Weekday,No,2024-05-14,low
TR6263,Belgaum,Kanpur,600,152,448,55,Weekday,No,2025-02-25,low
TR6264,Belgaum,Nagpur,600,181,419,16,Weekday,No,2025-04-09,low
TR6265,Belgaum,Indore,600,174,426,20,Weekend,Yes,2025-10-18,low
TR6266,Belgaum,Bhopal,600,149,451,19,Weekday,Yes,2024-10-04,low
TR6267,Belgaum,Patna,600,165,435,47,Weekday,No,2024-06-21,low
TR6268,Belgaum,Ranchi,600,131,469,56,Weekday,No,2025-11-06,low
TR6269,Belgaum,Bhubaneswar,600,169,431,53,Weekday,No,2025-05-06,low
TR6270,Belgaum,Cuttack,600,172,428,50,Weekend,No,2025-07-13,low
TR6271,Belgaum,Puri,600,126,474,20,Weekday,Yes,2024-11-21,low
TR6272,Belgaum,Rourkela,600,182,418,19,Weekend,No,2024-11-23,low
TR6273,Belgaum,Sambalpur,600,181,419,53,Weekday,No,2024-10-11,low
TR6274,Belgaum,Guwahati,600,161,439,23,Weekday,No,2025-07-01,low
TR6275,Belgaum,Dibrugarh,600,285,315,12,Weekend,No,2024-06-02,medium
TR6276,Belgaum,Agartala,600,162,438,50,Weekend,No,2025-12-14,low
TR6277,Belgaum,Silchar,600,156,444,28,Weekday,No,2024-05-08,low
TR6278,Belgaum,Visakhapatnam,600,149,451,5,Weekday,No,2024-12-02,low
TR6279,Belgaum,Vijayawada,600,122,478,53,Weekend,No,2024-08-17,low
TR6280,Belgaum,Guntur,600,202,398,17,Weekday,No,2025-04-14,low
TR6281,Belgaum,Tirupati,600,136,464,18,Weekday,No,2025-05-12,low
TR6282,Belgaum,Rajahmundry,600,142,458,31,Weekend,No,2025-11-02,low
TR6283,Belgaum,Warangal,600,143,457,16,Weekday,No,2025-07-30,low
TR6284,Belgaum,Nizamabad,600,122,478,49,Weekend,No,2024-06-30,low
TR6285,Belgaum,Coimbatore,600,90,510,41,Weekday,No,2024-05-31,low
TR6286,Belgaum,Madurai,600,147,453,33,Weekday,No,2025-10-10,low
TR6287,Belgaum,Trichy,600,211,389,12,Weekend,Yes,2024-12-22,low
TR6288,Belgaum,Salem,600,178,422,29,Weekday,No,2024-03-12,low
TR6289,Belgaum,Erode,600,244,356,16,Weekday,No,2025-08-26,medium
TR6290,Belgaum,Tirunelveli,600,205,395,57,Weekend,Yes,2025-04-19,low
TR6291,Belgaum,Thoothukudi,600,194,406,47,Weekday,No,2024-01-19,low
TR6292,Belgaum,Vellore,600,259,341,6,Weekend,No,2025-07-26,medium
TR6293,Belgaum,Kochi,600,164,436,31,Weekday,No,2025-03-19,low
TR6294,Belgaum,Thiruvananthapuram,600,172,428,46,Weekday,No,2025-03-25,low
TR6295,Belgaum,Kozhikode,600,168,432,31,Weekday,No,2025-09-24,low
TR6296,Belgaum,Thrissur,600,243,357,7,Weekend,Yes,2024-12-28,medium
TR6297,Belgaum,Kollam,600,169,431,8,Weekday,No,2024-12-03,low
TR6298,Belgaum,Mysore,600,138,462,43,Weekday,No,2025-03-27,low
TR6299,Belgaum,Mangalore,600,197,403,31,Weekday,No,2024-05-24,low
TR6300,Belgaum,Hubli,600,130,470,32,Weekend,No,2024-04-20,low
TR6301,Belgaum,Davangere,600,195,405,16,Weekday,No,2025-09-08,low
TR6302,Belgaum,Vadodara,600,189,411,15,Weekday,No,2024-06-06,low
TR6303,Belgaum,Rajkot,600,160,440,24,Weekday,No,2025-01-03,low
TR6304,Belgaum,Jamnagar,600,196,404,32,Weekday,Yes,2024-07-16,low
TR6305,Belgaum,Bhavnagar,600,98,502,28,Weekday,Yes,2024-06-17,low
TR6306,Belgaum,Gandhinagar,600,177,423,52,Weekday,No,2025-03-12,low
TR6307,Belgaum,Nashik,600,147,453,11,Weekend,No,2025-08-09,low
TR6308,Belgaum,Aurangabad,600,306,294,28,Weekday,No,2024-11-19,medium
TR6309,Belgaum,Kolhapur,600,176,424,14,Weekday,No,2024-04-11,low
TR6310,Belgaum,Solapur,600,140,460,0,Weekday,No,2024-06-27,low
TR6311,Belgaum,Thane,600,103,497,24,Weekday,No,2024-04-30,low
TR6312,Belgaum,Navi Mumbai,600,232,368,3,Weekday,No,2025-10-07,low
TR6313,Belgaum,Amravati,600,152,448,22,Weekday,No,2024-08-21,low
TR6314,Belgaum,Jodhpur,600,131,469,37,Weekday,No,2024-09-30,low
TR6315,Belgaum,Udaipur,600,185,415,22,Weekday,No,2024-02-21,low
TR6316,Belgaum,Ajmer,600,200,400,40,Weekday,No,2024-11-22,low
TR6317,Belgaum,Kota,600,199,401,17,Weekday,No,2025-10-30,low
TR6318,Belgaum,Bikaner,600,170,430,24,Weekend,No,2024-10-26,low
TR6319,Belgaum,Alwar,600,177,423,52,Weekday,No,2025-04-21,low
TR6320,Belgaum,Varanasi,600,180,420,14,Weekday,No,2024-05-13,low
TR6321,Belgaum,Prayagraj,600,185,415,30,Weekend,No,2024-04-14,low
TR6322,Belgaum,Agra,600,189,411,42,Weekday,No,2025-06-18,low
TR6323,Belgaum,Meerut,600,221,379,21,Weekend,No,2024-02-18,low
TR6324,Belgaum,Bareilly,600,172,428,18,Weekend,No,2024-11-23,low
TR6325,Belgaum,Gorakhpur,600,130,470,41,Weekday,No,2024-08-19,low
TR6326,Belgaum,Mathura,600,162,438,4,Weekday,No,2024-01-12,low
TR6327,Belgaum,Dehradun,600,205,395,15,Weekday,No,2025-01-23,low
TR6328,Belgaum,Haridwar,600,90,510,24,Weekday,No,2025-12-05,low
TR6329,Belgaum,Amritsar,600,90,510,13,Weekday,No,2024-02-20,low
TR6330,Belgaum,Ludhiana,600,213,387,32,Weekday,No,2025-08-19,low
TR6331,Belgaum,Jalandhar,600,242,358,37,Weekday,No,2025-01-29,medium
TR6332,Belgaum,Patiala,600,108,492,57,Weekday,No,2025-06-12,low
TR6333,Belgaum,Chandigarh,600,174,426,36,Weekday,No,2024-03-11,low
TR6334,Belgaum,Jammu,600,150,450,35,Weekend,No,2025-09-27,low
TR6335,Belgaum,Srinagar,600,156,444,43,Weekday,No,2024-01-09,low
TR6336,Belgaum,Raipur,600,184,416,12,Weekday,No,2025-10-24,low
TR6337,Belgaum,Bilaspur,600,107,493,28,Weekday,No,2025-04-25,low
TR6338,Belgaum,Durg,600,116,484,49,Weekday,No,2024-09-03,low
TR6339,Belgaum,Jabalpur,600,154,446,10,Weekend,Yes,2024-01-06,low
TR6340,Belgaum,Gwalior,600,162,438,17,Weekend,No,2025-03-22,low
TR6341,Belgaum,Ujjain,600,115,485,13,Weekday,No,2024-03-04,low
TR6342,Belgaum,Rewa,600,207,393,57,Weekday,No,2025-03-21,low
TR6343,Belgaum,Dhanbad,600,149,451,21,Weekend,Yes,2025-07-19,low
TR6344,Belgaum,Asansol,600,149,451,19,Weekend,No,2024-07-14,low
TR6345,Belgaum,Jamshedpur,600,183,417,48,Weekend,No,2024-06-23,low
TR6346,Belgaum,Tatanagar,600,163,437,54,Weekday,No,2024-06-11,low
TR6347,Belgaum,Gaya,600,209,391,0,Weekday,No,2024-06-13,low
TR6348,Belgaum,Muzaffarpur,600,124,476,52,Weekend,No,2024-03-24,low
TR6349,Belgaum,Bhagalpur,600,102,498,42,Weekday,No,2024-07-01,low
TR6350,Belgaum,Siliguri,600,154,446,51,Weekend,No,2025-04-26,low
TR6351,Belgaum,New Jalpaiguri,600,172,428,5,Weekday,No,2024-08-09,low
TR6352,Belgaum,Durgapur,600,109,491,2,Weekday,No,2025-07-24,low
TR6353,Belgaum,Howrah,600,102,498,20,Weekday,No,2025-08-21,low
TR6354,Belgaum,Malda,600,178,422,50,Weekday,No,2025-07-10,low
TR6355,Belgaum,Panaji,600,133,467,29,Weekday,No,2025-01-29,low
TR6356,Davangere,Delhi,600,99,501,43,Weekday,No,2024-08-19,low
TR6357,Davangere,New Delhi,600,215,385,14,Weekday,No,2025-11-10,low
TR6358,Davangere,Mumbai,600,139,461,20,Weekday,No,2024-05-30,low
TR6359,Davangere,Chennai,600,224,376,52,Weekday,No,2024-12-05,low
TR6360,Davangere,Kolkata,600,170,430,29,Weekday,Yes,2024-11-27,low
TR6361,Davangere,Bangalore,600,183,417,46,Weekend,No,2025-06-29,low
TR6362,Davangere,Hyderabad,600,159,441,38,Weekday,No,2025-02-03,low
TR6363,Davangere,Pune,600,90,510,10,Weekday,No,2025-08-07,low
TR6364,Davangere,Ahmedabad,600,114,486,56,Weekend,No,2025-11-02,low
TR6365,Davangere,Jaipur,600,163,437,56,Weekend,No,2024-10-12,low
TR6366,Davangere,Surat,600,186,414,46,Weekday,No,2025-10-01,low
TR6367,Davangere,Lucknow,600,90,510,28,Weekend,No,2024-05-04,low
TR6368,Davangere,Kanpur,600,166,434,25,Weekday,No,2025-10-31,low
TR6369,Davangere,Nagpur,600,115,485,17,Weekday,No,2024-05-10,low
TR6370,Davangere,Indore,600,180,420,38,Weekend,No,2025-09-13,low
TR6371,Davangere,Bhopal,600,168,432,18,Weekend,Yes,2024-10-12,low
TR6372,Davangere,Patna,600,205,395,11,Weekend,No,2025-12-06,low
TR6373,Davangere,Ranchi,600,220,380,3,Weekday,No,2024-04-04,low
TR6374,Davangere,Bhubaneswar,600,191,409,25,Weekday,No,2024-12-06,low
TR6375,Davangere,Cuttack,600,210,390,48,Weekday,No,2025-10-21,low
TR6376,Davangere,Puri,600,152,448,47,Weekend,No,2024-02-04,low
TR6377,Davangere,Rourkela,600,304,296,50,Weekday,No,2024-07-12,medium
TR6378,Davangere,Sambalpur,600,110,490,36,Weekend,No,2024-03-02,low
TR6379,Davangere,Guwahati,600,144,456,52,Weekday,Yes,2024-08-22,low
TR6380,Davangere,Dibrugarh,600,212,388,46,Weekend,Yes,2024-10-12,low
TR6381,Davangere,Agartala,600,205,395,48,Weekday,No,2025-03-28,low
TR6382,Davangere,Silchar,600,192,408,30,Weekend,No,2024-07-07,low
TR6383,Davangere,Visakhapatnam,600,201,399,5,Weekday,No,2024-04-25,low
TR6384,Davangere,Vijayawada,600,90,510,22,Weekend,No,2024-05-04,low
TR6385,Davangere,Guntur,600,245,355,50,Weekend,No,2025-11-16,medium
TR6386,Davangere,Tirupati,600,159,441,44,Weekday,No,2025-11-27,low
TR6387,Davangere,Rajahmundry,600,229,371,0,Weekday,No,2024-06-10,low
TR6388,Davangere,Warangal,600,90,510,5,Weekday,Yes,2024-05-22,low
TR6389,Davangere,Nizamabad,600,181,419,39,Weekday,No,2024-02-09,low
TR6390,Davangere,Coimbatore,600,142,458,58,Weekday,No,2025-12-02,low
TR6391,Davangere,Madurai,600,196,404,43,Weekend,Yes,2025-05-31,low
TR6392,Davangere,Trichy,600,184,416,56,Weekday,No,2025-07-10,low
TR6393,Davangere,Salem,600,187,413,3,Weekday,No,2024-07-31,low
TR6394,Davangere,Erode,600,118,482,52,Weekend,Yes,2025-04-13,low
TR6395,Davangere,Tirunelveli,600,166,434,7,Weekday,No,2024-02-13,low
TR6396,Davangere,Thoothukudi,600,160,440,53,Weekday,No,2025-05-09,low
TR6397,Davangere,Vellore,600,193,407,58,Weekday,No,2025-02-27,low
TR6398,Davangere,Kochi,600,216,384,30,Weekday,No,2024-08-30,low
TR6399,Davangere,Thiruvananthapuram,600,176,424,31,Weekday,No,2025-06-03,low
TR6400,Davangere,Kozhikode,600,108,492,29,Weekday,No,2025-04-17,low
TR6401,Davangere,Thrissur,600,174,426,33,Weekend,No,2024-11-16,low
TR6402,Davangere,Kollam,600,294,306,49,Weekday,No,2024-05-16,medium
TR6403,Davangere,Mysore,600,248,352,16,Weekday,No,2024-01-18,medium
TR6404,Davangere,Mangalore,600,90,510,16,Weekend,No,2025-11-16,low
TR6405,Davangere,Hubli,600,172,428,58,Weekday,No,2024-07-24,low
TR6406,Davangere,Belgaum,600,214,386,50,Weekday,Yes,2024-08-08,low
TR6407,Davangere,Vadodara,600,160,440,32,Weekday,No,2025-05-12,low
TR6408,Davangere,Rajkot,600,147,453,12,Weekday,No,2024-07-05,low
TR6409,Davangere,Jamnagar,600,156,444,57,Weekday,No,2024-10-01,low
TR6410,Davangere,Bhavnagar,600,195,405,52,Weekday,No,2025-06-03,low
TR6411,Davangere,Gandhinagar,600,114,486,19,Weekday,No,2025-03-11,low
TR6412,Davangere,Nashik,600,226,374,32,Weekday,No,2025-04-24,low
TR6413,Davangere,Aurangabad,600,166,434,25,Weekday,No,2024-01-04,low
TR6414,Davangere,Kolhapur,600,124,476,50,Weekday,No,2024-11-25,low
TR6415,Davangere,Solapur,600,223,377,41,Weekday,No,2024-12-13,low
TR6416,Davangere,Thane,600,95,505,29,Weekday,No,2025-04-07,low
TR6417,Davangere,Navi Mumbai,600,142,458,58,Weekend,No,2024-04-20,low
TR6418,Davangere,Amravati,600,142,458,36,Weekday,No,2024-04-26,low
TR6419,Davangere,Jodhpur,600,272,328,29,Weekday,No,2025-07-11,medium
TR6420,Davangere,Udaipur,600,136,464,55,Weekday,No,2025-05-07,low
TR6421,Davangere,Ajmer,600,90,510,26,Weekday,No,2025-08-15,low
TR6422,Davangere,Kota,600,141,459,25,Weekday,No,2024-07-16,low
TR6423,Davangere,Bikaner,600,191,409,23,Weekday,No,2025-12-30,low
TR6424,Davangere,Alwar,600,207,393,13,Weekday,No,2024-07-18,low
TR6425,Davangere,Varanasi,600,278,322,16,Weekend,No,2025-04-20,medium
TR6426,Davangere,Prayagraj,600,236,364,5,Weekend,No,2024-04-28,low
TR6427,Davangere,Agra,600,178,422,43,Weekend,No,2025-11-02,low
TR6428,Davangere,Meerut,600,126,474,35,Weekday,No,2024-08-30,low
TR6429,Davangere,Bareilly,600,247,353,55,Weekend,No,2025-08-09,medium
TR6430,Davangere,Gorakhpur,600,151,449,36,Weekday,No,2024-08-30,low
TR6431,Davangere,Mathura,600,137,463,4,Weekday,No,2025-08-01,low
TR6432,Davangere,Dehradun,600,149,451,37,Weekday,No,2024-11-28,low
TR6433,Davangere,Haridwar,600,109,491,10,Weekday,No,2024-02-15,low
TR6434,Davangere,Amritsar,600,147,453,2,Weekend,No,2024-05-19,low
TR6435,Davangere,Ludhiana,600,158,442,39,Weekday,No,2025-05-14,low
TR6436,Davangere,Jalandhar,600,204,396,1,Weekday,No,2024-05-21,low
TR6437,Davangere,Patiala,600,150,450,24,Weekend,No,2024-07-20,low
TR6438,Davangere,Chandigarh,600,108,492,53,Weekday,No,2025-01-31,low
TR6439,Davangere,Jammu,600,92,508,15,Weekday,No,2024-07-03,low
TR6440,Davangere,Srinagar,600,179,421,41,Weekday,No,2024-04-04,low
TR6441,Davangere,Raipur,600,172,428,22,Weekday,No,2025-04-01,low
TR6442,Davangere,Bilaspur,600,142,458,6,Weekend,No,2025-05-18,low
TR6443,Davangere,Durg,600,147,453,11,Weekday,No,2025-06-19,low
TR6444,Davangere,Jabalpur,600,188,412,4,Weekday,Yes,2025-11-21,low
TR6445,Davangere,Gwalior,600,236,364,9,Weekday,No,2024-04-01,low
TR6446,Davangere,Ujjain,600,132,468,9,Weekday,No,2024-11-07,low
TR6447,Davangere,Rewa,600,173,427,52,Weekday,No,2024-06-20,low
TR6448,Davangere,Dhanbad,600,215,385,48,Weekday,No,2025-10-20,low
TR6449,Davangere,Asansol,600,132,468,21,Weekday,No,2025-01-29,low
TR6450,Davangere,Jamshedpur,600,168,432,43,Weekday,No,2024-03-12,low
TR6451,Davangere,Tatanagar,600,167,433,12,Weekday,No,2025-05-20,low
TR6452,Davangere,Gaya,600,106,494,38,Weekday,No,2024-02-01,low
TR6453,Davangere,Muzaffarpur,600,177,423,12,Weekday,No,2024-07-19,low
TR6454,Davangere,Bhagalpur,600,170,430,38,Weekday,No,2025-06-11,low
TR6455,Davangere,Siliguri,600,196,404,21,Weekend,No,2025-01-04,low
TR6456,Davangere,New Jalpaiguri,600,112,488,51,Weekday,No,2025-07-10,low
TR6457,Davangere,Durgapur,600,169,431,50,Weekday,No,2025-02-21,low
TR6458,Davangere,Howrah,600,235,365,20,Weekday,No,2025-09-08,low
TR6459,Davangere,Malda,600,269,331,2,Weekend,Yes,2025-02-15,medium
TR6460,Davangere,Panaji,600,230,370,19,Weekend,No,2024-02-11,low
TR6461,Vadodara,Delhi,600,112,488,16,Weekday,No,2024-02-22,low
TR6462,Vadodara,New Delhi,600,191,409,25,Weekday,No,2025-07-21,low
TR6463,Vadodara,Mumbai,600,146,454,34,Weekday,No,2024-01-29,low
TR6464,Vadodara,Chennai,600,183,417,59,Weekday,No,2024-10-02,low
TR6465,Vadodara,Kolkata,600,132,468,3,Weekday,No,2024-01-12,low
TR6466,Vadodara,Bangalore,600,90,510,33,Weekday,No,2024-08-09,low
TR6467,Vadodara,Hyderabad,600,152,448,10,Weekday,No,2025-03-11,low
TR6468,Vadodara,Pune,600,204,396,32,Weekday,No,2024-05-06,low
TR6469,Vadodara,Ahmedabad,600,183,417,38,Weekday,No,2024-12-06,low
TR6470,Vadodara,Jaipur,600,188,412,48,Weekday,No,2025-12-29,low
TR6471,Vadodara,Surat,600,179,421,33,Weekday,No,2024-02-21,low
TR6472,Vadodara,Lucknow,600,188,412,10,Weekday,No,2024-02-16,low
TR6473,Vadodara,Kanpur,600,194,406,54,Weekday,No,2024-07-17,low
TR6474,Vadodara,Nagpur,600,156,444,24,Weekday,No,2025-08-27,low
TR6475,Vadodara,Indore,600,173,427,28,Weekday,No,2024-10-23,low
TR6476,Vadodara,Bhopal,600,253,347,38,Weekend,No,2025-04-12,medium
TR6477,Vadodara,Patna,600,176,424,15,Weekday,No,2024-01-25,low
TR6478,Vadodara,Ranchi,600,171,429,59,Weekend,No,2025-06-21,low
TR6479,Vadodara,Bhubaneswar,600,174,426,2,Weekday,No,2024-02-19,low
TR6480,Vadodara,Cuttack,600,158,442,9,Weekday,No,2025-06-04,low
TR6481,Vadodara,Puri,600,148,452,59,Weekday,No,2024-04-18,low
TR6482,Vadodara,Rourkela,600,179,421,27,Weekday,No,2025-09-19,low
TR6483,Vadodara,Sambalpur,600,145,455,53,Weekend,No,2024-08-04,low
TR6484,Vadodara,Guwahati,600,162,438,54,Weekday,No,2024-05-14,low
TR6485,Vadodara,Dibrugarh,600,131,469,59,Weekday,No,2024-09-03,low
TR6486,Vadodara,Agartala,600,174,426,43,Weekday,No,2024-01-01,low
TR6487,Vadodara,Silchar,600,197,403,40,Weekday,Yes,2024-04-30,low
TR6488,Vadodara,Visakhapatnam,600,159,441,36,Weekday,No,2025-03-13,low
TR6489,Vadodara,Vijayawada,600,90,510,40,Weekday,No,2024-08-07,low
TR6490,Vadodara,Guntur,600,197,403,15,Weekend,No,2024-09-15,low
TR6491,Vadodara,Tirupati,600,175,425,48,Weekday,No,2025-08-13,low
TR6492,Vadodara,Rajahmundry,600,121,479,11,Weekend,No,2024-03-31,low
TR6493,Vadodara,Warangal,600,206,394,28,Weekday,No,2024-10-16,low
TR6494,Vadodara,Nizamabad,600,102,498,22,Weekday,No,2024-05-16,low
TR6495,Vadodara,Coimbatore,600,219,381,45,Weekday,No,2024-12-18,low
TR6496,Vadodara,Madurai,600,166,434,15,Weekday,No,2024-08-30,low
TR6497,Vadodara,Trichy,600,90,510,12,Weekend,No,2024-02-03,low
TR6498,Vadodara,Salem,600,178,422,48,Weekday,No,2024-02-21,low
TR6499,Vadodara,Erode,600,149,451,29,Weekday,No,2025-09-15,low
TR6500,Vadodara,Tirunelveli,600,142,458,43,Weekend,No,2024-02-11,low
TR6501,Vadodara,Thoothukudi,600,134,466,52,Weekend,No,2025-07-26,low
TR6502,Vadodara,Vellore,600,163,437,50,Weekday,No,2025-10-31,low
TR6503,Vadodara,Kochi,600,146,454,23,Weekday,No,2024-12-06,low
TR6504,Vadodara,Thiruvananthapuram,600,90,510,10,Weekday,No,2024-08-16,low
TR6505,Vadodara,Kozhikode,600,230,370,57,Weekday,No,2025-07-21,low
TR6506,Vadodara,Thrissur,600,157,443,18,Weekday,No,2025-12-19,low
TR6507,Vadodara,Kollam,600,134,466,46,Weekday,No,2024-03-29,low
TR6508,Vadodara,Mysore,600,115,485,46,Weekday,No,2025-12-05,low
TR6509,Vadodara,Mangalore,600,206,394,26,Weekday,No,2025-11-20,low
TR6510,Vadodara,Hubli,600,107,493,9,Weekend,No,2024-04-14,low
TR6511,Vadodara,Belgaum,600,175,425,28,Weekend,No,2024-02-10,low
TR6512,Vadodara,Davangere,600,141,459,8,Weekday,No,2025-06-06,low
TR6513,Vadodara,Rajkot,600,144,456,21,Weekday,No,2024-02-26,low
TR6514,Vadodara,Jamnagar,600,116,484,22,Weekend,No,2025-03-15,low
TR6515,Vadodara,Bhavnagar,600,139,461,31,Weekend,No,2024-02-17,low
TR6516,Vadodara,Gandhinagar,600,169,431,11,Weekday,No,2025-05-19,low
TR6517,Vadodara,Nashik,600,180,420,50,Weekday,Yes,2024-06-18,low
TR6518,Vadodara,Aurangabad,600,131,469,4,Weekday,No,2024-03-11,low
TR6519,Vadodara,Kolhapur,600,165,435,59,Weekend,Yes,2024-02-18,low
TR6520,Vadodara,Solapur,600,212,388,18,Weekday,No,2024-05-17,low
TR6521,Vadodara,Thane,600,90,510,29,Weekday,No,2025-01-30,low
TR6522,Vadodara,Navi Mumbai,600,169,431,52,Weekday,No,2024-02-26,low
TR6523,Vadodara,Amravati,600,123,477,39,Weekend,No,2025-08-09,low
TR6524,Vadodara,Jodhpur,600,118,482,3,Weekday,No,2025-03-17,low
TR6525,Vadodara,Udaipur,600,181,419,36,Weekday,No,2024-08-05,low
TR6526,Vadodara,Ajmer,600,143,457,33,Weekday,No,2025-12-22,low
TR6527,Vadodara,Kota,600,111,489,55,Weekend,No,2025-04-26,low
TR6528,Vadodara,Bikaner,600,233,367,33,Weekday,No,2025-05-06,low
TR6529,Vadodara,Alwar,600,213,387,59,Weekday,No,2024-05-07,low
TR6530,Vadodara,Varanasi,600,90,510,31,Weekday,No,2025-06-03,low
TR6531,Vadodara,Prayagraj,600,98,502,11,Weekday,No,2025-02-12,low
TR6532,Vadodara,Agra,600,197,403,30,Weekend,No,2025-12-20,low
TR6533,Vadodara,Meerut,600,155,445,55,Weekend,No,2024-12-15,low
TR6534,Vadodara,Bareilly,600,241,359,1,Weekend,No,2025-05-10,medium
TR6535,Vadodara,Gorakhpur,600,199,401,23,Weekday,No,2024-09-06,low
TR6536,Vadodara,Mathura,600,183,417,2,Weekday,No,2024-01-30,low
TR6537,Vadodara,Dehradun,600,120,480,50,Weekday,No,2024-04-03,low
TR6538,Vadodara,Haridwar,600,193,407,30,Weekday,Yes,2025-09-25,low
TR6539,Vadodara,Amritsar,600,108,492,42,Weekday,No,2025-06-23,low
TR6540,Vadodara,Ludhiana,600,232,368,58,Weekday,No,2024-09-23,low
TR6541,Vadodara,Jalandhar,600,189,411,49,Weekend,Yes,2025-05-25,low
TR6542,Vadodara,Patiala,600,129,471,24,Weekday,No,2024-01-04,low
TR6543,Vadodara,Chandigarh,600,208,392,56,Weekend,No,2024-01-28,low
TR6544,Vadodara,Jammu,600,277,323,28,Weekend,No,2025-01-05,medium
TR6545,Vadodara,Srinagar,600,159,441,58,Weekday,No,2025-04-01,low
TR6546,Vadodara,Raipur,600,195,405,58,Weekend,No,2025-11-15,low
TR6547,Vadodara,Bilaspur,600,148,452,13,Weekday,No,2025-07-09,low
TR6548,Vadodara,Durg,600,173,427,46,Weekend,No,2024-07-07,low
TR6549,Vadodara,Jabalpur,600,97,503,41,Weekday,No,2025-08-18,low
TR6550,Vadodara,Gwalior,600,169,431,46,Weekday,No,2024-12-25,low
TR6551,Vadodara,Ujjain,600,171,429,10,Weekday,No,2025-08-26,low
TR6552,Vadodara,Rewa,600,255,345,30,Weekday,No,2024-05-07,medium
TR6553,Vadodara,Dhanbad,600,90,510,9,Weekend,No,2024-01-20,low
TR6554,Vadodara,Asansol,600,155,445,53,Weekday,No,2024-02-12,low
TR6555,Vadodara,Jamshedpur,600,231,369,52,Weekday,No,2025-12-25,low
TR6556,Vadodara,Tatanagar,600,157,443,34,Weekday,No,2024-02-28,low
TR6557,Vadodara,Gaya,600,161,439,7,Weekday,No,2025-11-17,low
TR6558,Vadodara,Muzaffarpur,600,129,471,39,Weekend,No,2025-06-15,low
TR6559,Vadodara,Bhagalpur,600,124,476,26,Weekday,No,2024-04-16,low
TR6560,Vadodara,Siliguri,600,90,510,47,Weekday,No,2025-09-23,low
TR6561,Vadodara,New Jalpaiguri,600,139,461,5,Weekday,No,2024-04-15,low
TR6562,Vadodara,Durgapur,600,121,479,24,Weekend,No,2024-04-14,low
TR6563,Vadodara,Howrah,600,175,425,21,Weekday,No,2025-02-24,low
TR6564,Vadodara,Malda,600,131,469,57,Weekday,No,2024-07-29,low
TR6565,Vadodara,Panaji,600,146,454,17,Weekday,No,2024-07-31,low
TR6566,Rajkot,Delhi,600,147,453,59,Weekday,No,2024-05-22,low
TR6567,Rajkot,New Delhi,600,167,433,55,Weekday,No,2025-03-20,low
TR6568,Rajkot,Mumbai,600,144,456,35,Weekend,No,2024-01-20,low
TR6569,Rajkot,Chennai,600,118,482,10,Weekday,No,2024-06-28,low
TR6570,Rajkot,Kolkata,600,173,427,13,Weekend,No,2025-02-08,low
TR6571,Rajkot,Bangalore,600,220,380,1,Weekend,No,2024-12-21,low
TR6572,Rajkot,Hyderabad,600,175,425,46,Weekday,No,2025-05-26,low
TR6573,Rajkot,Pune,600,140,460,43,Weekday,No,2024-06-07,low
TR6574,Rajkot,Ahmedabad,600,163,437,19,Weekday,No,2025-04-18,low
TR6575,Rajkot,Jaipur,600,90,510,43,Weekday,No,2025-07-09,low
TR6576,Rajkot,Surat,600,162,438,34,Weekday,No,2024-10-10,low
TR6577,Rajkot,Lucknow,600,150,450,48,Weekend,Yes,2024-07-06,low
TR6578,Rajkot,Kanpur,600,124,476,5,Weekend,No,2025-02-09,low
TR6579,Rajkot,Nagpur,600,133,467,11,Weekday,No,2025-02-27,low
TR6580,Rajkot,Indore,600,149,451,48,Weekend,No,2024-03-09,low
TR6581,Rajkot,Bhopal,600,217,383,22,Weekday,No,2025-02-17,low
TR6582,Rajkot,Patna,600,221,379,57,Weekday,No,2024-04-22,low
TR6583,Rajkot,Ranchi,600,124,476,52,Weekday,No,2025-02-19,low
TR6584,Rajkot,Bhubaneswar,600,144,456,5,Weekday,No,2025-11-12,low
TR6585,Rajkot,Cuttack,600,145,455,24,Weekday,No,2025-01-27,low
TR6586,Rajkot,Puri,600,208,392,43,Weekday,No,2025-07-10,low
TR6587,Rajkot,Rourkela,600,176,424,8,Weekday,No,2024-08-14,low
TR6588,Rajkot,Sambalpur,600,173,427,51,Weekday,No,2025-11-05,low
TR6589,Rajkot,Guwahati,600,195,405,5,Weekend,No,2025-08-17,low
TR6590,Rajkot,Dibrugarh,600,140,460,6,Weekend,No,2025-11-01,low
TR6591,Rajkot,Agartala,600,234,366,32,Weekday,Yes,2025-06-26,low
TR6592,Rajkot,Silchar,600,169,431,14,Weekend,No,2025-04-19,low
TR6593,Rajkot,Visakhapatnam,600,128,472,38,Weekend,No,2025-01-18,low
TR6594,Rajkot,Vijayawada,600,158,442,23,Weekend,No,2025-11-09,low
TR6595,Rajkot,Guntur,600,228,372,16,Weekday,No,2025-09-12,low
TR6596,Rajkot,Tirupati,600,149,451,50,Weekday,No,2024-10-31,low
TR6597,Rajkot,Rajahmundry,600,215,385,9,Weekend,Yes,2024-03-03,low
TR6598,Rajkot,Warangal,600,139,461,29,Weekday,No,2024-01-03,low
TR6599,Rajkot,Nizamabad,600,132,468,10,Weekday,No,2024-06-19,low
TR6600,Rajkot,Coimbatore,600,201,399,8,Weekday,No,2024-02-15,low
TR6601,Rajkot,Madurai,600,127,473,12,Weekday,No,2024-06-03,low
TR6602,Rajkot,Trichy,600,208,392,15,Weekday,Yes,2024-03-21,low
TR6603,Rajkot,Salem,600,186,414,24,Weekday,No,2025-12-18,low
TR6604,Rajkot,Erode,600,127,473,28,Weekend,No,2024-03-10,low
TR6605,Rajkot,Tirunelveli,600,166,434,8,Weekday,No,2025-04-03,low
TR6606,Rajkot,Thoothukudi,600,143,457,2,Weekend,No,2024-09-14,low
TR6607,Rajkot,Vellore,600,186,414,5,Weekday,No,2024-05-07,low
TR6608,Rajkot,Kochi,600,260,340,37,Weekday,No,2025-05-27,medium
TR6609,Rajkot,Thiruvananthapuram,600,151,449,58,Weekday,No,2025-12-10,low
TR6610,Rajkot,Kozhikode,600,195,405,1,Weekday,No,2025-07-31,low
TR6611,Rajkot,Thrissur,600,170,430,2,Weekend,No,2025-12-13,low
TR6612,Rajkot,Kollam,600,170,430,46,Weekday,No,2025-03-07,low
TR6613,Rajkot,Mysore,600,161,439,43,Weekday,No,2025-05-07,low
TR6614,Rajkot,Mangalore,600,128,472,44,Weekday,No,2024-04-17,low
TR6615,Rajkot,Hubli,600,185,415,10,Weekday,No,2025-09-15,low
TR6616,Rajkot,Belgaum,600,155,445,51,Weekday,No,2025-06-30,low
TR6617,Rajkot,Davangere,600,126,474,37,Weekday,No,2024-07-04,low
TR6618,Rajkot,Vadodara,600,218,382,9,Weekday,No,2024-09-16,low
TR6619,Rajkot,Jamnagar,600,174,426,6,Weekend,Yes,2025-03-22,low
TR6620,Rajkot,Bhavnagar,600,158,442,36,Weekday,No,2024-01-10,low
TR6621,Rajkot,Gandhinagar,600,233,367,46,Weekday,No,2025-08-20,low
TR6622,Rajkot,Nashik,600,90,510,46,Weekday,No,2024-07-24,low
TR6623,Rajkot,Aurangabad,600,230,370,35,Weekend,Yes,2024-02-24,low
TR6624,Rajkot,Kolhapur,600,127,473,30,Weekday,No,2024-08-29,low
TR6625,Rajkot,Solapur,600,179,421,41,Weekday,No,2025-09-02,low
TR6626,Rajkot,Thane,600,141,459,7,Weekday,Yes,2024-07-19,low
TR6627,Rajkot,Navi Mumbai,600,125,475,21,Weekday,No,2025-01-29,low
TR6628,Rajkot,Amravati,600,232,368,5,Weekend,No,2025-08-16,low
TR6629,Rajkot,Jodhpur,600,258,342,50,Weekday,No,2024-01-25,medium
TR6630,Rajkot,Udaipur,600,158,442,36,Weekday,No,2025-07-09,low
TR6631,Rajkot,Ajmer,600,185,415,46,Weekday,No,2024-07-30,low
TR6632,Rajkot,Kota,600,172,428,29,Weekday,No,2025-05-23,low
TR6633,Rajkot,Bikaner,600,252,348,55,Weekday,No,2024-05-17,medium
TR6634,Rajkot,Alwar,600,90,510,55,Weekday,No,2024-04-11,low
TR6635,Rajkot,Varanasi,600,187,413,36,Weekday,No,2025-07-30,low
TR6636,Rajkot,Prayagraj,600,134,466,50,Weekday,No,2025-08-13,low
TR6637,Rajkot,Agra,600,90,510,39,Weekday,No,2025-12-18,low
TR6638,Rajkot,Meerut,600,152,448,43,Weekend,No,2025-05-10,low
TR6639,Rajkot,Bareilly,600,258,342,14,Weekday,No,2024-12-06,medium
TR6640,Rajkot,Gorakhpur,600,137,463,58,Weekday,No,2024-05-22,low
TR6641,Rajkot,Mathura,600,207,393,11,Weekend,Yes,2024-08-03,low
TR6642,Rajkot,Dehradun,600,226,374,41,Weekday,No,2025-04-18,low
TR6643,Rajkot,Haridwar,600,168,432,36,Weekday,No,2024-09-10,low
TR6644,Rajkot,Amritsar,600,175,425,5,Weekday,No,2024-12-19,low
TR6645,Rajkot,Ludhiana,600,90,510,46,Weekday,No,2024-05-02,low
TR6646,Rajkot,Jalandhar,600,135,465,4,Weekend,No,2024-11-17,low
TR6647,Rajkot,Patiala,600,212,388,30,Weekend,No,2024-06-22,low
TR6648,Rajkot,Chandigarh,600,172,428,48,Weekday,No,2024-03-22,low
TR6649,Rajkot,Jammu,600,187,413,7,Weekend,Yes,2024-04-06,low
TR6650,Rajkot,Srinagar,600,175,425,21,Weekday,No,2025-01-13,low
TR6651,Rajkot,Raipur,600,274,326,30,Weekday,No,2024-09-24,medium
TR6652,Rajkot,Bilaspur,600,148,452,55,Weekday,No,2024-03-14,low
TR6653,Rajkot,Durg,600,246,354,22,Weekday,No,2025-01-10,medium
TR6654,Rajkot,Jabalpur,600,175,425,7,Weekday,No,2024-04-30,low
TR6655,Rajkot,Gwalior,600,250,350,7,Weekday,Yes,2024-01-12,medium
TR6656,Rajkot,Ujjain,600,110,490,11,Weekend,No,2024-04-06,low
TR6657,Rajkot,Rewa,600,178,422,51,Weekend,No,2024-11-23,low
TR6658,Rajkot,Dhanbad,600,150,450,46,Weekday,No,2025-11-28,low
TR6659,Rajkot,Asansol,600,176,424,25,Weekday,No,2024-06-25,low
TR6660,Rajkot,Jamshedpur,600,228,372,50,Weekend,No,2024-07-27,low
TR6661,Rajkot,Tatanagar,600,187,413,55,Weekday,No,2024-06-26,low
TR6662,Rajkot,Gaya,600,228,372,52,Weekday,Yes,2024-09-16,low
TR6663,Rajkot,Muzaffarpur,600,137,463,0,Weekend,No,2025-06-08,low
TR6664,Rajkot,Bhagalpur,600,129,471,5,Weekday,No,2024-08-23,low
TR6665,Rajkot,Siliguri,600,170,430,43,Weekday,No,2025-04-25,low
TR6666,Rajkot,New Jalpaiguri,600,167,433,22,Weekend,No,2025-10-18,low
TR6667,Rajkot,Durgapur,600,160,440,9,Weekend,No,2025-11-22,low
TR6668,Rajkot,Howrah,600,123,477,38,Weekend,Yes,2025-02-15,low
TR6669,Rajkot,Malda,600,226,374,21,Weekday,No,2025-06-05,low
TR6670,Rajkot,Panaji,600,152,448,55,Weekend,No,2025-11-02,low
TR6671,Jamnagar,Delhi,600,237,363,34,Weekday,No,2025-07-29,low
TR6672,Jamnagar,New Delhi,600,170,430,14,Weekday,No,2024-08-07,low
TR6673,Jamnagar,Mumbai,600,200,400,56,Weekend,No,2024-04-06,low
TR6674,Jamnagar,Chennai,600,196,404,36,Weekend,Yes,2024-03-24,low
TR6675,Jamnagar,Kolkata,600,129,471,17,Weekday,No,2025-10-06,low
TR6676,Jamnagar,Bangalore,600,187,413,8,Weekday,No,2025-02-10,low
TR6677,Jamnagar,Hyderabad,600,262,338,33,Weekend,No,2024-08-04,medium
TR6678,Jamnagar,Pune,600,181,419,44,Weekday,No,2024-09-09,low
TR6679,Jamnagar,Ahmedabad,600,212,388,50,Weekday,No,2024-07-24,low
TR6680,Jamnagar,Jaipur,600,202,398,7,Weekend,No,2025-08-09,low
TR6681,Jamnagar,Surat,600,184,416,25,Weekend,No,2025-03-23,low
TR6682,Jamnagar,Lucknow,600,178,422,59,Weekend,No,2025-10-04,low
TR6683,Jamnagar,Kanpur,600,195,405,39,Weekday,No,2024-08-08,low
TR6684,Jamnagar,Nagpur,600,206,394,5,Weekday,No,2024-12-11,low
TR6685,Jamnagar,Indore,600,104,496,55,Weekday,No,2024-03-29,low
TR6686,Jamnagar,Bhopal,600,181,419,41,Weekday,No,2025-12-11,low
TR6687,Jamnagar,Patna,600,160,440,27,Weekday,No,2025-01-09,low
TR6688,Jamnagar,Ranchi,600,150,450,46,Weekend,No,2025-02-08,low
TR6689,Jamnagar,Bhubaneswar,600,231,369,38,Weekday,No,2024-10-29,low
TR6690,Jamnagar,Cuttack,600,134,466,15,Weekday,No,2024-07-17,low
TR6691,Jamnagar,Puri,600,102,498,47,Weekday,No,2025-11-24,low
TR6692,Jamnagar,Rourkela,600,207,393,15,Weekday,No,2024-12-23,low
TR6693,Jamnagar,Sambalpur,600,101,499,13,Weekday,No,2025-05-08,low
TR6694,Jamnagar,Guwahati,600,90,510,35,Weekend,No,2024-01-28,low
TR6695,Jamnagar,Dibrugarh,600,213,387,1,Weekend,No,2024-07-20,low
TR6696,Jamnagar,Agartala,600,177,423,37,Weekend,Yes,2025-08-10,low
TR6697,Jamnagar,Silchar,600,192,408,33,Weekday,Yes,2024-03-05,low
TR6698,Jamnagar,Visakhapatnam,600,148,452,43,Weekday,No,2024-03-15,low
TR6699,Jamnagar,Vijayawada,600,102,498,9,Weekday,No,2025-08-14,low
TR6700,Jamnagar,Guntur,600,112,488,34,Weekday,No,2024-08-13,low
TR6701,Jamnagar,Tirupati,600,156,444,26,Weekday,No,2024-07-19,low
TR6702,Jamnagar,Rajahmundry,600,108,492,10,Weekday,No,2025-02-17,low
TR6703,Jamnagar,Warangal,600,184,416,27,Weekday,Yes,2024-05-22,low
TR6704,Jamnagar,Nizamabad,600,147,453,55,Weekday,No,2024-02-01,low
TR6705,Jamnagar,Coimbatore,600,178,422,49,Weekday,No,2024-01-04,low
TR6706,Jamnagar,Madurai,600,176,424,9,Weekday,No,2024-02-27,low
TR6707,Jamnagar,Trichy,600,188,412,50,Weekday,No,2024-04-25,low
TR6708,Jamnagar,Salem,600,193,407,33,Weekday,No,2025-05-23,low
TR6709,Jamnagar,Erode,600,152,448,2,Weekday,No,2024-08-05,low
TR6710,Jamnagar,Tirunelveli,600,178,422,55,Weekday,No,2024-02-22,low
TR6711,Jamnagar,Thoothukudi,600,180,420,31,Weekday,No,2024-01-11,low
TR6712,Jamnagar,Vellore,600,90,510,54,Weekend,No,2024-12-14,low
TR6713,Jamnagar,Kochi,600,200,400,5,Weekend,No,2025-09-06,low
TR6714,Jamnagar,Thiruvananthapuram,600,176,424,10,Weekday,No,2024-09-04,low
TR6715,Jamnagar,Kozhikode,600,196,404,54,Weekday,No,2024-02-16,low
TR6716,Jamnagar,Thrissur,600,107,493,14,Weekend,Yes,2024-06-15,low
TR6717,Jamnagar,Kollam,600,154,446,32,Weekday,No,2024-12-31,low
TR6718,Jamnagar,Mysore,600,117,483,36,Weekday,No,2024-05-17,low
TR6719,Jamnagar,Mangalore,600,205,395,56,Weekday,No,2025-12-16,low
TR6720,Jamnagar,Hubli,600,102,498,20,Weekend,Yes,2025-07-12,low
TR6721,Jamnagar,Belgaum,600,124,476,45,Weekend,No,2024-09-08,low
TR6722,Jamnagar,Davangere,600,195,405,43,Weekday,No,2025-11-26,low
TR6723,Jamnagar,Vadodara,600,139,461,42,Weekend,Yes,2024-08-25,low
TR6724,Jamnagar,Rajkot,600,124,476,31,Weekday,No,2024-04-12,low
TR6725,Jamnagar,Bhavnagar,600,212,388,4,Weekend,Yes,2025-11-16,low
TR6726,Jamnagar,Gandhinagar,600,214,386,15,Weekday,No,2025-12-02,low
TR6727,Jamnagar,Nashik,600,204,396,33,Weekday,No,2024-08-16,low
TR6728,Jamnagar,Aurangabad,600,210,390,24,Weekday,No,2025-03-10,low
TR6729,Jamnagar,Kolhapur,600,158,442,11,Weekday,No,2024-05-06,low
TR6730,Jamnagar,Solapur,600,159,441,41,Weekday,No,2025-04-14,low
TR6731,Jamnagar,Thane,600,138,462,27,Weekday,No,2025-05-19,low
TR6732,Jamnagar,Navi Mumbai,600,177,423,47,Weekday,No,2025-06-02,low
TR6733,Jamnagar,Amravati,600,144,456,32,Weekday,No,2025-02-19,low
TR6734,Jamnagar,Jodhpur,600,148,452,22,Weekday,No,2025-05-29,low
TR6735,Jamnagar,Udaipur,600,198,402,6,Weekend,No,2025-02-09,low
TR6736,Jamnagar,Ajmer,600,226,374,6,Weekday,Yes,2025-08-22,low
TR6737,Jamnagar,Kota,600,188,412,30,Weekend,Yes,2024-05-11,low
TR6738,Jamnagar,Bikaner,600,255,345,21,Weekday,No,2024-12-19,medium
TR6739,Jamnagar,Alwar,600,135,465,43,Weekday,No,2024-10-31,low
TR6740,Jamnagar,Varanasi,600,90,510,37,Weekday,No,2025-01-24,low
TR6741,Jamnagar,Prayagraj,600,203,397,17,Weekend,No,2024-04-13,low
TR6742,Jamnagar,Agra,600,132,468,45,Weekend,No,2024-08-24,low
TR6743,Jamnagar,Meerut,600,156,444,33,Weekday,No,2025-11-28,low
TR6744,Jamnagar,Bareilly,600,90,510,52,Weekend,No,2024-03-17,low
TR6745,Jamnagar,Gorakhpur,600,126,474,57,Weekday,Yes,2025-04-09,low
TR6746,Jamnagar,Mathura,600,97,503,57,Weekday,No,2025-04-30,low
TR6747,Jamnagar,Dehradun,600,148,452,7,Weekday,No,2024-12-12,low
TR6748,Jamnagar,Haridwar,600,150,450,31,Weekday,No,2024-01-25,low
TR6749,Jamnagar,Amritsar,600,173,427,1,Weekday,No,2024-01-26,low
TR6750,Jamnagar,Ludhiana,600,228,372,52,Weekend,Yes,2024-07-20,low
TR6751,Jamnagar,Jalandhar,600,201,399,42,Weekday,No,2024-03-15,low
TR6752,Jamnagar,Patiala,600,91,509,15,Weekend,No,2024-03-09,low
TR6753,Jamnagar,Chandigarh,600,198,402,36,Weekend,No,2024-04-27,low
TR6754,Jamnagar,Jammu,600,174,426,33,Weekend,Yes,2024-05-19,low
TR6755,Jamnagar,Srinagar,600,164,436,32,Weekday,No,2025-09-04,low
TR6756,Jamnagar,Raipur,600,168,432,32,Weekday,No,2025-04-11,low
TR6757,Jamnagar,Bilaspur,600,179,421,59,Weekday,No,2024-01-23,low
TR6758,Jamnagar,Durg,600,136,464,46,Weekday,No,2025-04-04,low
TR6759,Jamnagar,Jabalpur,600,160,440,24,Weekday,No,2024-04-09,low
TR6760,Jamnagar,Gwalior,600,226,374,46,Weekend,No,2024-11-03,low
TR6761,Jamnagar,Ujjain,600,135,465,8,Weekend,Yes,2024-01-28,low
TR6762,Jamnagar,Rewa,600,120,480,17,Weekday,No,2024-03-06,low
TR6763,Jamnagar,Dhanbad,600,166,434,7,Weekend,No,2024-04-06,low
TR6764,Jamnagar,Asansol,600,115,485,53,Weekday,No,2024-11-12,low
TR6765,Jamnagar,Jamshedpur,600,90,510,1,Weekday,No,2024-12-04,low
TR6766,Jamnagar,Tatanagar,600,152,448,53,Weekend,No,2024-09-14,low
TR6767,Jamnagar,Gaya,600,238,362,49,Weekend,No,2025-03-29,low
TR6768,Jamnagar,Muzaffarpur,600,167,433,56,Weekday,No,2025-06-10,low
TR6769,Jamnagar,Bhagalpur,600,178,422,45,Weekday,No,2025-06-16,low
TR6770,Jamnagar,Siliguri,600,90,510,27,Weekday,No,2025-02-27,low
TR6771,Jamnagar,New Jalpaiguri,600,190,410,48,Weekend,No,2025-02-02,low
TR6772,Jamnagar,Durgapur,600,173,427,59,Weekday,No,2024-12-25,low
TR6773,Jamnagar,Howrah,600,137,463,53,Weekend,No,2024-06-22,low
TR6774,Jamnagar,Malda,600,178,422,47,Weekend,No,2024-12-21,low
TR6775,Jamnagar,Panaji,600,177,423,46,Weekday,Yes,2024-01-08,low
TR6776,Bhavnagar,Delhi,600,118,482,39,Weekend,No,2025-12-07,low
TR6777,Bhavnagar,New Delhi,600,185,415,53,Weekday,No,2024-09-27,low
TR6778,Bhavnagar,Mumbai,600,226,374,25,Weekend,No,2025-07-06,low
TR6779,Bhavnagar,Chennai,600,158,442,30,Weekend,No,2025-11-30,low
TR6780,Bhavnagar,Kolkata,600,127,473,50,Weekend,No,2024-12-29,low
TR6781,Bhavnagar,Bangalore,600,160,440,15,Weekend,No,2025-09-21,low
TR6782,Bhavnagar,Hyderabad,600,210,390,45,Weekday,No,2024-12-16,low
TR6783,Bhavnagar,Pune,600,110,490,6,Weekend,No,2024-04-06,low
TR6784,Bhavnagar,Ahmedabad,600,197,403,35,Weekend,Yes,2024-01-20,low
TR6785,Bhavnagar,Jaipur,600,136,464,2,Weekday,No,2024-04-09,low
TR6786,Bhavnagar,Surat,600,181,419,59,Weekday,No,2025-11-19,low
TR6787,Bhavnagar,Lucknow,600,142,458,50,Weekday,No,2024-12-13,low
TR6788,Bhavnagar,Kanpur,600,142,458,14,Weekday,No,2024-08-21,low
TR6789,Bhavnagar,Nagpur,600,242,358,9,Weekday,No,2024-11-22,medium
TR6790,Bhavnagar,Indore,600,101,499,38,Weekend,No,2024-07-06,low
TR6791,Bhavnagar,Bhopal,600,192,408,54,Weekend,No,2025-09-28,low
TR6792,Bhavnagar,Patna,600,252,348,19,Weekday,No,2025-12-31,medium
TR6793,Bhavnagar,Ranchi,600,202,398,57,Weekend,No,2024-03-03,low
TR6794,Bhavnagar,Bhubaneswar,600,105,495,27,Weekday,No,2025-06-09,low
TR6795,Bhavnagar,Cuttack,600,107,493,26,Weekday,No,2024-09-02,low
TR6796,Bhavnagar,Puri,600,133,467,20,Weekend,No,2024-02-04,low
TR6797,Bhavnagar,Rourkela,600,177,423,16,Weekday,No,2025-11-05,low
TR6798,Bhavnagar,Sambalpur,600,180,420,20,Weekday,No,2024-02-15,low
TR6799,Bhavnagar,Guwahati,600,108,492,10,Weekday,No,2024-05-30,low
TR6800,Bhavnagar,Dibrugarh,600,127,473,22,Weekday,No,2024-01-19,low
TR6801,Bhavnagar,Agartala,600,130,470,17,Weekday,No,2024-12-10,low
TR6802,Bhavnagar,Silchar,600,160,440,3,Weekday,No,2025-03-14,low
TR6803,Bhavnagar,Visakhapatnam,600,264,336,21,Weekday,No,2024-08-22,medium
TR6804,Bhavnagar,Vijayawada,600,124,476,2,Weekday,No,2024-02-22,low
TR6805,Bhavnagar,Guntur,600,122,478,10,Weekday,No,2024-03-25,low
TR6806,Bhavnagar,Tirupati,600,115,485,43,Weekday,No,2025-11-13,low
TR6807,Bhavnagar,Rajahmundry,600,199,401,1,Weekday,No,2025-08-12,low
TR6808,Bhavnagar,Warangal,600,167,433,18,Weekend,No,2025-11-15,low
TR6809,Bhavnagar,Nizamabad,600,126,474,41,Weekday,No,2025-01-23,low
TR6810,Bhavnagar,Coimbatore,600,152,448,1,Weekday,Yes,2025-02-03,low
TR6811,Bhavnagar,Madurai,600,131,469,44,Weekday,No,2025-07-28,low
TR6812,Bhavnagar,Trichy,600,183,417,4,Weekday,No,2025-03-26,low
TR6813,Bhavnagar,Salem,600,298,302,3,Weekday,No,2024-11-15,medium
TR6814,Bhavnagar,Erode,600,195,405,11,Weekday,No,2024-08-01,low
TR6815,Bhavnagar,Tirunelveli,600,164,436,51,Weekday,No,2024-12-20,low
TR6816,Bhavnagar,Thoothukudi,600,137,463,2,Weekday,No,2024-02-16,low
TR6817,Bhavnagar,Vellore,600,104,496,5,Weekday,No,2024-05-20,low
TR6818,Bhavnagar,Kochi,600,204,396,56,Weekday,No,2025-06-23,low
TR6819,Bhavnagar,Thiruvananthapuram,600,202,398,36,Weekday,No,2025-09-26,low
TR6820,Bhavnagar,Kozhikode,600,147,453,34,Weekday,No,2024-03-15,low
TR6821,Bhavnagar,Thrissur,600,227,373,2,Weekday,No,2024-03-11,low
TR6822,Bhavnagar,Kollam,600,170,430,23,Weekend,No,2024-03-03,low
TR6823,Bhavnagar,Mysore,600,206,394,34,Weekday,Yes,2025-08-01,low
TR6824,Bhavnagar,Mangalore,600,183,417,31,Weekday,No,2024-08-15,low
TR6825,Bhavnagar,Hubli,600,160,440,31,Weekday,No,2024-08-26,low
TR6826,Bhavnagar,Belgaum,600,123,477,6,Weekday,No,2024-01-10,low
TR6827,Bhavnagar,Davangere,600,162,438,59,Weekday,Yes,2025-12-11,low
TR6828,Bhavnagar,Vadodara,600,209,391,42,Weekday,No,2024-11-13,low
TR6829,Bhavnagar,Rajkot,600,145,455,14,Weekday,No,2025-08-05,low
TR6830,Bhavnagar,Jamnagar,600,190,410,58,Weekend,No,2025-06-01,low
TR6831,Bhavnagar,Gandhinagar,600,117,483,18,Weekend,No,2024-04-13,low
TR6832,Bhavnagar,Nashik,600,206,394,7,Weekday,No,2025-08-08,low
TR6833,Bhavnagar,Aurangabad,600,184,416,53,Weekday,No,2025-02-06,low
TR6834,Bhavnagar,Kolhapur,600,111,489,9,Weekday,No,2025-03-17,low
TR6835,Bhavnagar,Solapur,600,158,442,3,Weekend,No,2024-05-26,low
TR6836,Bhavnagar,Thane,600,214,386,37,Weekday,No,2025-09-11,low
TR6837,Bhavnagar,Navi Mumbai,600,109,491,15,Weekday,No,2025-11-12,low
TR6838,Bhavnagar,Amravati,600,118,482,9,Weekday,No,2024-10-24,low
TR6839,Bhavnagar,Jodhpur,600,166,434,6,Weekday,No,2024-03-08,low
TR6840,Bhavnagar,Udaipur,600,271,329,7,Weekday,No,2025-09-12,medium
TR6841,Bhavnagar,Ajmer,600,137,463,57,Weekday,No,2025-10-10,low
TR6842,Bhavnagar,Kota,600,193,407,40,Weekend,Yes,2025-01-05,low
TR6843,Bhavnagar,Bikaner,600,181,419,50,Weekday,No,2025-02-27,low
TR6844,Bhavnagar,Alwar,600,141,459,37,Weekday,No,2024-06-12,low
TR6845,Bhavnagar,Varanasi,600,177,423,32,Weekday,No,2024-02-19,low
TR6846,Bhavnagar,Prayagraj,600,147,453,13,Weekday,No,2025-11-21,low
TR6847,Bhavnagar,Agra,600,152,448,58,Weekday,No,2024-12-19,low
TR6848,Bhavnagar,Meerut,600,90,510,49,Weekend,No,2024-07-20,low
TR6849,Bhavnagar,Bareilly,600,168,432,31,Weekday,No,2025-05-21,low
TR6850,Bhavnagar,Gorakhpur,600,212,388,6,Weekend,No,2024-01-20,low
TR6851,Bhavnagar,Mathura,600,172,428,45,Weekday,No,2024-02-28,low
TR6852,Bhavnagar,Dehradun,600,221,379,19,Weekday,No,2024-06-26,low
TR6853,Bhavnagar,Haridwar,600,197,403,12,Weekday,No,2024-11-25,low
TR6854,Bhavnagar,Amritsar,600,166,434,44,Weekday,No,2024-09-25,low
TR6855,Bhavnagar,Ludhiana,600,139,461,50,Weekday,No,2024-05-16,low
TR6856,Bhavnagar,Jalandhar,600,146,454,36,Weekday,No,2024-09-13,low
TR6857,Bhavnagar,Patiala,600,98,502,4,Weekend,No,2024-09-01,low
TR6858,Bhavnagar,Chandigarh,600,156,444,36,Weekend,No,2025-01-18,low
TR6859,Bhavnagar,Jammu,600,176,424,55,Weekend,No,2025-02-15,low
TR6860,Bhavnagar,Srinagar,600,251,349,41,Weekday,No,2025-10-07,medium
TR6861,Bhavnagar,Raipur,600,194,406,15,Weekday,No,2025-08-12,low
TR6862,Bhavnagar,Bilaspur,600,127,473,38,Weekday,No,2024-08-01,low
TR6863,Bhavnagar,Durg,600,100,500,14,Weekday,No,2025-10-21,low
TR6864,Bhavnagar,Jabalpur,600,159,441,52,Weekday,No,2025-01-15,low
TR6865,Bhavnagar,Gwalior,600,208,392,50,Weekday,No,2024-05-17,low
TR6866,Bhavnagar,Ujjain,600,158,442,34,Weekday,No,2024-09-05,low
TR6867,Bhavnagar,Rewa,600,195,405,8,Weekday,No,2025-06-26,low
TR6868,Bhavnagar,Dhanbad,600,160,440,24,Weekend,No,2025-08-23,low
TR6869,Bhavnagar,Asansol,600,203,397,7,Weekday,Yes,2024-09-30,low
TR6870,Bhavnagar,Jamshedpur,600,92,508,45,Weekday,No,2024-04-25,low
TR6871,Bhavnagar,Tatanagar,600,246,354,40,Weekday,No,2024-05-20,medium
TR6872,Bhavnagar,Gaya,600,116,484,15,Weekend,No,2024-03-16,low
TR6873,Bhavnagar,Muzaffarpur,600,207,393,51,Weekend,No,2025-05-25,low
TR6874,Bhavnagar,Bhagalpur,600,156,444,45,Weekday,No,2025-01-02,low
TR6875,Bhavnagar,Siliguri,600,163,437,56,Weekday,Yes,2024-11-25,low
TR6876,Bhavnagar,New Jalpaiguri,600,157,443,16,Weekday,No,2025-05-06,low
TR6877,Bhavnagar,Durgapur,600,181,419,10,Weekday,No,2025-08-28,low
TR6878,Bhavnagar,Howrah,600,191,409,28,Weekday,No,2025-08-04,low
TR6879,Bhavnagar,Malda,600,220,380,15,Weekday,No,2024-04-10,low
TR6880,Bhavnagar,Panaji,600,237,363,44,Weekday,No,2025-03-07,low
TR6881,Gandhinagar,Delhi,600,185,415,25,Weekday,No,2025-10-07,low
TR6882,Gandhinagar,New Delhi,600,251,349,37,Weekend,No,2025-07-19,medium
TR6883,Gandhinagar,Mumbai,600,173,427,10,Weekday,No,2024-08-28,low
TR6884,Gandhinagar,Chennai,600,221,379,5,Weekday,No,2024-10-14,low
TR6885,Gandhinagar,Kolkata,600,190,410,56,Weekend,No,2025-10-12,low
TR6886,Gandhinagar,Bangalore,600,143,457,26,Weekday,No,2024-01-25,low
TR6887,Gandhinagar,Hyderabad,600,178,422,8,Weekend,Yes,2025-01-19,low
TR6888,Gandhinagar,Pune,600,193,407,48,Weekday,No,2024-03-25,low
TR6889,Gandhinagar,Ahmedabad,600,167,433,7,Weekday,No,2025-10-15,low
TR6890,Gandhinagar,Jaipur,600,189,411,59,Weekday,No,2024-01-29,low
TR6891,Gandhinagar,Surat,600,210,390,23,Weekday,No,2024-01-18,low
TR6892,Gandhinagar,Lucknow,600,168,432,28,Weekday,No,2024-08-28,low
TR6893,Gandhinagar,Kanpur,600,90,510,15,Weekend,No,2024-05-26,low
TR6894,Gandhinagar,Nagpur,600,250,350,5,Weekend,No,2024-12-28,medium
TR6895,Gandhinagar,Indore,600,155,445,24,Weekday,Yes,2024-08-06,low
TR6896,Gandhinagar,Bhopal,600,129,471,21,Weekday,No,2024-09-17,low
TR6897,Gandhinagar,Patna,600,115,485,26,Weekend,No,2025-02-16,low
TR6898,Gandhinagar,Ranchi,600,153,447,29,Weekday,No,2025-02-13,low
TR6899,Gandhinagar,Bhubaneswar,600,142,458,37,Weekday,No,2025-11-14,low
TR6900,Gandhinagar,Cuttack,600,134,466,4,Weekday,No,2024-12-17,low
TR6901,Gandhinagar,Puri,600,136,464,21,Weekend,No,2025-02-16,low
TR6902,Gandhinagar,Rourkela,600,194,406,51,Weekend,No,2025-05-10,low
TR6903,Gandhinagar,Sambalpur,600,266,334,57,Weekday,Yes,2024-05-07,medium
TR6904,Gandhinagar,Guwahati,600,208,392,32,Weekday,No,2025-05-02,low
TR6905,Gandhinagar,Dibrugarh,600,223,377,21,Weekday,No,2025-09-22,low
TR6906,Gandhinagar,Agartala,600,151,449,24,Weekday,No,2024-08-20,low
TR6907,Gandhinagar,Silchar,600,174,426,46,Weekday,No,2024-05-10,low
TR6908,Gandhinagar,Visakhapatnam,600,189,411,23,Weekday,No,2024-09-10,low
TR6909,Gandhinagar,Vijayawada,600,137,463,56,Weekend,No,2024-07-20,low
TR6910,Gandhinagar,Guntur,600,149,451,1,Weekday,No,2025-03-03,low
TR6911,Gandhinagar,Tirupati,600,210,390,36,Weekday,No,2025-09-23,low
TR6912,Gandhinagar,Rajahmundry,600,221,379,31,Weekday,No,2025-03-11,low
TR6913,Gandhinagar,Warangal,600,172,428,27,Weekday,No,2024-04-01,low
TR6914,Gandhinagar,Nizamabad,600,112,488,28,Weekend,No,2024-08-18,low
TR6915,Gandhinagar,Coimbatore,600,155,445,9,Weekend,No,2025-05-18,low
TR6916,Gandhinagar,Madurai,600,100,500,20,Weekday,No,2024-08-29,low
TR6917,Gandhinagar,Trichy,600,173,427,21,Weekday,No,2025-03-04,low
TR6918,Gandhinagar,Salem,600,181,419,39,Weekday,No,2025-05-22,low
TR6919,Gandhinagar,Erode,600,156,444,35,Weekday,No,2024-08-28,low
TR6920,Gandhinagar,Tirunelveli,600,181,419,24,Weekday,No,2025-04-18,low
TR6921,Gandhinagar,Thoothukudi,600,189,411,31,Weekday,No,2024-10-18,low
TR6922,Gandhinagar,Vellore,600,181,419,34,Weekday,No,2024-04-08,low
TR6923,Gandhinagar,Kochi,600,111,489,2,Weekend,No,2024-09-29,low
TR6924,Gandhinagar,Thiruvananthapuram,600,157,443,53,Weekday,No,2024-11-18,low
TR6925,Gandhinagar,Kozhikode,600,189,411,53,Weekday,No,2024-01-02,low
TR6926,Gandhinagar,Thrissur,600,245,355,21,Weekday,No,2025-10-14,medium
TR6927,Gandhinagar,Kollam,600,156,444,45,Weekday,Yes,2025-01-20,low
TR6928,Gandhinagar,Mysore,600,195,405,23,Weekend,No,2024-01-27,low
TR6929,Gandhinagar,Mangalore,600,211,389,4,Weekday,No,2025-09-26,low
TR6930,Gandhinagar,Hubli,600,160,440,51,Weekday,No,2025-09-17,low
TR6931,Gandhinagar,Belgaum,600,224,376,16,Weekday,No,2024-01-09,low
TR6932,Gandhinagar,Davangere,600,227,373,21,Weekday,No,2024-04-29,low
TR6933,Gandhinagar,Vadodara,600,235,365,34,Weekend,No,2024-09-22,low
TR6934,Gandhinagar,Rajkot,600,191,409,26,Weekend,No,2025-01-05,low
TR6935,Gandhinagar,Jamnagar,600,282,318,15,Weekend,No,2025-06-14,medium
TR6936,Gandhinagar,Bhavnagar,600,139,461,48,Weekday,No,2024-11-06,low
TR6937,Gandhinagar,Nashik,600,271,329,21,Weekend,No,2025-03-23,medium
TR6938,Gandhinagar,Aurangabad,600,206,394,35,Weekday,No,2024-01-08,low
TR6939,Gandhinagar,Kolhapur,600,233,367,39,Weekend,No,2025-04-26,low
TR6940,Gandhinagar,Solapur,600,154,446,56,Weekday,No,2025-10-31,low
TR6941,Gandhinagar,Thane,600,209,391,28,Weekend,No,2025-01-19,low
TR6942,Gandhinagar,Navi Mumbai,600,237,363,28,Weekday,No,2024-11-28,low
TR6943,Gandhinagar,Amravati,600,117,483,54,Weekday,No,2024-08-05,low
TR6944,Gandhinagar,Jodhpur,600,161,439,28,Weekday,No,2025-11-28,low
TR6945,Gandhinagar,Udaipur,600,90,510,17,Weekday,No,2024-01-25,low
TR6946,Gandhinagar,Ajmer,600,160,440,2,Weekend,No,2024-07-28,low
TR6947,Gandhinagar,Kota,600,130,470,19,Weekday,No,2024-04-11,low
TR6948,Gandhinagar,Bikaner,600,158,442,11,Weekday,No,2025-09-25,low
TR6949,Gandhinagar,Alwar,600,309,291,18,Weekday,Yes,2024-12-18,medium
TR6950,Gandhinagar,Varanasi,600,251,349,32,Weekday,No,2025-11-05,medium
TR6951,Gandhinagar,Prayagraj,600,100,500,31,Weekday,No,2025-05-01,low
TR6952,Gandhinagar,Agra,600,196,404,11,Weekday,No,2025-02-11,low
TR6953,Gandhinagar,Meerut,600,207,393,27,Weekday,No,2025-01-13,low
TR6954,Gandhinagar,Bareilly,600,153,447,27,Weekday,No,2024-05-28,low
TR6955,Gandhinagar,Gorakhpur,600,178,422,2,Weekday,No,2025-02-14,low
TR6956,Gandhinagar,Mathura,600,182,418,16,Weekday,No,2025-05-15,low
TR6957,Gandhinagar,Dehradun,600,104,496,43,Weekend,No,2025-12-06,low
TR6958,Gandhinagar,Haridwar,600,119,481,1,Weekday,No,2025-02-05,low
TR6959,Gandhinagar,Amritsar,600,177,423,18,Weekday,Yes,2025-11-17,low
TR6960,Gandhinagar,Ludhiana,600,174,426,28,Weekday,No,2025-11-21,low
TR6961,Gandhinagar,Jalandhar,600,135,465,9,Weekday,No,2025-01-16,low
TR6962,Gandhinagar,Patiala,600,131,469,38,Weekend,Yes,2024-11-17,low
TR6963,Gandhinagar,Chandigarh,600,165,435,42,Weekend,No,2024-04-14,low
TR6964,Gandhinagar,Jammu,600,211,389,20,Weekday,No,2024-07-15,low
TR6965,Gandhinagar,Srinagar,600,165,435,13,Weekend,Yes,2025-10-04,low
TR6966,Gandhinagar,Raipur,600,247,353,46,Weekday,No,2024-04-11,medium
TR6967,Gandhinagar,Bilaspur,600,136,464,12,Weekday,No,2024-10-17,low
TR6968,Gandhinagar,Durg,600,178,422,8,Weekend,No,2025-05-25,low
TR6969,Gandhinagar,Jabalpur,600,152,448,1,Weekday,No,2024-06-24,low
TR6970,Gandhinagar,Gwalior,600,197,403,5,Weekend,No,2025-12-13,low
TR6971,Gandhinagar,Ujjain,600,131,469,52,Weekend,No,2025-04-19,low
TR6972,Gandhinagar,Rewa,600,261,339,56,Weekend,No,2024-01-21,medium
TR6973,Gandhinagar,Dhanbad,600,90,510,32,Weekend,No,2024-06-29,low
TR6974,Gandhinagar,Asansol,600,251,349,55,Weekday,No,2025-06-25,medium
TR6975,Gandhinagar,Jamshedpur,600,173,427,42,Weekday,No,2025-09-22,low
TR6976,Gandhinagar,Tatanagar,600,195,405,24,Weekend,Yes,2025-11-08,low
TR6977,Gandhinagar,Gaya,600,233,367,42,Weekend,No,2025-09-14,low
TR6978,Gandhinagar,Muzaffarpur,600,210,390,25,Weekend,No,2024-02-24,low
TR6979,Gandhinagar,Bhagalpur,600,134,466,57,Weekday,No,2025-06-17,low
TR6980,Gandhinagar,Siliguri,600,198,402,51,Weekday,No,2024-03-21,low
TR6981,Gandhinagar,New Jalpaiguri,600,259,341,50,Weekend,No,2024-02-25,medium
TR6982,Gandhinagar,Durgapur,600,126,474,31,Weekday,No,2025-05-20,low
TR6983,Gandhinagar,Howrah,600,271,329,31,Weekend,No,2024-12-15,medium
TR6984,Gandhinagar,Malda,600,187,413,7,Weekday,No,2025-04-18,low
TR6985,Gandhinagar,Panaji,600,148,452,39,Weekend,No,2025-09-14,low
TR6986,Nashik,Delhi,600,126,474,6,Weekday,No,2024-02-20,low
TR6987,Nashik,New Delhi,600,158,442,32,Weekday,No,2025-01-20,low
TR6988,Nashik,Mumbai,600,90,510,7,Weekday,No,2025-09-01,low
TR6989,Nashik,Chennai,600,149,451,28,Weekend,No,2024-11-17,low
TR6990,Nashik,Kolkata,600,156,444,46,Weekday,No,2025-01-17,low
TR6991,Nashik,Bangalore,600,117,483,18,Weekend,No,2024-12-29,low
TR6992,Nashik,Hyderabad,600,205,395,36,Weekend,No,2025-10-25,low
TR6993,Nashik,Pune,600,158,442,15,Weekday,No,2024-02-06,low
TR6994,Nashik,Ahmedabad,600,138,462,17,Weekday,Yes,2025-10-03,low
TR6995,Nashik,Jaipur,600,153,447,10,Weekday,No,2025-08-19,low
TR6996,Nashik,Surat,600,186,414,9,Weekend,No,2025-08-16,low
TR6997,Nashik,Lucknow,600,172,428,22,Weekday,Yes,2024-10-28,low
TR6998,Nashik,Kanpur,600,135,465,7,Weekend,Yes,2025-01-12,low
TR6999,Nashik,Nagpur,600,175,425,53,Weekday,No,2024-09-26,low
TR7000,Nashik,Indore,600,167,433,44,Weekday,No,2024-07-03,low
TR7001,Nashik,Bhopal,600,114,486,13,Weekday,No,2025-10-01,low
TR7002,Nashik,Patna,600,155,445,53,Weekend,No,2025-01-04,low
TR7003,Nashik,Ranchi,600,197,403,21,Weekday,No,2025-06-12,low
TR7004,Nashik,Bhubaneswar,600,196,404,31,Weekday,No,2024-03-14,low
TR7005,Nashik,Cuttack,600,158,442,41,Weekday,No,2025-07-30,low
TR7006,Nashik,Puri,600,201,399,46,Weekend,No,2025-04-26,low
TR7007,Nashik,Rourkela,600,122,478,0,Weekday,No,2025-12-30,low
TR7008,Nashik,Sambalpur,600,123,477,16,Weekend,No,2024-04-07,low
TR7009,Nashik,Guwahati,600,157,443,20,Weekday,No,2025-01-29,low
TR7010,Nashik,Dibrugarh,600,241,359,35,Weekday,Yes,2025-01-08,medium
TR7011,Nashik,Agartala,600,177,423,52,Weekday,No,2025-01-28,low
TR7012,Nashik,Silchar,600,156,444,26,Weekday,No,2024-02-09,low
TR7013,Nashik,Visakhapatnam,600,243,357,27,Weekday,No,2024-12-11,medium
TR7014,Nashik,Vijayawada,600,155,445,5,Weekday,No,2024-08-06,low
TR7015,Nashik,Guntur,600,276,324,31,Weekday,No,2025-03-27,medium
TR7016,Nashik,Tirupati,600,144,456,29,Weekday,No,2024-06-18,low
TR7017,Nashik,Rajahmundry,600,120,480,38,Weekday,No,2024-11-14,low
TR7018,Nashik,Warangal,600,161,439,50,Weekend,Yes,2025-03-29,low
TR7019,Nashik,Nizamabad,600,157,443,34,Weekday,No,2024-02-16,low
TR7020,Nashik,Coimbatore,600,130,470,3,Weekday,No,2025-07-29,low
TR7021,Nashik,Madurai,600,294,306,49,Weekend,Yes,2025-06-07,medium
TR7022,Nashik,Trichy,600,184,416,28,Weekend,No,2024-02-11,low
TR7023,Nashik,Salem,600,191,409,29,Weekend,No,2024-02-17,low
TR7024,Nashik,Erode,600,147,453,52,Weekend,Yes,2025-09-13,low
TR7025,Nashik,Tirunelveli,600,141,459,35,Weekday,No,2024-07-26,low
TR7026,Nashik,Thoothukudi,600,218,382,47,Weekend,No,2025-09-21,low
TR7027,Nashik,Vellore,600,90,510,52,Weekday,No,2024-12-30,low
TR7028,Nashik,Kochi,600,114,486,29,Weekend,Yes,2024-09-07,low
TR7029,Nashik,Thiruvananthapuram,600,157,443,58,Weekday,No,2024-07-18,low
TR7030,Nashik,Kozhikode,600,234,366,10,Weekend,No,2025-04-26,low
TR7031,Nashik,Thrissur,600,151,449,52,Weekday,No,2024-03-21,low
TR7032,Nashik,Kollam,600,189,411,50,Weekday,Yes,2024-10-21,low
TR7033,Nashik,Mysore,600,170,430,5,Weekday,No,2024-09-09,low
TR7034,Nashik,Mangalore,600,231,369,9,Weekday,No,2024-04-22,low
TR7035,Nashik,Hubli,600,93,507,2,Weekend,No,2024-09-14,low
TR7036,Nashik,Belgaum,600,204,396,16,Weekday,No,2025-01-21,low
TR7037,Nashik,Davangere,600,159,441,59,Weekend,No,2025-05-10,low
TR7038,Nashik,Vadodara,600,213,387,7,Weekday,No,2024-03-04,low
TR7039,Nashik,Rajkot,600,130,470,2,Weekday,No,2025-09-29,low
TR7040,Nashik,Jamnagar,600,170,430,27,Weekend,No,2025-10-04,low
TR7041,Nashik,Bhavnagar,600,164,436,21,Weekday,No,2025-05-20,low
TR7042,Nashik,Gandhinagar,600,121,479,37,Weekday,No,2025-11-06,low
TR7043,Nashik,Aurangabad,600,107,493,36,Weekday,No,2024-11-08,low
TR7044,Nashik,Kolhapur,600,141,459,49,Weekend,No,2025-08-23,low
TR7045,Nashik,Solapur,600,175,425,24,Weekend,Yes,2025-06-15,low
TR7046,Nashik,Thane,600,133,467,27,Weekend,No,2025-02-15,low
TR7047,Nashik,Navi Mumbai,600,153,447,1,Weekend,No,2024-05-11,low
TR7048,Nashik,Amravati,600,90,510,58,Weekday,No,2025-02-11,low
TR7049,Nashik,Jodhpur,600,151,449,12,Weekday,No,2025-10-20,low
TR7050,Nashik,Udaipur,600,218,382,35,Weekend,No,2025-12-20,low
TR7051,Nashik,Ajmer,600,203,397,52,Weekend,No,2024-11-23,low
TR7052,Nashik,Kota,600,165,435,36,Weekend,No,2024-06-30,low
TR7053,Nashik,Bikaner,600,181,419,37,Weekday,No,2025-06-30,low
TR7054,Nashik,Alwar,600,129,471,10,Weekend,Yes,2024-02-25,low
TR7055,Nashik,Varanasi,600,247,353,42,Weekend,No,2024-04-20,medium
TR7056,Nashik,Prayagraj,600,268,332,11,Weekday,No,2025-02-14,medium
TR7057,Nashik,Agra,600,177,423,41,Weekday,No,2025-12-24,low
TR7058,Nashik,Meerut,600,293,307,34,Weekday,No,2024-08-28,medium
TR7059,Nashik,Bareilly,600,136,464,29,Weekday,No,2024-11-20,low
TR7060,Nashik,Gorakhpur,600,109,491,43,Weekday,No,2024-08-23,low
TR7061,Nashik,Mathura,600,135,465,43,Weekday,No,2024-11-18,low
TR7062,Nashik,Dehradun,600,158,442,12,Weekend,No,2024-01-06,low
TR7063,Nashik,Haridwar,600,280,320,22,Weekday,No,2025-03-10,medium
TR7064,Nashik,Amritsar,600,155,445,29,Weekday,No,2025-03-11,low
TR7065,Nashik,Ludhiana,600,128,472,9,Weekend,Yes,2024-08-18,low
TR7066,Nashik,Jalandhar,600,126,474,21,Weekday,No,2024-07-12,low
TR7067,Nashik,Patiala,600,224,376,2,Weekday,No,2025-07-10,low
TR7068,Nashik,Chandigarh,600,217,383,26,Weekday,No,2024-05-17,low
TR7069,Nashik,Jammu,600,146,454,12,Weekend,No,2024-02-04,low
TR7070,Nashik,Srinagar,600,90,510,13,Weekday,No,2024-01-30,low
TR7071,Nashik,Raipur,600,115,485,49,Weekday,No,2025-10-06,low
TR7072,Nashik,Bilaspur,600,252,348,8,Weekday,No,2024-09-23,medium
TR7073,Nashik,Durg,600,202,398,7,Weekday,No,2024-03-15,low
TR7074,Nashik,Jabalpur,600,172,428,19,Weekend,No,2025-10-04,low
TR7075,Nashik,Gwalior,600,259,341,1,Weekday,No,2024-04-18,medium
TR7076,Nashik,Ujjain,600,263,337,52,Weekday,No,2024-09-03,medium
TR7077,Nashik,Rewa,600,167,433,59,Weekday,No,2024-01-16,low
TR7078,Nashik,Dhanbad,600,168,432,48,Weekend,No,2025-05-11,low
TR7079,Nashik,Asansol,600,141,459,47,Weekday,No,2025-05-26,low
TR7080,Nashik,Jamshedpur,600,155,445,6,Weekday,No,2025-07-07,low
TR7081,Nashik,Tatanagar,600,98,502,33,Weekday,No,2024-07-11,low
TR7082,Nashik,Gaya,600,97,503,5,Weekday,No,2024-08-27,low
TR7083,Nashik,Muzaffarpur,600,90,510,18,Weekend,No,2025-11-16,low
TR7084,Nashik,Bhagalpur,600,221,379,29,Weekend,No,2025-08-23,low
TR7085,Nashik,Siliguri,600,94,506,40,Weekend,No,2024-01-28,low
TR7086,Nashik,New Jalpaiguri,600,263,337,16,Weekday,No,2025-05-20,medium
TR7087,Nashik,Durgapur,600,134,466,15,Weekend,No,2025-08-17,low
TR7088,Nashik,Howrah,600,252,348,49,Weekday,No,2025-02-12,medium
TR7089,Nashik,Malda,600,151,449,13,Weekend,Yes,2025-04-12,low
TR7090,Nashik,Panaji,600,94,506,29,Weekday,No,2024-01-01,low
TR7091,Aurangabad,Delhi,600,231,369,17,Weekday,Yes,2024-01-22,low
TR7092,Aurangabad,New Delhi,600,236,364,51,Weekday,No,2024-01-26,low
TR7093,Aurangabad,Mumbai,600,125,475,32,Weekday,No,2024-04-26,low
TR7094,Aurangabad,Chennai,600,153,447,6,Weekday,No,2025-12-25,low
TR7095,Aurangabad,Kolkata,600,125,475,8,Weekday,No,2025-04-08,low
TR7096,Aurangabad,Bangalore,600,163,437,58,Weekday,No,2025-07-25,low
TR7097,Aurangabad,Hyderabad,600,174,426,56,Weekend,No,2024-08-04,low
TR7098,Aurangabad,Pune,600,152,448,46,Weekend,No,2025-11-16,low
TR7099,Aurangabad,Ahmedabad,600,90,510,4,Weekend,Yes,2024-05-25,low
TR7100,Aurangabad,Jaipur,600,141,459,43,Weekday,No,2025-10-21,low
TR7101,Aurangabad,Surat,600,203,397,39,Weekday,No,2024-01-23,low
TR7102,Aurangabad,Lucknow,600,159,441,56,Weekday,No,2024-01-15,low
TR7103,Aurangabad,Kanpur,600,153,447,29,Weekday,No,2024-02-27,low
TR7104,Aurangabad,Nagpur,600,124,476,28,Weekday,Yes,2025-08-01,low
TR7105,Aurangabad,Indore,600,140,460,37,Weekend,No,2024-07-07,low
TR7106,Aurangabad,Bhopal,600,237,363,8,Weekday,No,2024-11-25,low
TR7107,Aurangabad,Patna,600,114,486,44,Weekday,No,2024-12-10,low
TR7108,Aurangabad,Ranchi,600,204,396,29,Weekday,No,2025-07-31,low
TR7109,Aurangabad,Bhubaneswar,600,171,429,11,Weekday,No,2024-09-11,low
TR7110,Aurangabad,Cuttack,600,181,419,48,Weekday,No,2024-01-05,low
TR7111,Aurangabad,Puri,600,134,466,15,Weekday,No,2024-10-09,low
TR7112,Aurangabad,Rourkela,600,152,448,51,Weekday,No,2024-07-29,low
TR7113,Aurangabad,Sambalpur,600,169,431,16,Weekday,Yes,2025-06-18,low
TR7114,Aurangabad,Guwahati,600,144,456,29,Weekday,No,2025-07-03,low
TR7115,Aurangabad,Dibrugarh,600,185,415,26,Weekday,No,2024-03-08,low
TR7116,Aurangabad,Agartala,600,191,409,43,Weekend,No,2025-08-02,low
TR7117,Aurangabad,Silchar,600,273,327,11,Weekday,No,2024-02-21,medium
TR7118,Aurangabad,Visakhapatnam,600,182,418,14,Weekend,Yes,2025-03-29,low
TR7119,Aurangabad,Vijayawada,600,90,510,11,Weekday,No,2024-10-11,low
TR7120,Aurangabad,Guntur,600,225,375,13,Weekday,No,2024-08-08,low
TR7121,Aurangabad,Tirupati,600,159,441,27,Weekday,No,2024-12-19,low
TR7122,Aurangabad,Rajahmundry,600,266,334,35,Weekday,Yes,2024-08-14,medium
TR7123,Aurangabad,Warangal,600,240,360,51,Weekend,Yes,2025-08-03,low
TR7124,Aurangabad,Nizamabad,600,145,455,25,Weekend,Yes,2025-12-07,low
TR7125,Aurangabad,Coimbatore,600,204,396,24,Weekday,No,2025-08-19,low
TR7126,Aurangabad,Madurai,600,140,460,9,Weekend,No,2024-11-17,low
TR7127,Aurangabad,Trichy,600,169,431,5,Weekday,No,2025-01-02,low
TR7128,Aurangabad,Salem,600,201,399,45,Weekday,No,2024-11-22,low
TR7129,Aurangabad,Erode,600,222,378,37,Weekend,Yes,2025-08-03,low
TR7130,Aurangabad,Tirunelveli,600,212,388,31,Weekday,No,2025-02-07,low
TR7131,Aurangabad,Thoothukudi,600,173,427,26,Weekend,No,2024-12-08,low
TR7132,Aurangabad,Vellore,600,288,312,31,Weekend,No,2024-10-26,medium
TR7133,Aurangabad,Kochi,600,151,449,50,Weekday,No,2024-10-01,low
TR7134,Aurangabad,Thiruvananthapuram,600,92,508,11,Weekend,Yes,2025-02-08,low
TR7135,Aurangabad,Kozhikode,600,101,499,29,Weekend,Yes,2025-05-18,low
TR7136,Aurangabad,Thrissur,600,240,360,14,Weekday,No,2024-11-12,low
TR7137,Aurangabad,Kollam,600,165,435,6,Weekday,Yes,2025-08-12,low
TR7138,Aurangabad,Mysore,600,177,423,41,Weekday,No,2025-08-27,low
TR7139,Aurangabad,Mangalore,600,143,457,42,Weekend,No,2024-11-09,low
TR7140,Aurangabad,Hubli,600,147,453,51,Weekend,No,2025-10-26,low
TR7141,Aurangabad,Belgaum,600,131,469,1,Weekday,No,2024-05-06,low
TR7142,Aurangabad,Davangere,600,192,408,10,Weekday,No,2025-11-12,low
TR7143,Aurangabad,Vadodara,600,164,436,34,Weekday,No,2024-08-02,low
TR7144,Aurangabad,Rajkot,600,190,410,48,Weekend,No,2025-02-16,low
TR7145,Aurangabad,Jamnagar,600,185,415,56,Weekday,Yes,2024-07-26,low
TR7146,Aurangabad,Bhavnagar,600,149,451,47,Weekday,Yes,2024-11-19,low
TR7147,Aurangabad,Gandhinagar,600,99,501,54,Weekday,No,2024-09-05,low
TR7148,Aurangabad,Nashik,600,95,505,48,Weekday,No,2025-05-30,low
TR7149,Aurangabad,Kolhapur,600,314,286,18,Weekday,No,2024-02-29,medium
TR7150,Aurangabad,Solapur,600,240,360,34,Weekday,No,2025-09-04,low
TR7151,Aurangabad,Thane,600,233,367,38,Weekday,No,2025-10-22,low
TR7152,Aurangabad,Navi Mumbai,600,137,463,21,Weekend,No,2025-02-15,low
TR7153,Aurangabad,Amravati,600,169,431,53,Weekday,Yes,2025-02-04,low
TR7154,Aurangabad,Jodhpur,600,130,470,46,Weekday,No,2025-05-26,low
TR7155,Aurangabad,Udaipur,600,106,494,31,Weekend,No,2024-05-25,low
TR7156,Aurangabad,Ajmer,600,141,459,28,Weekday,No,2025-07-02,low
TR7157,Aurangabad,Kota,600,233,367,47,Weekend,No,2024-06-08,low
TR7158,Aurangabad,Bikaner,600,209,391,13,Weekday,No,2025-05-09,low
TR7159,Aurangabad,Alwar,600,122,478,13,Weekend,No,2024-08-11,low
TR7160,Aurangabad,Varanasi,600,154,446,24,Weekend,No,2025-06-29,low
TR7161,Aurangabad,Prayagraj,600,205,395,7,Weekday,No,2025-08-01,low
TR7162,Aurangabad,Agra,600,142,458,27,Weekend,No,2024-06-01,low
TR7163,Aurangabad,Meerut,600,173,427,25,Weekday,No,2025-03-27,low
TR7164,Aurangabad,Bareilly,600,188,412,30,Weekday,No,2024-12-30,low
TR7165,Aurangabad,Gorakhpur,600,188,412,27,Weekday,No,2024-08-02,low
TR7166,Aurangabad,Mathura,600,181,419,53,Weekday,No,2025-03-06,low
TR7167,Aurangabad,Dehradun,600,138,462,16,Weekday,No,2025-12-26,low
TR7168,Aurangabad,Haridwar,600,143,457,24,Weekday,Yes,2024-01-02,low
TR7169,Aurangabad,Amritsar,600,115,485,44,Weekend,No,2025-11-30,low
TR7170,Aurangabad,Ludhiana,600,94,506,17,Weekday,No,2025-09-17,low
TR7171,Aurangabad,Jalandhar,600,163,437,39,Weekday,No,2025-01-21,low
TR7172,Aurangabad,Patiala,600,208,392,57,Weekday,No,2025-03-21,low
TR7173,Aurangabad,Chandigarh,600,103,497,22,Weekday,No,2024-09-26,low
TR7174,Aurangabad,Jammu,600,182,418,14,Weekday,No,2024-04-04,low
TR7175,Aurangabad,Srinagar,600,207,393,11,Weekday,No,2025-02-21,low
TR7176,Aurangabad,Raipur,600,90,510,0,Weekday,No,2025-08-19,low
TR7177,Aurangabad,Bilaspur,600,156,444,17,Weekday,No,2024-06-17,low
TR7178,Aurangabad,Durg,600,248,352,50,Weekend,No,2025-06-08,medium
TR7179,Aurangabad,Jabalpur,600,195,405,15,Weekday,No,2025-06-30,low
TR7180,Aurangabad,Gwalior,600,90,510,57,Weekday,No,2025-07-08,low
TR7181,Aurangabad,Ujjain,600,201,399,57,Weekday,No,2024-09-05,low
TR7182,Aurangabad,Rewa,600,133,467,40,Weekend,No,2024-10-13,low
TR7183,Aurangabad,Dhanbad,600,202,398,58,Weekday,No,2024-10-31,low
TR7184,Aurangabad,Asansol,600,136,464,24,Weekday,No,2025-09-16,low
TR7185,Aurangabad,Jamshedpur,600,166,434,57,Weekday,No,2025-10-20,low
TR7186,Aurangabad,Tatanagar,600,143,457,32,Weekday,No,2024-10-29,low
TR7187,Aurangabad,Gaya,600,169,431,4,Weekday,Yes,2025-12-10,low
TR7188,Aurangabad,Muzaffarpur,600,142,458,49,Weekday,No,2025-02-21,low
TR7189,Aurangabad,Bhagalpur,600,158,442,57,Weekday,No,2024-10-08,low
TR7190,Aurangabad,Siliguri,600,113,487,53,Weekday,No,2024-01-01,low
TR7191,Aurangabad,New Jalpaiguri,600,192,408,25,Weekend,Yes,2025-03-22,low
TR7192,Aurangabad,Durgapur,600,177,423,6,Weekday,No,2025-04-16,low
TR7193,Aurangabad,Howrah,600,91,509,35,Weekday,No,2025-12-08,low
TR7194,Aurangabad,Malda,600,217,383,52,Weekend,No,2025-06-08,low
TR7195,Aurangabad,Panaji,600,160,440,50,Weekday,No,2024-01-22,low
TR7196,Kolhapur,Delhi,600,177,423,37,Weekday,No,2025-02-18,low
TR7197,Kolhapur,New Delhi,600,206,394,47,Weekday,No,2025-06-26,low
TR7198,Kolhapur,Mumbai,600,185,415,1,Weekend,No,2024-12-28,low
TR7199,Kolhapur,Chennai,600,225,375,37,Weekend,No,2024-11-09,low
TR7200,Kolhapur,Kolkata,600,155,445,6,Weekday,No,2025-08-15,low
TR7201,Kolhapur,Bangalore,600,219,381,44,Weekend,No,2025-03-22,low
TR7202,Kolhapur,Hyderabad,600,175,425,2,Weekday,No,2025-05-13,low
TR7203,Kolhapur,Pune,600,193,407,35,Weekday,No,2024-12-05,low
TR7204,Kolhapur,Ahmedabad,600,188,412,56,Weekday,No,2024-07-22,low
TR7205,Kolhapur,Jaipur,600,229,371,6,Weekday,No,2025-01-14,low
TR7206,Kolhapur,Surat,600,204,396,25,Weekday,No,2025-12-02,low
TR7207,Kolhapur,Lucknow,600,148,452,2,Weekend,No,2025-03-16,low
TR7208,Kolhapur,Kanpur,600,138,462,42,Weekend,No,2025-06-01,low
TR7209,Kolhapur,Nagpur,600,167,433,55,Weekend,Yes,2024-03-31,low
TR7210,Kolhapur,Indore,600,132,468,0,Weekday,No,2025-12-23,low
TR7211,Kolhapur,Bhopal,600,118,482,32,Weekday,No,2024-06-27,low
TR7212,Kolhapur,Patna,600,90,510,47,Weekday,No,2025-12-10,low
TR7213,Kolhapur,Ranchi,600,95,505,1,Weekday,No,2024-11-21,low
TR7214,Kolhapur,Bhubaneswar,600,264,336,28,Weekend,No,2025-11-02,medium
TR7215,Kolhapur,Cuttack,600,137,463,7,Weekday,No,2025-10-13,low
TR7216,Kolhapur,Puri,600,260,340,55,Weekend,No,2025-07-06,medium
TR7217,Kolhapur,Rourkela,600,188,412,30,Weekday,No,2025-10-31,low
TR7218,Kolhapur,Sambalpur,600,167,433,31,Weekday,No,2025-03-21,low
TR7219,Kolhapur,Guwahati,600,97,503,59,Weekday,No,2025-09-12,low
TR7220,Kolhapur,Dibrugarh,600,169,431,47,Weekend,No,2024-05-05,low
TR7221,Kolhapur,Agartala,600,260,340,18,Weekday,No,2024-02-21,medium
TR7222,Kolhapur,Silchar,600,244,356,37,Weekend,No,2025-02-01,medium
TR7223,Kolhapur,Visakhapatnam,600,182,418,17,Weekday,No,2025-08-14,low
TR7224,Kolhapur,Vijayawada,600,114,486,31,Weekend,Yes,2025-07-13,low
TR7225,Kolhapur,Guntur,600,123,477,48,Weekday,No,2025-01-20,low
TR7226,Kolhapur,Tirupati,600,128,472,56,Weekday,No,2025-01-15,low
TR7227,Kolhapur,Rajahmundry,600,230,370,57,Weekday,No,2025-03-21,low
TR7228,Kolhapur,Warangal,600,247,353,29,Weekday,No,2025-09-26,medium
TR7229,Kolhapur,Nizamabad,600,178,422,53,Weekend,No,2025-09-07,low
TR7230,Kolhapur,Coimbatore,600,154,446,53,Weekday,No,2024-03-21,low
TR7231,Kolhapur,Madurai,600,243,357,32,Weekday,No,2025-03-11,medium
TR7232,Kolhapur,Trichy,600,122,478,2,Weekend,No,2024-10-05,low
TR7233,Kolhapur,Salem,600,171,429,7,Weekday,No,2025-08-07,low
TR7234,Kolhapur,Erode,600,191,409,39,Weekend,No,2025-01-04,low
TR7235,Kolhapur,Tirunelveli,600,128,472,49,Weekday,No,2025-12-25,low
TR7236,Kolhapur,Thoothukudi,600,138,462,54,Weekday,No,2024-11-12,low
TR7237,Kolhapur,Vellore,600,135,465,14,Weekend,No,2025-05-11,low
TR7238,Kolhapur,Kochi,600,237,363,53,Weekday,No,2024-03-20,low
TR7239,Kolhapur,Thiruvananthapuram,600,261,339,49,Weekday,No,2025-11-12,medium
TR7240,Kolhapur,Kozhikode,600,174,426,29,Weekday,No,2024-04-22,low
TR7241,Kolhapur,Thrissur,600,156,444,22,Weekday,No,2024-10-03,low
TR7242,Kolhapur,Kollam,600,140,460,28,Weekday,No,2025-09-04,low
TR7243,Kolhapur,Mysore,600,169,431,40,Weekday,No,2025-12-08,low
TR7244,Kolhapur,Mangalore,600,143,457,48,Weekday,No,2024-12-20,low
TR7245,Kolhapur,Hubli,600,164,436,10,Weekday,No,2024-12-20,low
TR7246,Kolhapur,Belgaum,600,189,411,20,Weekday,No,2024-02-05,low
TR7247,Kolhapur,Davangere,600,149,451,7,Weekday,No,2025-12-16,low
TR7248,Kolhapur,Vadodara,600,160,440,56,Weekend,No,2024-01-13,low
TR7249,Kolhapur,Rajkot,600,160,440,24,Weekend,No,2024-01-20,low
TR7250,Kolhapur,Jamnagar,600,154,446,15,Weekday,No,2024-12-12,low
TR7251,Kolhapur,Bhavnagar,600,148,452,12,Weekday,No,2024-01-03,low
TR7252,Kolhapur,Gandhinagar,600,206,394,4,Weekday,No,2024-04-30,low
TR7253,Kolhapur,Nashik,600,90,510,28,Weekday,No,2025-04-03,low
TR7254,Kolhapur,Aurangabad,600,245,355,46,Weekday,No,2025-05-30,medium
TR7255,Kolhapur,Solapur,600,175,425,19,Weekday,No,2024-08-05,low
TR7256,Kolhapur,Thane,600,198,402,24,Weekday,No,2025-08-04,low
TR7257,Kolhapur,Navi Mumbai,600,204,396,38,Weekday,No,2025-03-20,low
TR7258,Kolhapur,Amravati,600,135,465,21,Weekend,No,2024-06-15,low
TR7259,Kolhapur,Jodhpur,600,125,475,44,Weekday,No,2025-06-04,low
TR7260,Kolhapur,Udaipur,600,119,481,19,Weekend,No,2025-03-08,low
TR7261,Kolhapur,Ajmer,600,157,443,26,Weekend,Yes,2025-08-16,low
TR7262,Kolhapur,Kota,600,203,397,58,Weekday,No,2024-04-22,low
TR7263,Kolhapur,Bikaner,600,141,459,50,Weekday,No,2024-06-17,low
TR7264,Kolhapur,Alwar,600,198,402,34,Weekday,No,2024-08-09,low
TR7265,Kolhapur,Varanasi,600,90,510,23,Weekday,No,2024-09-06,low
TR7266,Kolhapur,Prayagraj,600,150,450,59,Weekend,No,2025-10-11,low
TR7267,Kolhapur,Agra,600,225,375,27,Weekday,No,2025-06-19,low
TR7268,Kolhapur,Meerut,600,161,439,20,Weekend,No,2025-02-01,low
TR7269,Kolhapur,Bareilly,600,129,471,35,Weekday,No,2025-01-30,low
TR7270,Kolhapur,Gorakhpur,600,137,463,24,Weekday,No,2025-10-09,low
TR7271,Kolhapur,Mathura,600,90,510,53,Weekday,No,2024-11-22,low
TR7272,Kolhapur,Dehradun,600,120,480,12,Weekday,No,2024-06-13,low
TR7273,Kolhapur,Haridwar,600,220,380,3,Weekday,No,2024-04-10,low
TR7274,Kolhapur,Amritsar,600,141,459,25,Weekday,No,2024-08-29,low
TR7275,Kolhapur,Ludhiana,600,147,453,56,Weekday,No,2025-04-22,low
TR7276,Kolhapur,Jalandhar,600,90,510,3,Weekday,No,2024-12-10,low
TR7277,Kolhapur,Patiala,600,91,509,48,Weekday,Yes,2024-11-04,low
TR7278,Kolhapur,Chandigarh,600,226,374,0,Weekday,No,2024-12-16,low
TR7279,Kolhapur,Jammu,600,199,401,33,Weekend,No,2025-12-13,low
TR7280,Kolhapur,Srinagar,600,107,493,27,Weekday,No,2025-12-30,low
TR7281,Kolhapur,Raipur,600,139,461,9,Weekend,Yes,2024-04-27,low
TR7282,Kolhapur,Bilaspur,600,168,432,44,Weekend,Yes,2024-03-24,low
TR7283,Kolhapur,Durg,600,112,488,10,Weekday,No,2024-06-27,low
TR7284,Kolhapur,Jabalpur,600,90,510,26,Weekend,No,2025-09-14,low
TR7285,Kolhapur,Gwalior,600,161,439,33,Weekend,No,2024-12-01,low
TR7286,Kolhapur,Ujjain,600,196,404,31,Weekday,No,2025-09-23,low
TR7287,Kolhapur,Rewa,600,197,403,1,Weekday,No,2025-04-17,low
TR7288,Kolhapur,Dhanbad,600,211,389,26,Weekend,No,2025-02-08,low
TR7289,Kolhapur,Asansol,600,94,506,39,Weekday,No,2024-07-24,low
TR7290,Kolhapur,Jamshedpur,600,172,428,31,Weekend,No,2024-09-08,low
TR7291,Kolhapur,Tatanagar,600,156,444,43,Weekday,No,2024-04-17,low
TR7292,Kolhapur,Gaya,600,165,435,46,Weekday,No,2025-01-14,low
TR7293,Kolhapur,Muzaffarpur,600,159,441,10,Weekday,No,2024-07-23,low
TR7294,Kolhapur,Bhagalpur,600,137,463,48,Weekday,No,2024-08-01,low
TR7295,Kolhapur,Siliguri,600,90,510,53,Weekday,No,2024-01-29,low
TR7296,Kolhapur,New Jalpaiguri,600,225,375,50,Weekday,No,2025-08-07,low
TR7297,Kolhapur,Durgapur,600,185,415,51,Weekday,No,2025-11-17,low
TR7298,Kolhapur,Howrah,600,98,502,12,Weekday,No,2024-12-30,low
TR7299,Kolhapur,Malda,600,192,408,39,Weekend,No,2025-01-26,low
TR7300,Kolhapur,Panaji,600,147,453,27,Weekday,No,2025-11-07,low
TR7301,Solapur,Delhi,600,149,451,59,Weekday,No,2025-01-08,low
TR7302,Solapur,New Delhi,600,132,468,49,Weekday,No,2025-03-31,low
TR7303,Solapur,Mumbai,600,195,405,9,Weekday,No,2024-11-08,low
TR7304,Solapur,Chennai,600,131,469,56,Weekday,No,2025-01-10,low
TR7305,Solapur,Kolkata,600,116,484,41,Weekday,No,2025-01-16,low
TR7306,Solapur,Bangalore,600,223,377,32,Weekday,No,2025-06-03,low
TR7307,Solapur,Hyderabad,600,160,440,26,Weekday,No,2025-03-17,low
TR7308,Solapur,Pune,600,162,438,29,Weekday,No,2025-01-03,low
TR7309,Solapur,Ahmedabad,600,202,398,46,Weekend,No,2024-02-25,low
TR7310,Solapur,Jaipur,600,137,463,45,Weekday,No,2025-10-23,low
TR7311,Solapur,Surat,600,146,454,33,Weekend,No,2025-10-11,low
TR7312,Solapur,Lucknow,600,184,416,59,Weekday,No,2024-05-14,low
TR7313,Solapur,Kanpur,600,95,505,13,Weekday,No,2024-08-02,low
TR7314,Solapur,Nagpur,600,180,420,25,Weekday,No,2025-12-12,low
TR7315,Solapur,Indore,600,133,467,35,Weekday,No,2024-08-22,low
TR7316,Solapur,Bhopal,600,210,390,9,Weekend,No,2025-08-16,low
TR7317,Solapur,Patna,600,195,405,29,Weekday,No,2025-07-28,low
TR7318,Solapur,Ranchi,600,189,411,50,Weekend,No,2025-09-21,low
TR7319,Solapur,Bhubaneswar,600,92,508,40,Weekday,Yes,2024-01-12,low
TR7320,Solapur,Cuttack,600,164,436,42,Weekday,No,2024-12-19,low
TR7321,Solapur,Puri,600,112,488,9,Weekday,No,2025-02-17,low
TR7322,Solapur,Rourkela,600,167,433,8,Weekday,No,2025-09-03,low
TR7323,Solapur,Sambalpur,600,90,510,26,Weekday,No,2024-06-13,low
TR7324,Solapur,Guwahati,600,95,505,19,Weekday,No,2024-08-12,low
TR7325,Solapur,Dibrugarh,600,226,374,0,Weekend,No,2024-05-11,low
TR7326,Solapur,Agartala,600,187,413,33,Weekday,Yes,2025-07-10,low
TR7327,Solapur,Silchar,600,152,448,45,Weekday,No,2025-12-31,low
TR7328,Solapur,Visakhapatnam,600,125,475,43,Weekday,No,2024-04-12,low
TR7329,Solapur,Vijayawada,600,117,483,6,Weekday,No,2024-06-19,low
TR7330,Solapur,Guntur,600,179,421,46,Weekday,No,2024-08-12,low
TR7331,Solapur,Tirupati,600,152,448,22,Weekend,Yes,2025-10-11,low
TR7332,Solapur,Rajahmundry,600,243,357,9,Weekday,No,2024-11-21,medium
TR7333,Solapur,Warangal,600,160,440,28,Weekday,No,2024-07-25,low
TR7334,Solapur,Nizamabad,600,172,428,13,Weekday,No,2024-08-23,low
TR7335,Solapur,Coimbatore,600,102,498,40,Weekday,No,2025-03-13,low
TR7336,Solapur,Madurai,600,152,448,44,Weekday,No,2024-10-09,low
TR7337,Solapur,Trichy,600,177,423,43,Weekday,No,2024-04-12,low
TR7338,Solapur,Salem,600,151,449,6,Weekday,No,2025-08-22,low
TR7339,Solapur,Erode,600,146,454,20,Weekday,No,2024-11-04,low
TR7340,Solapur,Tirunelveli,600,185,415,29,Weekend,No,2024-07-06,low
TR7341,Solapur,Thoothukudi,600,242,358,59,Weekday,No,2025-06-16,medium
TR7342,Solapur,Vellore,600,176,424,32,Weekend,Yes,2025-06-28,low
TR7343,Solapur,Kochi,600,224,376,39,Weekday,No,2024-04-23,low
TR7344,Solapur,Thiruvananthapuram,600,199,401,20,Weekday,No,2024-02-23,low
TR7345,Solapur,Kozhikode,600,221,379,17,Weekend,No,2024-02-03,low
TR7346,Solapur,Thrissur,600,140,460,47,Weekend,No,2025-07-13,low
TR7347,Solapur,Kollam,600,159,441,50,Weekday,No,2025-04-02,low
TR7348,Solapur,Mysore,600,159,441,3,Weekday,No,2025-08-01,low
TR7349,Solapur,Mangalore,600,195,405,32,Weekday,No,2025-04-02,low
TR7350,Solapur,Hubli,600,207,393,46,Weekend,No,2024-10-20,low
TR7351,Solapur,Belgaum,600,175,425,9,Weekday,No,2025-03-06,low
TR7352,Solapur,Davangere,600,211,389,38,Weekday,No,2025-06-12,low
TR7353,Solapur,Vadodara,600,142,458,28,Weekday,No,2024-10-18,low
TR7354,Solapur,Rajkot,600,211,389,30,Weekday,No,2025-10-30,low
TR7355,Solapur,Jamnagar,600,218,382,35,Weekend,No,2025-10-19,low
TR7356,Solapur,Bhavnagar,600,201,399,52,Weekday,No,2025-08-08,low
TR7357,Solapur,Gandhinagar,600,175,425,5,Weekday,No,2025-12-26,low
TR7358,Solapur,Nashik,600,203,397,12,Weekend,No,2024-10-12,low
TR7359,Solapur,Aurangabad,600,126,474,20,Weekend,No,2024-03-24,low
TR7360,Solapur,Kolhapur,600,178,422,48,Weekday,No,2024-12-19,low
TR7361,Solapur,Thane,600,183,417,35,Weekend,No,2025-06-29,low
TR7362,Solapur,Navi Mumbai,600,105,495,11,Weekday,No,2025-07-23,low
TR7363,Solapur,Amravati,600,192,408,1,Weekday,No,2024-10-11,low
TR7364,Solapur,Jodhpur,600,109,491,59,Weekday,No,2024-08-01,low
TR7365,Solapur,Udaipur,600,148,452,8,Weekday,No,2024-11-21,low
TR7366,Solapur,Ajmer,600,171,429,1,Weekend,No,2025-08-10,low
TR7367,Solapur,Kota,600,134,466,24,Weekday,No,2024-02-14,low
TR7368,Solapur,Bikaner,600,173,427,33,Weekday,No,2024-08-27,low
TR7369,Solapur,Alwar,600,172,428,15,Weekday,No,2024-06-17,low
TR7370,Solapur,Varanasi,600,130,470,10,Weekday,No,2025-08-12,low
TR7371,Solapur,Prayagraj,600,196,404,5,Weekday,No,2024-12-09,low
TR7372,Solapur,Agra,600,132,468,24,Weekday,No,2024-03-04,low
TR7373,Solapur,Meerut,600,279,321,57,Weekday,No,2024-07-10,medium
TR7374,Solapur,Bareilly,600,164,436,8,Weekday,No,2024-02-02,low
TR7375,Solapur,Gorakhpur,600,113,487,34,Weekday,No,2024-12-13,low
TR7376,Solapur,Mathura,600,122,478,11,Weekday,No,2025-12-30,low
TR7377,Solapur,Dehradun,600,224,376,40,Weekday,No,2025-02-18,low
TR7378,Solapur,Haridwar,600,149,451,3,Weekend,No,2025-09-27,low
TR7379,Solapur,Amritsar,600,103,497,12,Weekday,No,2025-06-26,low
TR7380,Solapur,Ludhiana,600,210,390,0,Weekday,No,2025-10-07,low
TR7381,Solapur,Jalandhar,600,149,451,38,Weekday,No,2024-08-15,low
TR7382,Solapur,Patiala,600,200,400,43,Weekday,No,2025-11-26,low
TR7383,Solapur,Chandigarh,600,214,386,10,Weekend,Yes,2024-06-23,low
TR7384,Solapur,Jammu,600,182,418,27,Weekend,No,2024-11-16,low
TR7385,Solapur,Srinagar,600,284,316,17,Weekday,No,2025-05-13,medium
TR7386,Solapur,Raipur,600,90,510,2,Weekend,No,2024-07-28,low
TR7387,Solapur,Bilaspur,600,130,470,2,Weekday,No,2024-07-12,low
TR7388,Solapur,Durg,600,157,443,56,Weekday,No,2024-04-05,low
TR7389,Solapur,Jabalpur,600,277,323,38,Weekday,No,2024-01-04,medium
TR7390,Solapur,Gwalior,600,255,345,39,Weekday,No,2025-01-01,medium
TR7391,Solapur,Ujjain,600,231,369,17,Weekday,No,2025-12-22,low
TR7392,Solapur,Rewa,600,131,469,15,Weekend,No,2024-06-09,low
TR7393,Solapur,Dhanbad,600,136,464,47,Weekend,Yes,2024-11-17,low
TR7394,Solapur,Asansol,600,129,471,26,Weekday,No,2025-11-14,low
TR7395,Solapur,Jamshedpur,600,131,469,6,Weekday,No,2025-07-18,low
TR7396,Solapur,Tatanagar,600,241,359,29,Weekday,No,2024-01-03,medium
TR7397,Solapur,Gaya,600,157,443,31,Weekday,Yes,2024-12-31,low
TR7398,Solapur,Muzaffarpur,600,164,436,34,Weekend,No,2024-04-14,low
TR7399,Solapur,Bhagalpur,600,206,394,32,Weekend,No,2024-06-29,low
TR7400,Solapur,Siliguri,600,90,510,51,Weekend,No,2024-06-29,low
TR7401,Solapur,New Jalpaiguri,600,171,429,14,Weekend,No,2025-03-23,low
TR7402,Solapur,Durgapur,600,116,484,35,Weekend,No,2024-05-25,low
TR7403,Solapur,Howrah,600,155,445,53,Weekday,No,2024-07-03,low
TR7404,Solapur,Malda,600,141,459,58,Weekday,No,2024-06-14,low
TR7405,Solapur,Panaji,600,138,462,57,Weekday,No,2024-09-17,low
TR7406,Thane,Delhi,600,180,420,43,Weekday,No,2025-04-24,low
TR7407,Thane,New Delhi,600,180,420,6,Weekend,Yes,2024-10-19,low
TR7408,Thane,Mumbai,600,158,442,59,Weekday,No,2024-08-27,low
TR7409,Thane,Chennai,600,187,413,1,Weekday,No,2025-01-13,low
TR7410,Thane,Kolkata,600,127,473,33,Weekday,No,2025-03-25,low
TR7411,Thane,Bangalore,600,202,398,26,Weekday,No,2024-01-12,low
TR7412,Thane,Hyderabad,600,159,441,40,Weekend,No,2025-10-12,low
TR7413,Thane,Pune,600,146,454,46,Weekday,No,2025-10-31,low
TR7414,Thane,Ahmedabad,600,131,469,44,Weekend,No,2025-03-16,low
TR7415,Thane,Jaipur,600,157,443,13,Weekday,Yes,2025-02-24,low
TR7416,Thane,Surat,600,259,341,45,Weekday,No,2025-05-22,medium
TR7417,Thane,Lucknow,600,166,434,45,Weekday,No,2024-11-18,low
TR7418,Thane,Kanpur,600,114,486,1,Weekday,No,2024-09-24,low
TR7419,Thane,Nagpur,600,213,387,38,Weekend,No,2024-09-14,low
TR7420,Thane,Indore,600,146,454,7,Weekday,No,2024-04-26,low
TR7421,Thane,Bhopal,600,183,417,33,Weekend,No,2025-09-06,low
TR7422,Thane,Patna,600,140,460,13,Weekday,No,2024-08-22,low
TR7423,Thane,Ranchi,600,230,370,21,Weekday,No,2024-07-26,low
TR7424,Thane,Bhubaneswar,600,141,459,16,Weekday,No,2025-12-05,low
TR7425,Thane,Cuttack,600,236,364,51,Weekend,No,2025-01-05,low
TR7426,Thane,Puri,600,119,481,54,Weekend,Yes,2025-03-30,low
TR7427,Thane,Rourkela,600,155,445,47,Weekday,No,2024-06-28,low
TR7428,Thane,Sambalpur,600,236,364,43,Weekend,No,2024-07-21,low
TR7429,Thane,Guwahati,600,177,423,21,Weekday,No,2025-06-16,low
TR7430,Thane,Dibrugarh,600,278,322,8,Weekday,No,2024-11-25,medium
TR7431,Thane,Agartala,600,156,444,34,Weekday,No,2024-04-18,low
TR7432,Thane,Silchar,600,181,419,25,Weekday,No,2025-09-02,low
TR7433,Thane,Visakhapatnam,600,260,340,16,Weekday,No,2024-10-21,medium
TR7434,Thane,Vijayawada,600,96,504,14,Weekend,No,2025-05-03,low
TR7435,Thane,Guntur,600,90,510,9,Weekday,No,2024-09-06,low
TR7436,Thane,Tirupati,600,131,469,49,Weekday,No,2025-02-13,low
TR7437,Thane,Rajahmundry,600,208,392,19,Weekend,No,2025-07-20,low
TR7438,Thane,Warangal,600,92,508,55,Weekday,No,2025-10-09,low
TR7439,Thane,Nizamabad,600,198,402,40,Weekday,No,2024-05-31,low
TR7440,Thane,Coimbatore,600,194,406,9,Weekday,No,2025-05-06,low
TR7441,Thane,Madurai,600,266,334,3,Weekday,No,2025-10-30,medium
TR7442,Thane,Trichy,600,219,381,24,Weekday,No,2025-04-14,low
TR7443,Thane,Salem,600,186,414,4,Weekend,Yes,2024-04-14,low
TR7444,Thane,Erode,600,234,366,57,Weekend,No,2024-05-18,low
TR7445,Thane,Tirunelveli,600,195,405,54,Weekday,No,2024-05-28,low
TR7446,Thane,Thoothukudi,600,147,453,39,Weekday,No,2024-03-18,low
TR7447,Thane,Vellore,600,114,486,17,Weekday,No,2025-07-04,low
TR7448,Thane,Kochi,600,142,458,52,Weekend,No,2025-12-06,low
TR7449,Thane,Thiruvananthapuram,600,167,433,38,Weekend,No,2025-01-12,low
TR7450,Thane,Kozhikode,600,177,423,21,Weekday,No,2025-03-13,low
TR7451,Thane,Thrissur,600,90,510,52,Weekend,No,2025-07-19,low
TR7452,Thane,Kollam,600,158,442,12,Weekday,No,2024-10-30,low
TR7453,Thane,Mysore,600,170,430,34,Weekday,No,2024-12-11,low
TR7454,Thane,Mangalore,600,195,405,41,Weekday,Yes,2025-03-06,low
TR7455,Thane,Hubli,600,247,353,54,Weekend,No,2024-08-10,medium
TR7456,Thane,Belgaum,600,178,422,8,Weekday,Yes,2024-02-15,low
TR7457,Thane,Davangere,600,125,475,17,Weekday,No,2025-02-19,low
TR7458,Thane,Vadodara,600,90,510,50,Weekend,No,2025-08-23,low
TR7459,Thane,Rajkot,600,202,398,29,Weekday,No,2024-02-23,low
TR7460,Thane,Jamnagar,600,127,473,45,Weekday,No,2024-06-07,low
TR7461,Thane,Bhavnagar,600,211,389,46,Weekday,No,2024-07-11,low
TR7462,Thane,Gandhinagar,600,236,364,18,Weekday,No,2025-08-11,low
TR7463,Thane,Nashik,600,95,505,19,Weekday,No,2025-01-03,low
TR7464,Thane,Aurangabad,600,196,404,29,Weekend,No,2025-01-25,low
TR7465,Thane,Kolhapur,600,231,369,1,Weekday,No,2025-04-16,low
TR7466,Thane,Solapur,600,218,382,47,Weekend,No,2024-07-21,low
TR7467,Thane,Navi Mumbai,600,90,510,6,Weekday,No,2025-06-05,low
TR7468,Thane,Amravati,600,128,472,56,Weekday,No,2024-01-23,low
TR7469,Thane,Jodhpur,600,107,493,46,Weekend,No,2024-03-24,low
TR7470,Thane,Udaipur,600,194,406,21,Weekday,No,2025-08-19,low
TR7471,Thane,Ajmer,600,189,411,4,Weekend,No,2025-04-26,low
TR7472,Thane,Kota,600,90,510,47,Weekday,No,2024-05-08,low
TR7473,Thane,Bikaner,600,155,445,26,Weekend,No,2024-11-16,low
TR7474,Thane,Alwar,600,207,393,11,Weekday,No,2024-02-07,low
TR7475,Thane,Varanasi,600,176,424,25,Weekday,No,2025-05-06,low
TR7476,Thane,Prayagraj,600,176,424,54,Weekend,No,2025-07-06,low
TR7477,Thane,Agra,600,151,449,41,Weekday,No,2024-07-22,low
TR7478,Thane,Meerut,600,118,482,41,Weekday,No,2024-09-12,low
TR7479,Thane,Bareilly,600,168,432,30,Weekend,No,2024-06-22,low
TR7480,Thane,Gorakhpur,600,171,429,9,Weekday,No,2024-10-11,low
TR7481,Thane,Mathura,600,198,402,56,Weekday,No,2024-07-18,low
TR7482,Thane,Dehradun,600,202,398,44,Weekend,No,2024-06-29,low
TR7483,Thane,Haridwar,600,173,427,30,Weekend,No,2024-11-10,low
TR7484,Thane,Amritsar,600,222,378,43,Weekend,No,2025-09-20,low
TR7485,Thane,Ludhiana,600,151,449,21,Weekday,No,2025-07-11,low
TR7486,Thane,Jalandhar,600,100,500,44,Weekday,No,2024-08-05,low
TR7487,Thane,Patiala,600,192,408,58,Weekday,No,2025-11-20,low
TR7488,Thane,Chandigarh,600,175,425,20,Weekend,No,2024-06-02,low
TR7489,Thane,Jammu,600,193,407,0,Weekday,No,2025-10-27,low
TR7490,Thane,Srinagar,600,108,492,44,Weekday,No,2024-08-14,low
TR7491,Thane,Raipur,600,255,345,51,Weekday,No,2025-01-29,medium
TR7492,Thane,Bilaspur,600,203,397,49,Weekday,No,2024-05-28,low
TR7493,Thane,Durg,600,155,445,58,Weekday,No,2025-07-11,low
TR7494,Thane,Jabalpur,600,124,476,20,Weekday,No,2024-08-20,low
TR7495,Thane,Gwalior,600,221,379,55,Weekday,No,2025-09-29,low
TR7496,Thane,Ujjain,600,116,484,12,Weekday,No,2024-03-01,low
TR7497,Thane,Rewa,600,277,323,35,Weekday,No,2025-01-01,medium
TR7498,Thane,Dhanbad,600,140,460,53,Weekday,No,2024-04-25,low
TR7499,Thane,Asansol,600,252,348,54,Weekend,No,2025-10-11,medium
TR7500,Thane,Jamshedpur,600,160,440,37,Weekday,No,2024-10-31,low
TR7501,Thane,Tatanagar,600,245,355,32,Weekday,No,2025-05-08,medium
TR7502,Thane,Gaya,600,134,466,27,Weekend,No,2025-10-04,low
TR7503,Thane,Muzaffarpur,600,170,430,52,Weekend,No,2025-01-26,low
TR7504,Thane,Bhagalpur,600,208,392,52,Weekend,No,2024-02-11,low
TR7505,Thane,Siliguri,600,201,399,14,Weekday,No,2024-06-10,low
TR7506,Thane,New Jalpaiguri,600,222,378,8,Weekday,No,2024-06-04,low
TR7507,Thane,Durgapur,600,146,454,48,Weekday,No,2025-10-30,low
TR7508,Thane,Howrah,600,173,427,48,Weekend,No,2025-10-26,low
TR7509,Thane,Malda,600,229,371,5,Weekend,No,2024-12-14,low
TR7510,Thane,Panaji,600,135,465,29,Weekend,Yes,2025-10-12,low
TR7511,Navi Mumbai,Delhi,600,196,404,30,Weekday,No,2024-06-28,low
TR7512,Navi Mumbai,New Delhi,600,158,442,2,Weekend,No,2025-05-11,low
TR7513,Navi Mumbai,Mumbai,600,179,421,39,Weekend,Yes,2024-10-13,low
TR7514,Navi Mumbai,Chennai,600,173,427,58,Weekday,No,2024-06-24,low
TR7515,Navi Mumbai,Kolkata,600,131,469,12,Weekday,No,2024-07-01,low
TR7516,Navi Mumbai,Bangalore,600,156,444,46,Weekend,Yes,2024-11-02,low
TR7517,Navi Mumbai,Hyderabad,600,176,424,4,Weekday,No,2024-09-05,low
TR7518,Navi Mumbai,Pune,600,164,436,12,Weekday,No,2024-06-03,low
TR7519,Navi Mumbai,Ahmedabad,600,244,356,33,Weekend,No,2024-09-01,medium
TR7520,Navi Mumbai,Jaipur,600,217,383,55,Weekday,No,2024-04-03,low
TR7521,Navi Mumbai,Surat,600,183,417,53,Weekday,No,2025-12-09,low
TR7522,Navi Mumbai,Lucknow,600,132,468,56,Weekday,No,2024-10-04,low
TR7523,Navi Mumbai,Kanpur,600,129,471,59,Weekday,No,2024-03-19,low
TR7524,Navi Mumbai,Nagpur,600,264,336,48,Weekday,No,2025-02-24,medium
TR7525,Navi Mumbai,Indore,600,120,480,21,Weekday,No,2025-10-07,low
TR7526,Navi Mumbai,Bhopal,600,174,426,7,Weekday,Yes,2024-09-20,low
TR7527,Navi Mumbai,Patna,600,186,414,49,Weekday,No,2025-09-09,low
TR7528,Navi Mumbai,Ranchi,600,154,446,11,Weekend,No,2025-03-22,low
TR7529,Navi Mumbai,Bhubaneswar,600,121,479,31,Weekday,No,2025-06-24,low
TR7530,Navi Mumbai,Cuttack,600,131,469,45,Weekend,Yes,2024-08-04,low
TR7531,Navi Mumbai,Puri,600,143,457,2,Weekend,No,2024-01-27,low
TR7532,Navi Mumbai,Rourkela,600,135,465,54,Weekday,No,2024-09-09,low
TR7533,Navi Mumbai,Sambalpur,600,233,367,18,Weekday,No,2025-11-06,low
TR7534,Navi Mumbai,Guwahati,600,169,431,12,Weekday,No,2025-07-31,low
TR7535,Navi Mumbai,Dibrugarh,600,144,456,22,Weekend,No,2025-07-27,low
TR7536,Navi Mumbai,Agartala,600,174,426,27,Weekend,No,2025-10-04,low
TR7537,Navi Mumbai,Silchar,600,201,399,27,Weekend,No,2024-09-29,low
TR7538,Navi Mumbai,Visakhapatnam,600,152,448,9,Weekday,No,2024-08-23,low
TR7539,Navi Mumbai,Vijayawada,600,212,388,11,Weekday,No,2025-11-07,low
TR7540,Navi Mumbai,Guntur,600,108,492,28,Weekday,No,2025-02-21,low
TR7541,Navi Mumbai,Tirupati,600,225,375,13,Weekday,No,2024-08-05,low
TR7542,Navi Mumbai,Rajahmundry,600,169,431,38,Weekday,No,2024-07-22,low
TR7543,Navi Mumbai,Warangal,600,167,433,53,Weekday,No,2025-10-03,low
TR7544,Navi Mumbai,Nizamabad,600,136,464,1,Weekday,No,2024-02-08,low
TR7545,Navi Mumbai,Coimbatore,600,110,490,2,Weekday,No,2024-02-15,low
TR7546,Navi Mumbai,Madurai,600,90,510,38,Weekday,No,2025-06-23,low
TR7547,Navi Mumbai,Trichy,600,132,468,1,Weekday,No,2024-01-01,low
TR7548,Navi Mumbai,Salem,600,197,403,38,Weekend,Yes,2024-05-05,low
TR7549,Navi Mumbai,Erode,600,123,477,29,Weekday,No,2025-12-25,low
TR7550,Navi Mumbai,Tirunelveli,600,95,505,27,Weekday,No,2024-11-07,low
TR7551,Navi Mumbai,Thoothukudi,600,125,475,36,Weekend,No,2025-06-15,low
TR7552,Navi Mumbai,Vellore,600,150,450,53,Weekend,No,2024-12-22,low
TR7553,Navi Mumbai,Kochi,600,152,448,7,Weekday,No,2024-03-07,low
TR7554,Navi Mumbai,Thiruvananthapuram,600,163,437,8,Weekday,No,2024-05-14,low
TR7555,Navi Mumbai,Kozhikode,600,219,381,41,Weekday,No,2025-07-10,low
TR7556,Navi Mumbai,Thrissur,600,229,371,3,Weekend,Yes,2024-03-10,low
TR7557,Navi Mumbai,Kollam,600,265,335,25,Weekday,No,2025-03-10,medium
TR7558,Navi Mumbai,Mysore,600,91,509,29,Weekday,No,2024-09-11,low
TR7559,Navi Mumbai,Mangalore,600,128,472,23,Weekday,Yes,2024-09-27,low
TR7560,Navi Mumbai,Hubli,600,202,398,31,Weekday,No,2025-11-27,low
TR7561,Navi Mumbai,Belgaum,600,147,453,6,Weekday,No,2025-03-18,low
TR7562,Navi Mumbai,Davangere,600,210,390,16,Weekday,Yes,2025-03-25,low
TR7563,Navi Mumbai,Vadodara,600,179,421,0,Weekday,No,2024-09-13,low
TR7564,Navi Mumbai,Rajkot,600,245,355,57,Weekend,Yes,2024-10-05,medium
TR7565,Navi Mumbai,Jamnagar,600,219,381,49,Weekday,No,2025-05-16,low
TR7566,Navi Mumbai,Bhavnagar,600,220,380,15,Weekday,No,2024-01-29,low
TR7567,Navi Mumbai,Gandhinagar,600,149,451,2,Weekend,No,2024-06-22,low
TR7568,Navi Mumbai,Nashik,600,164,436,16,Weekday,No,2025-03-14,low
TR7569,Navi Mumbai,Aurangabad,600,154,446,57,Weekday,No,2025-03-31,low
TR7570,Navi Mumbai,Kolhapur,600,97,503,48,Weekday,No,2024-03-08,low
TR7571,Navi Mumbai,Solapur,600,240,360,39,Weekday,No,2025-07-29,low
TR7572,Navi Mumbai,Thane,600,205,395,55,Weekday,No,2025-01-31,low
TR7573,Navi Mumbai,Amravati,600,152,448,10,Weekend,No,2024-06-22,low
TR7574,Navi Mumbai,Jodhpur,600,232,368,32,Weekday,No,2025-07-03,low
TR7575,Navi Mumbai,Udaipur,600,139,461,47,Weekday,No,2025-12-25,low
TR7576,Navi Mumbai,Ajmer,600,90,510,1,Weekday,No,2024-11-05,low
TR7577,Navi Mumbai,Kota,600,217,383,26,Weekday,No,2024-07-26,low
TR7578,Navi Mumbai,Bikaner,600,108,492,21,Weekday,No,2024-08-06,low
TR7579,Navi Mumbai,Alwar,600,160,440,10,Weekend,No,2025-03-09,low
TR7580,Navi Mumbai,Varanasi,600,179,421,13,Weekend,Yes,2024-02-04,low
TR7581,Navi Mumbai,Prayagraj,600,187,413,58,Weekday,No,2024-12-19,low
TR7582,Navi Mumbai,Agra,600,210,390,30,Weekday,No,2024-01-19,low
TR7583,Navi Mumbai,Meerut,600,197,403,4,Weekday,Yes,2024-01-29,low
TR7584,Navi Mumbai,Bareilly,600,195,405,40,Weekend,No,2024-11-10,low
TR7585,Navi Mumbai,Gorakhpur,600,131,469,35,Weekend,Yes,2025-06-28,low
TR7586,Navi Mumbai,Mathura,600,183,417,23,Weekday,No,2025-10-07,low
TR7587,Navi Mumbai,Dehradun,600,97,503,23,Weekday,No,2024-03-05,low
TR7588,Navi Mumbai,Haridwar,600,244,356,32,Weekday,Yes,2024-06-27,medium
TR7589,Navi Mumbai,Amritsar,600,102,498,55,Weekday,No,2024-11-04,low
TR7590,Navi Mumbai,Ludhiana,600,152,448,45,Weekend,No,2025-02-23,low
TR7591,Navi Mumbai,Jalandhar,600,106,494,24,Weekday,No,2025-12-22,low
TR7592,Navi Mumbai,Patiala,600,134,466,14,Weekday,No,2025-05-15,low
TR7593,Navi Mumbai,Chandigarh,600,170,430,6,Weekday,No,2025-01-28,low
TR7594,Navi Mumbai,Jammu,600,144,456,11,Weekday,No,2024-02-14,low
TR7595,Navi Mumbai,Srinagar,600,224,376,8,Weekday,No,2024-02-29,low
TR7596,Navi Mumbai,Raipur,600,180,420,48,Weekend,No,2024-04-21,low
TR7597,Navi Mumbai,Bilaspur,600,147,453,34,Weekday,No,2025-04-28,low
TR7598,Navi Mumbai,Durg,600,163,437,2,Weekday,Yes,2024-08-30,low
TR7599,Navi Mumbai,Jabalpur,600,227,373,55,Weekday,No,2024-06-25,low
TR7600,Navi Mumbai,Gwalior,600,213,387,9,Weekend,Yes,2025-05-04,low
TR7601,Navi Mumbai,Ujjain,600,114,486,38,Weekday,No,2025-08-19,low
TR7602,Navi Mumbai,Rewa,600,136,464,0,Weekend,Yes,2024-11-16,low
TR7603,Navi Mumbai,Dhanbad,600,192,408,35,Weekday,Yes,2025-10-06,low
TR7604,Navi Mumbai,Asansol,600,186,414,33,Weekday,No,2025-06-20,low
TR7605,Navi Mumbai,Jamshedpur,600,119,481,54,Weekend,No,2025-06-07,low
TR7606,Navi Mumbai,Tatanagar,600,205,395,36,Weekday,No,2025-09-26,low
TR7607,Navi Mumbai,Gaya,600,126,474,29,Weekday,No,2024-05-14,low
TR7608,Navi Mumbai,Muzaffarpur,600,232,368,31,Weekday,No,2025-07-08,low
TR7609,Navi Mumbai,Bhagalpur,600,194,406,37,Weekday,No,2025-12-01,low
TR7610,Navi Mumbai,Siliguri,600,115,485,24,Weekday,Yes,2025-12-26,low
TR7611,Navi Mumbai,New Jalpaiguri,600,144,456,42,Weekday,No,2025-02-26,low
TR7612,Navi Mumbai,Durgapur,600,143,457,31,Weekend,No,2025-07-05,low
TR7613,Navi Mumbai,Howrah,600,177,423,58,Weekend,Yes,2025-10-11,low
TR7614,Navi Mumbai,Malda,600,159,441,11,Weekend,Yes,2025-09-14,low
TR7615,Navi Mumbai,Panaji,600,114,486,43,Weekend,No,2025-10-18,low
TR7616,Amravati,Delhi,600,102,498,49,Weekend,No,2025-08-31,low
TR7617,Amravati,New Delhi,600,195,405,43,Weekend,No,2024-10-05,low
TR7618,Amravati,Mumbai,600,183,417,58,Weekday,No,2025-06-17,low
TR7619,Amravati,Chennai,600,174,426,26,Weekend,No,2024-10-27,low
TR7620,Amravati,Kolkata,600,182,418,32,Weekend,No,2025-08-09,low
TR7621,Amravati,Bangalore,600,139,461,9,Weekday,No,2025-08-15,low
TR7622,Amravati,Hyderabad,600,178,422,22,Weekday,No,2025-11-14,low
TR7623,Amravati,Pune,600,291,309,9,Weekday,No,2025-03-06,medium
TR7624,Amravati,Ahmedabad,600,225,375,47,Weekday,No,2024-12-13,low
TR7625,Amravati,Jaipur,600,155,445,46,Weekday,Yes,2024-05-01,low
TR7626,Amravati,Surat,600,144,456,11,Weekday,No,2025-04-11,low
TR7627,Amravati,Lucknow,600,90,510,48,Weekday,No,2025-02-18,low
TR7628,Amravati,Kanpur,600,220,380,19,Weekend,No,2025-01-11,low
TR7629,Amravati,Nagpur,600,207,393,43,Weekday,No,2025-05-09,low
TR7630,Amravati,Indore,600,143,457,56,Weekend,No,2025-09-14,low
TR7631,Amravati,Bhopal,600,100,500,49,Weekday,No,2024-04-18,low
TR7632,Amravati,Patna,600,113,487,11,Weekday,No,2024-11-11,low
TR7633,Amravati,Ranchi,600,190,410,10,Weekday,No,2025-06-12,low
TR7634,Amravati,Bhubaneswar,600,165,435,6,Weekday,No,2025-08-22,low
TR7635,Amravati,Cuttack,600,202,398,50,Weekday,Yes,2025-07-23,low
TR7636,Amravati,Puri,600,173,427,32,Weekday,No,2025-08-07,low
TR7637,Amravati,Rourkela,600,215,385,9,Weekday,Yes,2025-09-17,low
TR7638,Amravati,Sambalpur,600,187,413,35,Weekday,Yes,2025-12-04,low
TR7639,Amravati,Guwahati,600,209,391,31,Weekday,No,2025-03-20,low
TR7640,Amravati,Dibrugarh,600,90,510,35,Weekend,Yes,2024-06-30,low
TR7641,Amravati,Agartala,600,110,490,38,Weekend,Yes,2025-02-15,low
TR7642,Amravati,Silchar,600,151,449,9,Weekday,Yes,2025-06-02,low
TR7643,Amravati,Visakhapatnam,600,221,379,23,Weekday,No,2024-03-14,low
TR7644,Amravati,Vijayawada,600,259,341,43,Weekday,Yes,2025-07-07,medium
TR7645,Amravati,Guntur,600,161,439,54,Weekend,No,2025-02-01,low
TR7646,Amravati,Tirupati,600,140,460,14,Weekend,No,2025-11-15,low
TR7647,Amravati,Rajahmundry,600,90,510,34,Weekday,No,2024-06-03,low
TR7648,Amravati,Warangal,600,210,390,56,Weekday,No,2025-10-24,low
TR7649,Amravati,Nizamabad,600,143,457,36,Weekend,No,2024-11-23,low
TR7650,Amravati,Coimbatore,600,311,289,13,Weekend,No,2025-02-23,medium
TR7651,Amravati,Madurai,600,133,467,35,Weekend,No,2025-04-27,low
TR7652,Amravati,Trichy,600,270,330,1,Weekday,No,2025-02-27,medium
TR7653,Amravati,Salem,600,205,395,29,Weekday,No,2025-10-22,low
TR7654,Amravati,Erode,600,120,480,34,Weekday,No,2024-05-02,low
TR7655,Amravati,Tirunelveli,600,180,420,3,Weekday,No,2025-06-17,low
TR7656,Amravati,Thoothukudi,600,206,394,12,Weekend,No,2025-12-13,low
TR7657,Amravati,Vellore,600,158,442,59,Weekend,No,2024-06-09,low
TR7658,Amravati,Kochi,600,209,391,37,Weekday,Yes,2024-07-05,low
TR7659,Amravati,Thiruvananthapuram,600,208,392,27,Weekday,No,2024-12-13,low
TR7660,Amravati,Kozhikode,600,198,402,13,Weekday,No,2025-06-13,low
TR7661,Amravati,Thrissur,600,168,432,7,Weekday,No,2025-12-02,low
TR7662,Amravati,Kollam,600,113,487,25,Weekday,No,2025-08-04,low
TR7663,Amravati,Mysore,600,165,435,32,Weekend,No,2025-08-03,low
TR7664,Amravati,Mangalore,600,177,423,10,Weekday,No,2024-11-18,low
TR7665,Amravati,Hubli,600,90,510,48,Weekday,No,2025-04-16,low
TR7666,Amravati,Belgaum,600,177,423,25,Weekday,No,2024-06-03,low
TR7667,Amravati,Davangere,600,164,436,3,Weekday,No,2024-12-04,low
TR7668,Amravati,Vadodara,600,107,493,8,Weekend,No,2024-05-18,low
TR7669,Amravati,Rajkot,600,153,447,51,Weekend,No,2024-01-20,low
TR7670,Amravati,Jamnagar,600,154,446,20,Weekday,No,2025-09-18,low
TR7671,Amravati,Bhavnagar,600,262,338,22,Weekday,No,2025-08-11,medium
TR7672,Amravati,Gandhinagar,600,180,420,11,Weekday,No,2025-01-08,low
TR7673,Amravati,Nashik,600,219,381,48,Weekday,No,2024-01-11,low
TR7674,Amravati,Aurangabad,600,163,437,48,Weekday,No,2024-03-06,low
TR7675,Amravati,Kolhapur,600,90,510,14,Weekday,No,2024-03-22,low
TR7676,Amravati,Solapur,600,201,399,43,Weekend,No,2025-06-08,low
TR7677,Amravati,Thane,600,137,463,27,Weekday,No,2024-05-28,low
TR7678,Amravati,Navi Mumbai,600,153,447,10,Weekday,No,2024-07-01,low
TR7679,Amravati,Jodhpur,600,118,482,47,Weekend,No,2025-09-21,low
TR7680,Amravati,Udaipur,600,172,428,4,Weekday,No,2025-10-02,low
TR7681,Amravati,Ajmer,600,220,380,52,Weekday,No,2025-07-11,low
TR7682,Amravati,Kota,600,214,386,1,Weekday,No,2024-08-14,low
TR7683,Amravati,Bikaner,600,245,355,19,Weekday,No,2025-02-27,medium
TR7684,Amravati,Alwar,600,252,348,13,Weekend,No,2024-05-26,medium
TR7685,Amravati,Varanasi,600,90,510,14,Weekday,Yes,2025-09-19,low
TR7686,Amravati,Prayagraj,600,112,488,28,Weekend,No,2024-03-03,low
TR7687,Amravati,Agra,600,90,510,45,Weekend,No,2025-06-28,low
TR7688,Amravati,Meerut,600,199,401,23,Weekday,No,2025-01-08,low
TR7689,Amravati,Bareilly,600,136,464,30,Weekday,No,2025-07-07,low
TR7690,Amravati,Gorakhpur,600,145,455,58,Weekday,Yes,2024-11-25,low
TR7691,Amravati,Mathura,600,159,441,29,Weekday,No,2024-04-25,low
TR7692,Amravati,Dehradun,600,187,413,47,Weekday,No,2025-07-03,low
TR7693,Amravati,Haridwar,600,98,502,23,Weekend,No,2025-04-06,low
TR7694,Amravati,Amritsar,600,109,491,4,Weekday,No,2024-12-05,low
TR7695,Amravati,Ludhiana,600,169,431,15,Weekend,No,2024-09-29,low
TR7696,Amravati,Jalandhar,600,226,374,9,Weekend,Yes,2024-09-08,low
TR7697,Amravati,Patiala,600,168,432,54,Weekday,Yes,2024-12-17,low
TR7698,Amravati,Chandigarh,600,131,469,1,Weekday,No,2024-07-10,low
TR7699,Amravati,Jammu,600,90,510,49,Weekday,No,2024-07-25,low
TR7700,Amravati,Srinagar,600,215,385,8,Weekday,No,2024-07-22,low
TR7701,Amravati,Raipur,600,134,466,9,Weekday,No,2024-01-10,low
TR7702,Amravati,Bilaspur,600,114,486,31,Weekend,Yes,2025-11-09,low
TR7703,Amravati,Durg,600,90,510,4,Weekday,No,2024-06-21,low
TR7704,Amravati,Jabalpur,600,100,500,4,Weekday,No,2024-04-30,low
TR7705,Amravati,Gwalior,600,123,477,46,Weekend,No,2024-04-20,low
TR7706,Amravati,Ujjain,600,157,443,3,Weekday,No,2025-12-23,low
TR7707,Amravati,Rewa,600,111,489,35,Weekend,No,2024-12-14,low
TR7708,Amravati,Dhanbad,600,178,422,7,Weekday,No,2024-08-26,low
TR7709,Amravati,Asansol,600,157,443,5,Weekday,No,2024-10-22,low
TR7710,Amravati,Jamshedpur,600,276,324,40,Weekday,Yes,2024-03-05,medium
TR7711,Amravati,Tatanagar,600,90,510,23,Weekend,No,2024-08-17,low
TR7712,Amravati,Gaya,600,177,423,1,Weekend,No,2024-06-30,low
TR7713,Amravati,Muzaffarpur,600,177,423,40,Weekend,No,2025-08-10,low
TR7714,Amravati,Bhagalpur,600,119,481,58,Weekday,Yes,2024-02-12,low
TR7715,Amravati,Siliguri,600,174,426,33,Weekday,No,2024-11-07,low
TR7716,Amravati,New Jalpaiguri,600,206,394,22,Weekday,Yes,2025-07-31,low
TR7717,Amravati,Durgapur,600,174,426,50,Weekday,No,2025-09-01,low
TR7718,Amravati,Howrah,600,235,365,20,Weekday,No,2025-01-09,low
TR7719,Amravati,Malda,600,90,510,36,Weekday,No,2024-06-11,low
TR7720,Amravati,Panaji,600,129,471,28,Weekday,No,2024-09-03,low
TR7721,Jodhpur,Delhi,600,240,360,43,Weekday,No,2024-06-11,low
TR7722,Jodhpur,New Delhi,600,213,387,31,Weekday,No,2025-04-28,low
TR7723,Jodhpur,Mumbai,600,195,405,28,Weekday,No,2024-08-01,low
TR7724,Jodhpur,Chennai,600,228,372,25,Weekend,No,2025-04-06,low
TR7725,Jodhpur,Kolkata,600,90,510,17,Weekday,No,2025-04-24,low
TR7726,Jodhpur,Bangalore,600,207,393,29,Weekday,No,2025-11-18,low
TR7727,Jodhpur,Hyderabad,600,220,380,3,Weekday,No,2024-09-27,low
TR7728,Jodhpur,Pune,600,137,463,20,Weekday,No,2025-12-03,low
TR7729,Jodhpur,Ahmedabad,600,295,305,4,Weekend,No,2024-10-19,medium
TR7730,Jodhpur,Jaipur,600,178,422,19,Weekday,No,2025-05-12,low
TR7731,Jodhpur,Surat,600,90,510,21,Weekday,No,2025-04-28,low
TR7732,Jodhpur,Lucknow,600,187,413,1,Weekday,No,2025-08-20,low
TR7733,Jodhpur,Kanpur,600,134,466,17,Weekend,No,2024-12-08,low
TR7734,Jodhpur,Nagpur,600,225,375,40,Weekend,No,2025-08-02,low
TR7735,Jodhpur,Indore,600,195,405,58,Weekday,No,2024-09-16,low
TR7736,Jodhpur,Bhopal,600,140,460,37,Weekday,No,2024-12-25,low
TR7737,Jodhpur,Patna,600,241,359,42,Weekday,No,2024-12-31,medium
TR7738,Jodhpur,Ranchi,600,214,386,40,Weekday,No,2025-05-29,low
TR7739,Jodhpur,Bhubaneswar,600,129,471,56,Weekday,No,2025-03-28,low
TR7740,Jodhpur,Cuttack,600,162,438,56,Weekday,No,2024-02-27,low
TR7741,Jodhpur,Puri,600,194,406,6,Weekday,No,2025-08-14,low
TR7742,Jodhpur,Rourkela,600,151,449,28,Weekday,No,2025-07-08,low
TR7743,Jodhpur,Sambalpur,600,153,447,54,Weekend,Yes,2024-03-17,low
TR7744,Jodhpur,Guwahati,600,171,429,52,Weekday,No,2025-12-04,low
TR7745,Jodhpur,Dibrugarh,600,118,482,32,Weekend,No,2025-04-27,low
TR7746,Jodhpur,Agartala,600,90,510,26,Weekend,No,2024-03-03,low
TR7747,Jodhpur,Silchar,600,180,420,3,Weekday,No,2024-12-25,low
TR7748,Jodhpur,Visakhapatnam,600,90,510,28,Weekday,No,2025-09-03,low
TR7749,Jodhpur,Vijayawada,600,121,479,30,Weekday,No,2024-07-23,low
TR7750,Jodhpur,Guntur,600,90,510,37,Weekday,No,2025-11-13,low
TR7751,Jodhpur,Tirupati,600,90,510,31,Weekday,No,2024-11-01,low
TR7752,Jodhpur,Rajahmundry,600,189,411,12,Weekday,Yes,2024-06-14,low
TR7753,Jodhpur,Warangal,600,158,442,58,Weekday,Yes,2024-09-17,low
TR7754,Jodhpur,Nizamabad,600,157,443,13,Weekend,No,2025-01-18,low
TR7755,Jodhpur,Coimbatore,600,106,494,22,Weekend,No,2025-05-18,low
TR7756,Jodhpur,Madurai,600,137,463,30,Weekend,No,2025-11-09,low
TR7757,Jodhpur,Trichy,600,187,413,17,Weekday,No,2024-05-22,low
TR7758,Jodhpur,Salem,600,166,434,4,Weekday,No,2025-12-02,low
TR7759,Jodhpur,Erode,600,208,392,36,Weekday,No,2025-01-20,low
TR7760,Jodhpur,Tirunelveli,600,215,385,14,Weekday,No,2024-04-03,low
TR7761,Jodhpur,Thoothukudi,600,157,443,52,Weekend,No,2025-11-08,low
TR7762,Jodhpur,Vellore,600,90,510,47,Weekday,No,2024-09-12,low
TR7763,Jodhpur,Kochi,600,133,467,25,Weekend,No,2025-03-29,low
TR7764,Jodhpur,Thiruvananthapuram,600,164,436,27,Weekend,No,2025-05-25,low
TR7765,Jodhpur,Kozhikode,600,132,468,56,Weekday,No,2024-01-10,low
TR7766,Jodhpur,Thrissur,600,118,482,1,Weekday,No,2024-06-10,low
TR7767,Jodhpur,Kollam,600,172,428,22,Weekday,No,2025-05-16,low
TR7768,Jodhpur,Mysore,600,286,314,3,Weekend,No,2024-08-25,medium
TR7769,Jodhpur,Mangalore,600,146,454,8,Weekend,Yes,2024-01-07,low
TR7770,Jodhpur,Hubli,600,169,431,55,Weekday,No,2024-01-18,low
TR7771,Jodhpur,Belgaum,600,106,494,6,Weekday,No,2025-08-27,low
TR7772,Jodhpur,Davangere,600,229,371,57,Weekday,No,2024-04-22,low
TR7773,Jodhpur,Vadodara,600,211,389,47,Weekday,No,2024-03-14,low
TR7774,Jodhpur,Rajkot,600,208,392,38,Weekend,No,2025-02-15,low
TR7775,Jodhpur,Jamnagar,600,234,366,44,Weekday,No,2024-03-27,low
TR7776,Jodhpur,Bhavnagar,600,148,452,11,Weekday,No,2025-04-22,low
TR7777,Jodhpur,Gandhinagar,600,154,446,7,Weekend,No,2025-02-01,low
TR7778,Jodhpur,Nashik,600,251,349,22,Weekend,Yes,2025-04-19,medium
TR7779,Jodhpur,Aurangabad,600,199,401,45,Weekday,No,2024-12-25,low
TR7780,Jodhpur,Kolhapur,600,90,510,18,Weekday,No,2025-07-22,low
TR7781,Jodhpur,Solapur,600,191,409,10,Weekday,No,2025-04-16,low
TR7782,Jodhpur,Thane,600,141,459,47,Weekday,No,2024-10-30,low
TR7783,Jodhpur,Navi Mumbai,600,212,388,38,Weekday,No,2024-01-12,low
TR7784,Jodhpur,Amravati,600,189,411,32,Weekday,No,2024-07-18,low
TR7785,Jodhpur,Udaipur,600,90,510,24,Weekend,No,2024-04-06,low
TR7786,Jodhpur,Ajmer,600,182,418,46,Weekday,No,2024-01-12,low
TR7787,Jodhpur,Kota,600,179,421,44,Weekday,Yes,2024-07-18,low
TR7788,Jodhpur,Bikaner,600,186,414,21,Weekday,No,2024-05-31,low
TR7789,Jodhpur,Alwar,600,197,403,7,Weekday,No,2024-02-26,low
TR7790,Jodhpur,Varanasi,600,241,359,52,Weekday,No,2024-08-16,medium
TR7791,Jodhpur,Prayagraj,600,189,411,8,Weekend,No,2025-01-05,low
TR7792,Jodhpur,Agra,600,170,430,25,Weekday,No,2024-05-10,low
TR7793,Jodhpur,Meerut,600,224,376,53,Weekday,No,2024-07-18,low
TR7794,Jodhpur,Bareilly,600,277,323,25,Weekday,No,2024-01-15,medium
TR7795,Jodhpur,Gorakhpur,600,213,387,49,Weekday,No,2024-02-06,low
TR7796,Jodhpur,Mathura,600,179,421,29,Weekday,No,2024-04-25,low
TR7797,Jodhpur,Dehradun,600,190,410,44,Weekday,No,2024-11-27,low
TR7798,Jodhpur,Haridwar,600,181,419,35,Weekday,No,2025-05-01,low
TR7799,Jodhpur,Amritsar,600,170,430,16,Weekday,No,2025-07-30,low
TR7800,Jodhpur,Ludhiana,600,273,327,53,Weekend,No,2025-04-05,medium
TR7801,Jodhpur,Jalandhar,600,133,467,28,Weekday,No,2025-03-26,low
TR7802,Jodhpur,Patiala,600,224,376,27,Weekday,No,2025-11-14,low
TR7803,Jodhpur,Chandigarh,600,163,437,39,Weekday,Yes,2024-07-05,low
TR7804,Jodhpur,Jammu,600,98,502,55,Weekday,No,2025-08-06,low
TR7805,Jodhpur,Srinagar,600,160,440,52,Weekend,No,2025-11-15,low
TR7806,Jodhpur,Raipur,600,143,457,23,Weekday,No,2025-02-19,low
TR7807,Jodhpur,Bilaspur,600,197,403,13,Weekend,No,2025-09-06,low
TR7808,Jodhpur,Durg,600,173,427,19,Weekday,Yes,2024-04-10,low
TR7809,Jodhpur,Jabalpur,600,120,480,15,Weekend,Yes,2025-10-04,low
TR7810,Jodhpur,Gwalior,600,240,360,17,Weekend,No,2025-02-16,low
TR7811,Jodhpur,Ujjain,600,221,379,25,Weekday,No,2024-06-10,low
TR7812,Jodhpur,Rewa,600,245,355,1,Weekday,No,2024-02-15,medium
TR7813,Jodhpur,Dhanbad,600,180,420,31,Weekday,No,2025-06-10,low
TR7814,Jodhpur,Asansol,600,167,433,50,Weekend,No,2024-11-10,low
TR7815,Jodhpur,Jamshedpur,600,203,397,25,Weekday,No,2024-08-14,low
TR7816,Jodhpur,Tatanagar,600,141,459,4,Weekend,No,2024-10-12,low
TR7817,Jodhpur,Gaya,600,175,425,23,Weekday,No,2025-12-25,low
TR7818,Jodhpur,Muzaffarpur,600,161,439,20,Weekday,No,2024-11-08,low
TR7819,Jodhpur,Bhagalpur,600,99,501,35,Weekday,No,2024-02-27,low
TR7820,Jodhpur,Siliguri,600,175,425,15,Weekday,No,2024-07-23,low
TR7821,Jodhpur,New Jalpaiguri,600,148,452,18,Weekday,No,2024-04-16,low
TR7822,Jodhpur,Durgapur,600,157,443,44,Weekday,No,2025-05-16,low
TR7823,Jodhpur,Howrah,600,186,414,10,Weekday,No,2025-08-08,low
TR7824,Jodhpur,Malda,600,230,370,55,Weekend,No,2025-09-06,low
TR7825,Jodhpur,Panaji,600,128,472,17,Weekday,No,2025-04-07,low
TR7826,Udaipur,Delhi,600,153,447,49,Weekday,No,2025-07-15,low
TR7827,Udaipur,New Delhi,600,132,468,4,Weekday,No,2024-11-01,low
TR7828,Udaipur,Mumbai,600,129,471,19,Weekday,No,2025-04-03,low
TR7829,Udaipur,Chennai,600,140,460,22,Weekday,No,2024-03-19,low
TR7830,Udaipur,Kolkata,600,160,440,27,Weekday,No,2025-01-28,low
TR7831,Udaipur,Bangalore,600,197,403,5,Weekday,No,2025-02-11,low
TR7832,Udaipur,Hyderabad,600,184,416,14,Weekday,No,2024-01-23,low
TR7833,Udaipur,Pune,600,118,482,52,Weekday,No,2025-02-04,low
TR7834,Udaipur,Ahmedabad,600,231,369,55,Weekday,No,2025-06-12,low
TR7835,Udaipur,Jaipur,600,214,386,26,Weekday,No,2024-09-25,low
TR7836,Udaipur,Surat,600,126,474,7,Weekend,Yes,2025-02-02,low
TR7837,Udaipur,Lucknow,600,228,372,16,Weekend,Yes,2024-07-28,low
TR7838,Udaipur,Kanpur,600,185,415,57,Weekday,No,2024-07-16,low
TR7839,Udaipur,Nagpur,600,161,439,55,Weekday,No,2024-04-04,low
TR7840,Udaipur,Indore,600,186,414,48,Weekday,No,2024-08-27,low
TR7841,Udaipur,Bhopal,600,168,432,51,Weekend,No,2025-08-10,low
TR7842,Udaipur,Patna,600,195,405,42,Weekday,No,2025-11-14,low
TR7843,Udaipur,Ranchi,600,178,422,37,Weekday,No,2025-04-09,low
TR7844,Udaipur,Bhubaneswar,600,153,447,46,Weekday,No,2025-04-01,low
TR7845,Udaipur,Cuttack,600,90,510,38,Weekday,No,2025-03-24,low
TR7846,Udaipur,Puri,600,194,406,20,Weekday,Yes,2024-12-13,low
TR7847,Udaipur,Rourkela,600,151,449,38,Weekday,No,2024-11-05,low
TR7848,Udaipur,Sambalpur,600,206,394,17,Weekend,No,2025-03-29,low
TR7849,Udaipur,Guwahati,600,192,408,37,Weekend,No,2025-07-27,low
TR7850,Udaipur,Dibrugarh,600,152,448,22,Weekday,No,2024-10-29,low
TR7851,Udaipur,Agartala,600,218,382,29,Weekday,No,2025-02-17,low
TR7852,Udaipur,Silchar,600,179,421,10,Weekday,No,2024-12-09,low
TR7853,Udaipur,Visakhapatnam,600,177,423,57,Weekend,No,2024-07-27,low
TR7854,Udaipur,Vijayawada,600,162,438,44,Weekday,No,2024-07-31,low
TR7855,Udaipur,Guntur,600,250,350,6,Weekday,Yes,2024-02-27,medium
TR7856,Udaipur,Tirupati,600,135,465,28,Weekend,Yes,2024-11-17,low
TR7857,Udaipur,Rajahmundry,600,153,447,27,Weekday,No,2025-06-04,low
TR7858,Udaipur,Warangal,600,110,490,53,Weekday,No,2025-05-16,low
TR7859,Udaipur,Nizamabad,600,204,396,45,Weekend,No,2025-12-21,low
TR7860,Udaipur,Coimbatore,600,141,459,52,Weekday,No,2024-01-30,low
TR7861,Udaipur,Madurai,600,146,454,28,Weekday,No,2025-07-10,low
TR7862,Udaipur,Trichy,600,144,456,9,Weekday,No,2025-08-04,low
TR7863,Udaipur,Salem,600,172,428,43,Weekday,No,2024-11-15,low
TR7864,Udaipur,Erode,600,109,491,13,Weekday,No,2024-07-25,low
TR7865,Udaipur,Tirunelveli,600,90,510,38,Weekday,No,2024-09-18,low
TR7866,Udaipur,Thoothukudi,600,191,409,24,Weekday,No,2025-05-13,low
TR7867,Udaipur,Vellore,600,90,510,20,Weekday,No,2025-09-22,low
TR7868,Udaipur,Kochi,600,210,390,7,Weekday,No,2025-04-14,low
TR7869,Udaipur,Thiruvananthapuram,600,244,356,48,Weekday,No,2025-01-10,medium
TR7870,Udaipur,Kozhikode,600,161,439,41,Weekday,No,2025-04-22,low
TR7871,Udaipur,Thrissur,600,231,369,20,Weekday,No,2024-02-21,low
TR7872,Udaipur,Kollam,600,168,432,44,Weekday,No,2025-03-20,low
TR7873,Udaipur,Mysore,600,246,354,59,Weekday,No,2024-01-31,medium
TR7874,Udaipur,Mangalore,600,147,453,43,Weekday,No,2025-12-02,low
TR7875,Udaipur,Hubli,600,90,510,56,Weekend,No,2025-10-12,low
TR7876,Udaipur,Belgaum,600,165,435,28,Weekday,No,2025-01-06,low
TR7877,Udaipur,Davangere,600,251,349,22,Weekday,Yes,2024-09-30,medium
TR7878,Udaipur,Vadodara,600,195,405,50,Weekday,No,2025-06-19,low
TR7879,Udaipur,Rajkot,600,144,456,39,Weekday,No,2025-04-11,low
TR7880,Udaipur,Jamnagar,600,185,415,36,Weekday,No,2025-05-30,low
TR7881,Udaipur,Bhavnagar,600,216,384,38,Weekend,No,2025-01-11,low
TR7882,Udaipur,Gandhinagar,600,165,435,59,Weekday,No,2024-06-21,low
TR7883,Udaipur,Nashik,600,295,305,41,Weekday,No,2024-02-23,medium
TR7884,Udaipur,Aurangabad,600,144,456,48,Weekday,No,2024-07-26,low
TR7885,Udaipur,Kolhapur,600,217,383,2,Weekday,No,2025-01-21,low
TR7886,Udaipur,Solapur,600,206,394,43,Weekday,No,2024-11-05,low
TR7887,Udaipur,Thane,600,135,465,19,Weekend,Yes,2025-01-05,low
TR7888,Udaipur,Navi Mumbai,600,149,451,7,Weekend,Yes,2024-07-21,low
TR7889,Udaipur,Amravati,600,218,382,16,Weekend,No,2025-11-16,low
TR7890,Udaipur,Jodhpur,600,176,424,49,Weekday,No,2024-09-25,low
TR7891,Udaipur,Ajmer,600,185,415,49,Weekday,No,2025-09-10,low
TR7892,Udaipur,Kota,600,90,510,18,Weekend,Yes,2024-10-12,low
TR7893,Udaipur,Bikaner,600,200,400,11,Weekday,No,2024-11-20,low
TR7894,Udaipur,Alwar,600,183,417,25,Weekday,No,2025-03-17,low
TR7895,Udaipur,Varanasi,600,166,434,19,Weekday,No,2024-07-11,low
TR7896,Udaipur,Prayagraj,600,186,414,27,Weekend,No,2024-06-09,low
TR7897,Udaipur,Agra,600,149,451,47,Weekday,No,2024-10-04,low
TR7898,Udaipur,Meerut,600,141,459,19,Weekend,No,2025-08-10,low
TR7899,Udaipur,Bareilly,600,157,443,10,Weekday,No,2024-04-15,low
TR7900,Udaipur,Gorakhpur,600,147,453,6,Weekday,No,2024-11-15,low
TR7901,Udaipur,Mathura,600,274,326,41,Weekday,No,2025-05-06,medium
TR7902,Udaipur,Dehradun,600,213,387,11,Weekend,No,2025-05-31,low
TR7903,Udaipur,Haridwar,600,122,478,13,Weekday,No,2024-11-13,low
TR7904,Udaipur,Amritsar,600,267,333,48,Weekday,No,2024-02-29,medium
TR7905,Udaipur,Ludhiana,600,148,452,5,Weekday,No,2024-01-12,low
TR7906,Udaipur,Jalandhar,600,170,430,39,Weekday,No,2024-12-09,low
TR7907,Udaipur,Patiala,600,212,388,0,Weekday,No,2025-08-15,low
TR7908,Udaipur,Chandigarh,600,90,510,56,Weekend,No,2024-01-21,low
TR7909,Udaipur,Jammu,600,158,442,42,Weekday,No,2025-10-10,low
TR7910,Udaipur,Srinagar,600,141,459,49,Weekday,No,2025-05-09,low
TR7911,Udaipur,Raipur,600,179,421,39,Weekend,No,2024-01-06,low
TR7912,Udaipur,Bilaspur,600,187,413,24,Weekend,Yes,2024-09-08,low
TR7913,Udaipur,Durg,600,165,435,59,Weekday,No,2024-06-10,low
TR7914,Udaipur,Jabalpur,600,163,437,47,Weekday,Yes,2025-11-24,low
TR7915,Udaipur,Gwalior,600,220,380,5,Weekend,No,2025-02-09,low
TR7916,Udaipur,Ujjain,600,183,417,34,Weekend,No,2024-08-24,low
TR7917,Udaipur,Rewa,600,171,429,32,Weekday,No,2024-07-22,low
TR7918,Udaipur,Dhanbad,600,176,424,17,Weekend,No,2025-02-16,low
TR7919,Udaipur,Asansol,600,257,343,27,Weekday,No,2024-01-04,medium
TR7920,Udaipur,Jamshedpur,600,177,423,58,Weekend,No,2024-07-07,low
TR7921,Udaipur,Tatanagar,600,144,456,5,Weekday,No,2024-04-30,low
TR7922,Udaipur,Gaya,600,90,510,55,Weekend,No,2025-03-29,low
TR7923,Udaipur,Muzaffarpur,600,100,500,42,Weekend,No,2025-05-04,low
TR7924,Udaipur,Bhagalpur,600,147,453,6,Weekend,Yes,2024-12-07,low
TR7925,Udaipur,Siliguri,600,164,436,18,Weekday,No,2024-04-12,low
TR7926,Udaipur,New Jalpaiguri,600,142,458,50,Weekday,No,2024-09-27,low
TR7927,Udaipur,Durgapur,600,186,414,42,Weekday,No,2025-09-08,low
TR7928,Udaipur,Howrah,600,142,458,4,Weekday,No,2024-05-28,low
TR7929,Udaipur,Malda,600,125,475,8,Weekday,No,2024-04-29,low
TR7930,Udaipur,Panaji,600,198,402,55,Weekday,No,2024-03-22,low
TR7931,Ajmer,Delhi,600,235,365,9,Weekday,No,2025-08-20,low
TR7932,Ajmer,New Delhi,600,116,484,37,Weekday,No,2024-03-28,low
TR7933,Ajmer,Mumbai,600,181,419,59,Weekend,No,2025-03-01,low
TR7934,Ajmer,Chennai,600,90,510,9,Weekday,Yes,2025-12-31,low
TR7935,Ajmer,Kolkata,600,98,502,2,Weekday,No,2025-04-14,low
TR7936,Ajmer,Bangalore,600,141,459,49,Weekday,No,2024-10-28,low
TR7937,Ajmer,Hyderabad,600,223,377,56,Weekday,Yes,2024-05-31,low
TR7938,Ajmer,Pune,600,132,468,30,Weekday,No,2024-01-02,low
TR7939,Ajmer,Ahmedabad,600,130,470,13,Weekday,No,2024-04-23,low
TR7940,Ajmer,Jaipur,600,171,429,3,Weekday,No,2025-11-27,low
TR7941,Ajmer,Surat,600,171,429,54,Weekend,No,2024-04-14,low
TR7942,Ajmer,Lucknow,600,131,469,47,Weekday,No,2024-01-15,low
TR7943,Ajmer,Kanpur,600,264,336,53,Weekday,No,2025-08-19,medium
TR7944,Ajmer,Nagpur,600,156,444,47,Weekday,No,2024-11-01,low
TR7945,Ajmer,Indore,600,174,426,25,Weekday,No,2024-09-17,low
TR7946,Ajmer,Bhopal,600,150,450,28,Weekend,No,2025-06-08,low
TR7947,Ajmer,Patna,600,190,410,22,Weekday,No,2025-01-17,low
TR7948,Ajmer,Ranchi,600,228,372,43,Weekday,No,2025-10-30,low
TR7949,Ajmer,Bhubaneswar,600,249,351,6,Weekend,No,2024-12-07,medium
TR7950,Ajmer,Cuttack,600,132,468,2,Weekday,No,2025-06-05,low
TR7951,Ajmer,Puri,600,222,378,57,Weekend,Yes,2025-10-04,low
TR7952,Ajmer,Rourkela,600,195,405,19,Weekday,No,2024-12-04,low
TR7953,Ajmer,Sambalpur,600,216,384,2,Weekday,No,2024-07-26,low
TR7954,Ajmer,Guwahati,600,165,435,40,Weekend,No,2025-12-13,low
TR7955,Ajmer,Dibrugarh,600,160,440,23,Weekday,No,2024-06-14,low
TR7956,Ajmer,Agartala,600,214,386,13,Weekday,No,2024-01-29,low
TR7957,Ajmer,Silchar,600,215,385,26,Weekday,No,2025-02-26,low
TR7958,Ajmer,Visakhapatnam,600,244,356,27,Weekday,No,2025-12-22,medium
TR7959,Ajmer,Vijayawada,600,178,422,36,Weekday,No,2024-03-04,low
TR7960,Ajmer,Guntur,600,164,436,55,Weekday,No,2025-09-12,low
TR7961,Ajmer,Tirupati,600,90,510,52,Weekend,No,2025-08-30,low
TR7962,Ajmer,Rajahmundry,600,92,508,49,Weekday,No,2025-11-10,low
TR7963,Ajmer,Warangal,600,150,450,29,Weekday,No,2024-11-04,low
TR7964,Ajmer,Nizamabad,600,116,484,33,Weekday,No,2024-07-05,low
TR7965,Ajmer,Coimbatore,600,208,392,7,Weekday,No,2025-01-09,low
TR7966,Ajmer,Madurai,600,106,494,34,Weekend,No,2024-04-14,low
TR7967,Ajmer,Trichy,600,145,455,40,Weekday,No,2025-09-08,low
TR7968,Ajmer,Salem,600,147,453,53,Weekday,No,2025-04-29,low
TR7969,Ajmer,Erode,600,227,373,2,Weekday,No,2024-12-19,low
TR7970,Ajmer,Tirunelveli,600,140,460,51,Weekend,No,2025-01-12,low
TR7971,Ajmer,Thoothukudi,600,191,409,31,Weekday,No,2025-06-04,low
TR7972,Ajmer,Vellore,600,178,422,5,Weekday,No,2025-01-17,low
TR7973,Ajmer,Kochi,600,212,388,59,Weekday,No,2025-09-05,low
TR7974,Ajmer,Thiruvananthapuram,600,210,390,27,Weekday,No,2025-11-06,low
TR7975,Ajmer,Kozhikode,600,167,433,24,Weekday,No,2025-11-25,low
TR7976,Ajmer,Thrissur,600,90,510,11,Weekend,No,2025-03-29,low
TR7977,Ajmer,Kollam,600,158,442,4,Weekday,No,2025-06-26,low
TR7978,Ajmer,Mysore,600,168,432,4,Weekday,No,2024-08-15,low
TR7979,Ajmer,Mangalore,600,183,417,16,Weekend,No,2024-01-28,low
TR7980,Ajmer,Hubli,600,134,466,17,Weekend,No,2024-10-19,low
TR7981,Ajmer,Belgaum,600,224,376,27,Weekday,No,2025-09-29,low
TR7982,Ajmer,Davangere,600,170,430,36,Weekend,Yes,2024-04-07,low
TR7983,Ajmer,Vadodara,600,125,475,59,Weekend,No,2025-02-02,low
TR7984,Ajmer,Rajkot,600,147,453,47,Weekday,No,2024-05-20,low
TR7985,Ajmer,Jamnagar,600,262,338,29,Weekend,No,2024-11-09,medium
TR7986,Ajmer,Bhavnagar,600,201,399,54,Weekend,No,2024-04-14,low
TR7987,Ajmer,Gandhinagar,600,219,381,33,Weekend,No,2025-06-21,low
TR7988,Ajmer,Nashik,600,119,481,25,Weekday,No,2025-08-15,low
TR7989,Ajmer,Aurangabad,600,136,464,13,Weekday,No,2025-07-08,low
TR7990,Ajmer,Kolhapur,600,136,464,25,Weekday,No,2025-05-30,low
TR7991,Ajmer,Solapur,600,178,422,2,Weekday,No,2024-06-20,low
TR7992,Ajmer,Thane,600,161,439,9,Weekday,No,2025-01-22,low
TR7993,Ajmer,Navi Mumbai,600,145,455,56,Weekend,No,2024-03-17,low
TR7994,Ajmer,Amravati,600,151,449,11,Weekday,No,2024-09-30,low
TR7995,Ajmer,Jodhpur,600,131,469,34,Weekend,No,2025-01-04,low
TR7996,Ajmer,Udaipur,600,160,440,6,Weekend,Yes,2025-05-03,low
TR7997,Ajmer,Kota,600,222,378,36,Weekday,No,2024-03-11,low
TR7998,Ajmer,Bikaner,600,96,504,58,Weekend,No,2025-08-17,low
TR7999,Ajmer,Alwar,600,186,414,27,Weekend,No,2024-12-01,low
TR8000,Ajmer,Varanasi,600,235,365,7,Weekday,No,2025-10-06,low
TR8001,Ajmer,Prayagraj,600,160,440,1,Weekday,No,2025-01-20,low
TR8002,Ajmer,Agra,600,144,456,45,Weekday,No,2025-02-03,low
TR8003,Ajmer,Meerut,600,213,387,6,Weekday,No,2025-05-21,low
TR8004,Ajmer,Bareilly,600,122,478,19,Weekday,No,2025-08-22,low
TR8005,Ajmer,Gorakhpur,600,168,432,50,Weekday,No,2024-04-25,low
TR8006,Ajmer,Mathura,600,119,481,32,Weekday,No,2025-01-08,low
TR8007,Ajmer,Dehradun,600,90,510,52,Weekday,Yes,2024-01-22,low
TR8008,Ajmer,Haridwar,600,162,438,52,Weekday,No,2024-12-12,low
TR8009,Ajmer,Amritsar,600,108,492,39,Weekend,No,2025-08-17,low
TR8010,Ajmer,Ludhiana,600,168,432,56,Weekday,No,2025-09-24,low
TR8011,Ajmer,Jalandhar,600,222,378,2,Weekday,No,2024-07-26,low
TR8012,Ajmer,Patiala,600,258,342,14,Weekday,Yes,2024-10-09,medium
TR8013,Ajmer,Chandigarh,600,173,427,16,Weekday,No,2025-02-07,low
TR8014,Ajmer,Jammu,600,218,382,54,Weekday,No,2024-10-16,low
TR8015,Ajmer,Srinagar,600,188,412,37,Weekday,No,2024-05-10,low
TR8016,Ajmer,Raipur,600,151,449,15,Weekend,No,2024-08-10,low
TR8017,Ajmer,Bilaspur,600,90,510,12,Weekday,No,2024-10-22,low
TR8018,Ajmer,Durg,600,247,353,48,Weekday,No,2025-01-14,medium
TR8019,Ajmer,Jabalpur,600,119,481,51,Weekday,No,2025-11-04,low
TR8020,Ajmer,Gwalior,600,235,365,0,Weekend,No,2025-02-02,low
TR8021,Ajmer,Ujjain,600,195,405,21,Weekday,No,2024-10-09,low
TR8022,Ajmer,Rewa,600,122,478,32,Weekend,Yes,2025-04-27,low
TR8023,Ajmer,Dhanbad,600,184,416,14,Weekend,No,2025-07-19,low
TR8024,Ajmer,Asansol,600,271,329,43,Weekend,No,2024-11-10,medium
TR8025,Ajmer,Jamshedpur,600,243,357,45,Weekday,No,2024-12-23,medium
TR8026,Ajmer,Tatanagar,600,144,456,50,Weekend,No,2024-06-08,low
TR8027,Ajmer,Gaya,600,135,465,47,Weekday,No,2025-09-24,low
TR8028,Ajmer,Muzaffarpur,600,174,426,50,Weekday,Yes,2025-09-25,low
TR8029,Ajmer,Bhagalpur,600,161,439,21,Weekday,Yes,2024-05-07,low
TR8030,Ajmer,Siliguri,600,227,373,17,Weekday,No,2024-09-09,low
TR8031,Ajmer,New Jalpaiguri,600,204,396,18,Weekday,No,2024-07-17,low
TR8032,Ajmer,Durgapur,600,90,510,51,Weekday,No,2025-11-05,low
TR8033,Ajmer,Howrah,600,191,409,38,Weekend,Yes,2024-02-17,low
TR8034,Ajmer,Malda,600,160,440,19,Weekday,No,2024-05-31,low
TR8035,Ajmer,Panaji,600,171,429,43,Weekend,No,2024-08-18,low
TR8036,Kota,Delhi,600,181,419,14,Weekday,Yes,2025-02-13,low
TR8037,Kota,New Delhi,600,226,374,15,Weekday,Yes,2024-07-01,low
TR8038,Kota,Mumbai,600,216,384,0,Weekday,No,2025-01-27,low
TR8039,Kota,Chennai,600,133,467,57,Weekday,No,2025-06-30,low
TR8040,Kota,Kolkata,600,166,434,14,Weekday,No,2025-08-28,low
TR8041,Kota,Bangalore,600,147,453,45,Weekday,No,2024-03-13,low
TR8042,Kota,Hyderabad,600,90,510,7,Weekday,No,2024-04-11,low
TR8043,Kota,Pune,600,164,436,2,Weekend,Yes,2024-03-10,low
TR8044,Kota,Ahmedabad,600,257,343,40,Weekday,No,2025-10-27,medium
TR8045,Kota,Jaipur,600,90,510,5,Weekday,No,2025-04-21,low
TR8046,Kota,Surat,600,168,432,8,Weekday,No,2025-01-23,low
TR8047,Kota,Lucknow,600,166,434,19,Weekday,Yes,2025-08-01,low
TR8048,Kota,Kanpur,600,183,417,35,Weekday,No,2025-03-04,low
TR8049,Kota,Nagpur,600,123,477,1,Weekday,No,2024-06-21,low
TR8050,Kota,Indore,600,101,499,7,Weekday,No,2025-01-07,low
TR8051,Kota,Bhopal,600,103,497,20,Weekday,No,2025-05-29,low
TR8052,Kota,Patna,600,233,367,42,Weekend,No,2024-01-27,low
TR8053,Kota,Ranchi,600,122,478,5,Weekday,No,2025-03-19,low
TR8054,Kota,Bhubaneswar,600,145,455,17,Weekend,No,2024-12-29,low
TR8055,Kota,Cuttack,600,270,330,11,Weekday,No,2024-02-20,medium
TR8056,Kota,Puri,600,134,466,18,Weekday,No,2024-07-11,low
TR8057,Kota,Rourkela,600,185,415,15,Weekend,No,2024-11-23,low
TR8058,Kota,Sambalpur,600,220,380,38,Weekend,No,2024-09-07,low
TR8059,Kota,Guwahati,600,218,382,4,Weekday,Yes,2024-07-31,low
TR8060,Kota,Dibrugarh,600,105,495,56,Weekend,No,2025-04-19,low
TR8061,Kota,Agartala,600,135,465,14,Weekday,No,2024-10-22,low
TR8062,Kota,Silchar,600,183,417,59,Weekend,No,2024-12-29,low
TR8063,Kota,Visakhapatnam,600,262,338,43,Weekday,No,2025-08-06,medium
TR8064,Kota,Vijayawada,600,132,468,21,Weekend,Yes,2024-03-09,low
TR8065,Kota,Guntur,600,145,455,18,Weekday,No,2024-09-20,low
TR8066,Kota,Tirupati,600,189,411,56,Weekday,No,2024-02-23,low
TR8067,Kota,Rajahmundry,600,199,401,59,Weekend,No,2025-11-08,low
TR8068,Kota,Warangal,600,202,398,36,Weekday,No,2024-05-15,low
TR8069,Kota,Nizamabad,600,128,472,2,Weekday,No,2025-08-22,low
TR8070,Kota,Coimbatore,600,143,457,54,Weekend,No,2024-05-19,low
TR8071,Kota,Madurai,600,179,421,28,Weekend,Yes,2024-08-24,low
TR8072,Kota,Trichy,600,230,370,1,Weekday,No,2025-03-20,low
TR8073,Kota,Salem,600,158,442,48,Weekend,No,2025-08-30,low
TR8074,Kota,Erode,600,168,432,1,Weekday,No,2024-05-09,low
TR8075,Kota,Tirunelveli,600,120,480,22,Weekday,No,2024-06-04,low
TR8076,Kota,Thoothukudi,600,258,342,4,Weekday,No,2025-10-06,medium
TR8077,Kota,Vellore,600,176,424,26,Weekday,No,2024-08-23,low
TR8078,Kota,Kochi,600,221,379,48,Weekend,No,2024-06-02,low
TR8079,Kota,Thiruvananthapuram,600,170,430,7,Weekday,No,2025-06-27,low
TR8080,Kota,Kozhikode,600,173,427,8,Weekday,No,2024-03-07,low
TR8081,Kota,Thrissur,600,97,503,57,Weekday,No,2025-09-25,low
TR8082,Kota,Kollam,600,90,510,10,Weekday,No,2025-10-02,low
TR8083,Kota,Mysore,600,229,371,6,Weekday,No,2025-09-18,low
TR8084,Kota,Mangalore,600,173,427,35,Weekend,No,2024-08-03,low
TR8085,Kota,Hubli,600,179,421,16,Weekend,No,2024-03-24,low
TR8086,Kota,Belgaum,600,109,491,57,Weekday,No,2024-11-06,low
TR8087,Kota,Davangere,600,126,474,9,Weekend,No,2024-09-01,low
TR8088,Kota,Vadodara,600,220,380,34,Weekday,No,2025-12-02,low
TR8089,Kota,Rajkot,600,252,348,55,Weekend,No,2025-04-06,medium
TR8090,Kota,Jamnagar,600,139,461,43,Weekday,No,2025-11-21,low
TR8091,Kota,Bhavnagar,600,201,399,1,Weekday,No,2025-07-02,low
TR8092,Kota,Gandhinagar,600,178,422,11,Weekday,No,2025-06-06,low
TR8093,Kota,Nashik,600,163,437,7,Weekday,No,2024-03-22,low
TR8094,Kota,Aurangabad,600,258,342,54,Weekday,No,2024-02-20,medium
TR8095,Kota,Kolhapur,600,147,453,12,Weekend,No,2024-02-03,low
TR8096,Kota,Solapur,600,229,371,3,Weekend,No,2025-03-09,low
TR8097,Kota,Thane,600,187,413,22,Weekday,No,2024-05-27,low
TR8098,Kota,Navi Mumbai,600,168,432,16,Weekday,No,2025-12-24,low
TR8099,Kota,Amravati,600,235,365,9,Weekend,No,2024-04-06,low
TR8100,Kota,Jodhpur,600,183,417,27,Weekend,No,2025-11-23,low
TR8101,Kota,Udaipur,600,164,436,54,Weekend,No,2025-05-03,low
TR8102,Kota,Ajmer,600,235,365,13,Weekday,No,2024-03-18,low
TR8103,Kota,Bikaner,600,229,371,58,Weekday,No,2024-02-12,low
TR8104,Kota,Alwar,600,227,373,39,Weekday,No,2024-10-16,low
TR8105,Kota,Varanasi,600,90,510,22,Weekday,No,2024-09-04,low
TR8106,Kota,Prayagraj,600,190,410,40,Weekend,No,2024-08-18,low
TR8107,Kota,Agra,600,179,421,20,Weekday,No,2025-01-21,low
TR8108,Kota,Meerut,600,167,433,12,Weekday,No,2024-04-04,low
TR8109,Kota,Bareilly,600,198,402,14,Weekday,No,2024-04-04,low
TR8110,Kota,Gorakhpur,600,181,419,0,Weekday,No,2025-05-22,low
TR8111,Kota,Mathura,600,201,399,38,Weekday,No,2025-12-24,low
TR8112,Kota,Dehradun,600,156,444,4,Weekday,No,2024-07-19,low
TR8113,Kota,Haridwar,600,241,359,11,Weekday,No,2025-11-12,medium
TR8114,Kota,Amritsar,600,206,394,0,Weekday,No,2024-09-09,low
TR8115,Kota,Ludhiana,600,195,405,3,Weekday,No,2024-09-02,low
TR8116,Kota,Jalandhar,600,193,407,54,Weekday,No,2024-03-07,low
TR8117,Kota,Patiala,600,224,376,1,Weekday,No,2024-11-05,low
TR8118,Kota,Chandigarh,600,218,382,37,Weekday,No,2024-12-30,low
TR8119,Kota,Jammu,600,164,436,19,Weekday,No,2025-04-30,low
TR8120,Kota,Srinagar,600,216,384,8,Weekday,No,2024-04-25,low
TR8121,Kota,Raipur,600,177,423,17,Weekday,No,2024-05-17,low
TR8122,Kota,Bilaspur,600,261,339,5,Weekday,No,2024-11-11,medium
TR8123,Kota,Durg,600,222,378,18,Weekday,No,2024-02-20,low
TR8124,Kota,Jabalpur,600,139,461,49,Weekend,Yes,2024-04-14,low
TR8125,Kota,Gwalior,600,281,319,37,Weekday,No,2025-04-04,medium
TR8126,Kota,Ujjain,600,90,510,48,Weekday,No,2025-11-28,low
TR8127,Kota,Rewa,600,200,400,41,Weekend,No,2025-02-22,low
TR8128,Kota,Dhanbad,600,136,464,55,Weekday,No,2024-04-15,low
TR8129,Kota,Asansol,600,259,341,6,Weekday,No,2025-12-25,medium
TR8130,Kota,Jamshedpur,600,181,419,9,Weekday,No,2025-01-16,low
TR8131,Kota,Tatanagar,600,131,469,24,Weekend,No,2025-06-08,low
TR8132,Kota,Gaya,600,156,444,31,Weekday,No,2024-05-23,low
TR8133,Kota,Muzaffarpur,600,135,465,47,Weekday,No,2025-02-26,low
TR8134,Kota,Bhagalpur,600,154,446,7,Weekend,No,2024-02-25,low
TR8135,Kota,Siliguri,600,153,447,6,Weekday,No,2025-04-02,low
TR8136,Kota,New Jalpaiguri,600,133,467,47,Weekday,No,2024-05-27,low
TR8137,Kota,Durgapur,600,182,418,32,Weekend,No,2025-10-26,low
TR8138,Kota,Howrah,600,188,412,24,Weekend,Yes,2024-02-10,low
TR8139,Kota,Malda,600,121,479,13,Weekday,No,2025-04-22,low
TR8140,Kota,Panaji,600,90,510,41,Weekday,No,2024-04-11,low
TR8141,Bikaner,Delhi,600,184,416,48,Weekend,Yes,2025-05-17,low
TR8142,Bikaner,New Delhi,600,194,406,1,Weekday,No,2024-12-26,low
TR8143,Bikaner,Mumbai,600,204,396,3,Weekday,No,2025-12-08,low
TR8144,Bikaner,Chennai,600,195,405,46,Weekday,No,2025-04-21,low
TR8145,Bikaner,Kolkata,600,244,356,53,Weekend,No,2024-09-28,medium
TR8146,Bikaner,Bangalore,600,217,383,13,Weekday,No,2024-03-04,low
TR8147,Bikaner,Hyderabad,600,298,302,42,Weekday,No,2025-03-11,medium
TR8148,Bikaner,Pune,600,318,282,50,Weekday,No,2024-11-18,medium
TR8149,Bikaner,Ahmedabad,600,90,510,6,Weekday,No,2024-02-08,low
TR8150,Bikaner,Jaipur,600,90,510,11,Weekday,No,2025-02-28,low
TR8151,Bikaner,Surat,600,169,431,7,Weekend,No,2024-06-02,low
TR8152,Bikaner,Lucknow,600,193,407,47,Weekday,No,2024-06-20,low
TR8153,Bikaner,Kanpur,600,165,435,46,Weekend,No,2024-01-07,low
TR8154,Bikaner,Nagpur,600,203,397,8,Weekend,No,2024-09-28,low
TR8155,Bikaner,Indore,600,156,444,10,Weekend,No,2024-06-08,low
TR8156,Bikaner,Bhopal,600,136,464,39,Weekday,No,2024-02-22,low
TR8157,Bikaner,Patna,600,143,457,53,Weekday,No,2024-11-13,low
TR8158,Bikaner,Ranchi,600,159,441,46,Weekend,No,2024-06-09,low
TR8159,Bikaner,Bhubaneswar,600,209,391,10,Weekday,Yes,2024-04-08,low
TR8160,Bikaner,Cuttack,600,146,454,23,Weekend,No,2024-12-07,low
TR8161,Bikaner,Puri,600,155,445,3,Weekday,No,2024-02-16,low
TR8162,Bikaner,Rourkela,600,196,404,14,Weekday,No,2025-12-25,low
TR8163,Bikaner,Sambalpur,600,159,441,33,Weekday,No,2024-12-10,low
TR8164,Bikaner,Guwahati,600,223,377,20,Weekday,No,2025-12-29,low
TR8165,Bikaner,Dibrugarh,600,125,475,36,Weekday,No,2025-10-06,low
TR8166,Bikaner,Agartala,600,114,486,17,Weekday,No,2025-12-17,low
TR8167,Bikaner,Silchar,600,184,416,33,Weekday,No,2025-01-31,low
TR8168,Bikaner,Visakhapatnam,600,188,412,37,Weekday,No,2024-11-05,low
TR8169,Bikaner,Vijayawada,600,127,473,11,Weekday,No,2025-06-10,low
TR8170,Bikaner,Guntur,600,233,367,2,Weekday,No,2024-02-28,low
TR8171,Bikaner,Tirupati,600,261,339,20,Weekend,No,2025-09-06,medium
TR8172,Bikaner,Rajahmundry,600,139,461,2,Weekend,No,2024-08-24,low
TR8173,Bikaner,Warangal,600,240,360,9,Weekend,No,2024-01-06,medium
TR8174,Bikaner,Nizamabad,600,90,510,17,Weekend,No,2024-06-22,low
TR8175,Bikaner,Coimbatore,600,221,379,20,Weekday,No,2024-06-26,low
TR8176,Bikaner,Madurai,600,128,472,16,Weekday,No,2024-01-11,low
TR8177,Bikaner,Trichy,600,216,384,3,Weekend,Yes,2025-05-03,low
TR8178,Bikaner,Salem,600,123,477,10,Weekend,No,2024-03-10,low
TR8179,Bikaner,Erode,600,166,434,52,Weekday,No,2025-09-10,low
TR8180,Bikaner,Tirunelveli,600,130,470,43,Weekday,No,2024-11-27,low
TR8181,Bikaner,Thoothukudi,600,159,441,26,Weekday,No,2025-06-09,low
TR8182,Bikaner,Vellore,600,257,343,1,Weekday,No,2024-09-05,medium
TR8183,Bikaner,Kochi,600,164,436,21,Weekend,No,2024-04-06,low
TR8184,Bikaner,Thiruvananthapuram,600,270,330,55,Weekend,No,2024-05-11,medium
TR8185,Bikaner,Kozhikode,600,150,450,48,Weekday,No,2025-04-17,low
TR8186,Bikaner,Thrissur,600,241,359,45,Weekend,No,2025-06-07,medium
TR8187,Bikaner,Kollam,600,91,509,14,Weekend,No,2024-07-14,low
TR8188,Bikaner,Mysore,600,155,445,24,Weekday,No,2024-09-18,low
TR8189,Bikaner,Mangalore,600,143,457,1,Weekday,No,2025-11-21,low
TR8190,Bikaner,Hubli,600,243,357,51,Weekend,No,2025-09-14,medium
TR8191,Bikaner,Belgaum,600,178,422,6,Weekday,No,2024-10-28,low
TR8192,Bikaner,Davangere,600,90,510,37,Weekday,No,2024-06-25,low
TR8193,Bikaner,Vadodara,600,106,494,16,Weekday,No,2024-08-08,low
TR8194,Bikaner,Rajkot,600,120,480,34,Weekday,No,2025-01-28,low
TR8195,Bikaner,Jamnagar,600,214,386,49,Weekday,No,2025-02-18,low
TR8196,Bikaner,Bhavnagar,600,208,392,18,Weekday,No,2024-05-14,low
TR8197,Bikaner,Gandhinagar,600,155,445,1,Weekend,No,2024-02-18,low
TR8198,Bikaner,Nashik,600,143,457,39,Weekend,No,2024-12-28,low
TR8199,Bikaner,Aurangabad,600,203,397,31,Weekday,No,2025-08-05,low
TR8200,Bikaner,Kolhapur,600,115,485,8,Weekend,No,2024-04-21,low
TR8201,Bikaner,Solapur,600,191,409,2,Weekday,No,2024-10-25,low
TR8202,Bikaner,Thane,600,187,413,31,Weekend,No,2024-04-28,low
TR8203,Bikaner,Navi Mumbai,600,156,444,36,Weekday,No,2024-06-26,low
TR8204,Bikaner,Amravati,600,188,412,6,Weekend,No,2025-03-23,low
TR8205,Bikaner,Jodhpur,600,174,426,35,Weekend,No,2024-07-28,low
TR8206,Bikaner,Udaipur,600,193,407,26,Weekday,No,2024-07-11,low
TR8207,Bikaner,Ajmer,600,105,495,8,Weekend,Yes,2025-12-28,low
TR8208,Bikaner,Kota,600,198,402,36,Weekday,No,2024-05-06,low
TR8209,Bikaner,Alwar,600,218,382,38,Weekend,No,2024-05-18,low
TR8210,Bikaner,Varanasi,600,184,416,9,Weekday,No,2025-11-10,low
TR8211,Bikaner,Prayagraj,600,198,402,40,Weekday,No,2025-02-06,low
TR8212,Bikaner,Agra,600,164,436,13,Weekday,No,2024-02-01,low
TR8213,Bikaner,Meerut,600,212,388,35,Weekday,No,2024-11-06,low
TR8214,Bikaner,Bareilly,600,172,428,48,Weekday,No,2025-02-17,low
TR8215,Bikaner,Gorakhpur,600,114,486,56,Weekday,Yes,2024-07-04,low
TR8216,Bikaner,Mathura,600,208,392,15,Weekday,No,2025-02-04,low
TR8217,Bikaner,Dehradun,600,91,509,20,Weekend,No,2025-04-19,low
TR8218,Bikaner,Haridwar,600,183,417,5,Weekday,No,2024-07-02,low
TR8219,Bikaner,Amritsar,600,151,449,58,Weekend,No,2025-08-16,low
TR8220,Bikaner,Ludhiana,600,147,453,19,Weekday,No,2024-11-26,low
TR8221,Bikaner,Jalandhar,600,177,423,48,Weekday,Yes,2025-12-05,low
TR8222,Bikaner,Patiala,600,135,465,56,Weekday,No,2024-03-05,low
TR8223,Bikaner,Chandigarh,600,194,406,28,Weekend,No,2024-08-25,low
TR8224,Bikaner,Jammu,600,172,428,41,Weekday,No,2025-06-11,low
TR8225,Bikaner,Srinagar,600,139,461,28,Weekday,Yes,2025-10-16,low
TR8226,Bikaner,Raipur,600,233,367,34,Weekday,No,2024-06-11,low
TR8227,Bikaner,Bilaspur,600,179,421,14,Weekday,No,2025-12-17,low
TR8228,Bikaner,Durg,600,199,401,50,Weekday,No,2024-05-21,low
TR8229,Bikaner,Jabalpur,600,237,363,7,Weekday,Yes,2024-10-31,low
TR8230,Bikaner,Gwalior,600,236,364,39,Weekend,No,2024-08-18,low
TR8231,Bikaner,Ujjain,600,197,403,55,Weekday,No,2024-11-06,low
TR8232,Bikaner,Rewa,600,154,446,48,Weekday,Yes,2025-10-21,low
TR8233,Bikaner,Dhanbad,600,100,500,45,Weekday,No,2025-06-19,low
TR8234,Bikaner,Asansol,600,179,421,39,Weekday,No,2025-08-05,low
TR8235,Bikaner,Jamshedpur,600,221,379,56,Weekday,No,2024-07-04,low
TR8236,Bikaner,Tatanagar,600,186,414,51,Weekend,No,2025-11-23,low
TR8237,Bikaner,Gaya,600,90,510,16,Weekday,No,2024-11-14,low
TR8238,Bikaner,Muzaffarpur,600,211,389,37,Weekday,No,2025-04-21,low
TR8239,Bikaner,Bhagalpur,600,214,386,25,Weekend,No,2025-05-25,low
TR8240,Bikaner,Siliguri,600,154,446,15,Weekday,No,2025-04-29,low
TR8241,Bikaner,New Jalpaiguri,600,216,384,49,Weekend,No,2025-03-15,low
TR8242,Bikaner,Durgapur,600,199,401,2,Weekday,No,2024-12-16,low
TR8243,Bikaner,Howrah,600,136,464,7,Weekday,No,2025-04-18,low
TR8244,Bikaner,Malda,600,230,370,6,Weekday,No,2025-10-23,low
TR8245,Bikaner,Panaji,600,108,492,12,Weekday,No,2024-10-11,low
TR8246,Alwar,Delhi,600,166,434,30,Weekday,No,2025-01-08,low
TR8247,Alwar,New Delhi,600,161,439,56,Weekend,No,2024-05-11,low
TR8248,Alwar,Mumbai,600,129,471,58,Weekday,No,2024-09-16,low
TR8249,Alwar,Chennai,600,184,416,54,Weekday,Yes,2025-07-18,low
TR8250,Alwar,Kolkata,600,232,368,45,Weekend,Yes,2025-04-13,low
TR8251,Alwar,Bangalore,600,229,371,27,Weekday,Yes,2024-06-03,low
TR8252,Alwar,Hyderabad,600,204,396,46,Weekday,No,2025-02-03,low
TR8253,Alwar,Pune,600,90,510,16,Weekend,No,2025-08-16,low
TR8254,Alwar,Ahmedabad,600,105,495,39,Weekend,No,2024-03-31,low
TR8255,Alwar,Jaipur,600,177,423,0,Weekday,No,2024-02-15,low
TR8256,Alwar,Surat,600,167,433,54,Weekday,No,2024-10-14,low
TR8257,Alwar,Lucknow,600,145,455,58,Weekday,No,2025-04-24,low
TR8258,Alwar,Kanpur,600,260,340,44,Weekend,No,2024-08-17,medium
TR8259,Alwar,Nagpur,600,174,426,10,Weekend,No,2025-08-23,low
TR8260,Alwar,Indore,600,195,405,15,Weekday,No,2025-09-11,low
TR8261,Alwar,Bhopal,600,216,384,44,Weekday,No,2025-01-24,low
TR8262,Alwar,Patna,600,172,428,29,Weekday,No,2024-10-03,low
TR8263,Alwar,Ranchi,600,293,307,32,Weekday,No,2024-01-31,medium
TR8264,Alwar,Bhubaneswar,600,124,476,24,Weekend,No,2025-08-23,low
TR8265,Alwar,Cuttack,600,140,460,50,Weekday,No,2025-10-16,low
TR8266,Alwar,Puri,600,124,476,9,Weekday,No,2024-11-19,low
TR8267,Alwar,Rourkela,600,244,356,26,Weekend,Yes,2025-01-12,medium
TR8268,Alwar,Sambalpur,600,207,393,13,Weekday,No,2025-07-04,low
TR8269,Alwar,Guwahati,600,143,457,41,Weekday,No,2025-05-23,low
TR8270,Alwar,Dibrugarh,600,127,473,17,Weekday,No,2024-04-08,low
TR8271,Alwar,Agartala,600,235,365,17,Weekday,No,2025-05-06,low
TR8272,Alwar,Silchar,600,186,414,10,Weekday,Yes,2025-11-06,low
TR8273,Alwar,Visakhapatnam,600,237,363,51,Weekday,Yes,2025-07-02,low
TR8274,Alwar,Vijayawada,600,166,434,13,Weekday,No,2024-12-17,low
TR8275,Alwar,Guntur,600,194,406,52,Weekday,No,2025-01-17,low
TR8276,Alwar,Tirupati,600,183,417,54,Weekday,No,2024-07-08,low
TR8277,Alwar,Rajahmundry,600,139,461,57,Weekday,Yes,2025-04-28,low
TR8278,Alwar,Warangal,600,162,438,20,Weekday,No,2024-06-25,low
TR8279,Alwar,Nizamabad,600,112,488,39,Weekday,No,2024-09-06,low
TR8280,Alwar,Coimbatore,600,193,407,49,Weekday,No,2024-07-12,low
TR8281,Alwar,Madurai,600,205,395,4,Weekday,No,2024-09-02,low
TR8282,Alwar,Trichy,600,216,384,3,Weekday,Yes,2024-09-25,low
TR8283,Alwar,Salem,600,201,399,12,Weekday,Yes,2024-03-01,low
TR8284,Alwar,Erode,600,163,437,58,Weekend,Yes,2025-06-08,low
TR8285,Alwar,Tirunelveli,600,243,357,5,Weekday,No,2024-11-18,medium
TR8286,Alwar,Thoothukudi,600,212,388,45,Weekday,No,2025-11-25,low
TR8287,Alwar,Vellore,600,236,364,50,Weekend,No,2024-05-12,low
TR8288,Alwar,Kochi,600,239,361,54,Weekend,No,2025-05-04,low
TR8289,Alwar,Thiruvananthapuram,600,163,437,31,Weekday,No,2024-05-10,low
TR8290,Alwar,Kozhikode,600,188,412,31,Weekday,No,2025-02-03,low
TR8291,Alwar,Thrissur,600,206,394,44,Weekday,No,2024-12-24,low
TR8292,Alwar,Kollam,600,114,486,38,Weekend,No,2024-11-23,low
TR8293,Alwar,Mysore,600,115,485,47,Weekday,No,2025-04-23,low
TR8294,Alwar,Mangalore,600,107,493,21,Weekday,No,2025-08-28,low
TR8295,Alwar,Hubli,600,164,436,56,Weekday,No,2024-08-19,low
TR8296,Alwar,Belgaum,600,153,447,25,Weekend,No,2025-09-13,low
TR8297,Alwar,Davangere,600,100,500,14,Weekday,No,2024-05-15,low
TR8298,Alwar,Vadodara,600,176,424,45,Weekday,No,2024-08-02,low
TR8299,Alwar,Rajkot,600,164,436,37,Weekday,No,2024-08-15,low
TR8300,Alwar,Jamnagar,600,226,374,2,Weekday,No,2025-11-27,low
TR8301,Alwar,Bhavnagar,600,266,334,9,Weekday,No,2024-03-27,medium
TR8302,Alwar,Gandhinagar,600,191,409,2,Weekday,No,2024-10-15,low
TR8303,Alwar,Nashik,600,136,464,34,Weekday,No,2024-11-06,low
TR8304,Alwar,Aurangabad,600,200,400,52,Weekday,No,2025-08-07,low
TR8305,Alwar,Kolhapur,600,169,431,19,Weekend,Yes,2024-12-21,low
TR8306,Alwar,Solapur,600,157,443,6,Weekend,No,2025-12-07,low
TR8307,Alwar,Thane,600,128,472,51,Weekday,No,2025-06-25,low
TR8308,Alwar,Navi Mumbai,600,147,453,43,Weekday,Yes,2025-05-29,low
TR8309,Alwar,Amravati,600,160,440,32,Weekday,No,2025-07-04,low
TR8310,Alwar,Jodhpur,600,208,392,11,Weekend,No,2024-04-28,low
TR8311,Alwar,Udaipur,600,193,407,40,Weekend,No,2024-11-24,low
TR8312,Alwar,Ajmer,600,257,343,21,Weekday,No,2025-03-04,medium
TR8313,Alwar,Kota,600,201,399,14,Weekend,No,2024-06-01,low
TR8314,Alwar,Bikaner,600,189,411,17,Weekday,No,2024-03-27,low
TR8315,Alwar,Varanasi,600,154,446,3,Weekday,No,2024-04-09,low
TR8316,Alwar,Prayagraj,600,119,481,29,Weekday,No,2025-07-30,low
TR8317,Alwar,Agra,600,142,458,45,Weekday,No,2025-04-25,low
TR8318,Alwar,Meerut,600,135,465,49,Weekday,No,2024-07-24,low
TR8319,Alwar,Bareilly,600,90,510,43,Weekend,No,2025-06-22,low
TR8320,Alwar,Gorakhpur,600,121,479,52,Weekday,No,2025-05-23,low
TR8321,Alwar,Mathura,600,246,354,57,Weekday,Yes,2025-08-19,medium
TR8322,Alwar,Dehradun,600,187,413,13,Weekday,No,2025-10-27,low
TR8323,Alwar,Haridwar,600,151,449,26,Weekday,No,2025-10-06,low
TR8324,Alwar,Amritsar,600,188,412,20,Weekend,No,2024-05-12,low
TR8325,Alwar,Ludhiana,600,90,510,41,Weekday,No,2025-07-16,low
TR8326,Alwar,Jalandhar,600,182,418,50,Weekday,Yes,2024-10-14,low
TR8327,Alwar,Patiala,600,230,370,53,Weekday,No,2024-10-21,low
TR8328,Alwar,Chandigarh,600,163,437,5,Weekday,No,2025-04-18,low
TR8329,Alwar,Jammu,600,90,510,30,Weekend,No,2025-03-16,low
TR8330,Alwar,Srinagar,600,149,451,7,Weekend,No,2024-11-02,low
TR8331,Alwar,Raipur,600,230,370,19,Weekday,No,2025-12-31,low
TR8332,Alwar,Bilaspur,600,181,419,28,Weekday,No,2024-05-07,low
TR8333,Alwar,Durg,600,101,499,37,Weekday,No,2024-03-11,low
TR8334,Alwar,Jabalpur,600,283,317,47,Weekday,No,2024-01-22,medium
TR8335,Alwar,Gwalior,600,109,491,59,Weekday,No,2025-08-18,low
TR8336,Alwar,Ujjain,600,157,443,20,Weekday,No,2024-10-24,low
TR8337,Alwar,Rewa,600,119,481,33,Weekday,No,2024-11-15,low
TR8338,Alwar,Dhanbad,600,119,481,4,Weekend,No,2025-04-19,low
TR8339,Alwar,Asansol,600,147,453,6,Weekday,No,2024-11-14,low
TR8340,Alwar,Jamshedpur,600,199,401,58,Weekend,No,2025-02-23,low
TR8341,Alwar,Tatanagar,600,231,369,56,Weekday,No,2024-02-12,low
TR8342,Alwar,Gaya,600,150,450,56,Weekday,No,2024-04-24,low
TR8343,Alwar,Muzaffarpur,600,120,480,15,Weekday,No,2025-11-12,low
TR8344,Alwar,Bhagalpur,600,192,408,39,Weekday,No,2024-11-25,low
TR8345,Alwar,Siliguri,600,193,407,13,Weekday,No,2024-05-02,low
TR8346,Alwar,New Jalpaiguri,600,180,420,40,Weekday,No,2024-09-27,low
TR8347,Alwar,Durgapur,600,182,418,29,Weekend,Yes,2024-09-01,low
TR8348,Alwar,Howrah,600,164,436,56,Weekday,No,2024-07-19,low
TR8349,Alwar,Malda,600,174,426,22,Weekday,Yes,2024-08-02,low
TR8350,Alwar,Panaji,600,160,440,38,Weekday,No,2025-06-17,low
TR8351,Varanasi,Delhi,600,220,380,39,Weekday,Yes,2024-03-19,low
TR8352,Varanasi,New Delhi,600,276,324,47,Weekday,No,2024-08-14,medium
TR8353,Varanasi,Mumbai,600,178,422,3,Weekend,No,2024-12-08,low
TR8354,Varanasi,Chennai,600,169,431,27,Weekday,No,2025-01-29,low
TR8355,Varanasi,Kolkata,600,181,419,27,Weekend,No,2025-10-05,low
TR8356,Varanasi,Bangalore,600,137,463,13,Weekday,No,2025-11-05,low
TR8357,Varanasi,Hyderabad,600,206,394,48,Weekday,Yes,2024-08-05,low
TR8358,Varanasi,Pune,600,190,410,49,Weekday,No,2025-01-29,low
TR8359,Varanasi,Ahmedabad,600,149,451,4,Weekday,No,2024-01-17,low
TR8360,Varanasi,Jaipur,600,212,388,41,Weekday,No,2025-03-27,low
TR8361,Varanasi,Surat,600,170,430,51,Weekend,Yes,2024-04-21,low
TR8362,Varanasi,Lucknow,600,122,478,17,Weekday,No,2024-02-23,low
TR8363,Varanasi,Kanpur,600,186,414,37,Weekday,No,2025-05-06,low
TR8364,Varanasi,Nagpur,600,180,420,37,Weekday,No,2024-05-10,low
TR8365,Varanasi,Indore,600,215,385,1,Weekend,Yes,2024-12-14,low
TR8366,Varanasi,Bhopal,600,209,391,48,Weekday,No,2024-03-14,low
TR8367,Varanasi,Patna,600,164,436,45,Weekend,No,2025-06-29,low
TR8368,Varanasi,Ranchi,600,146,454,16,Weekend,No,2025-07-13,low
TR8369,Varanasi,Bhubaneswar,600,169,431,18,Weekday,No,2025-02-24,low
TR8370,Varanasi,Cuttack,600,186,414,46,Weekday,No,2025-09-03,low
TR8371,Varanasi,Puri,600,192,408,48,Weekday,No,2024-11-15,low
TR8372,Varanasi,Rourkela,600,183,417,4,Weekday,No,2024-05-16,low
TR8373,Varanasi,Sambalpur,600,165,435,21,Weekend,No,2024-04-20,low
TR8374,Varanasi,Guwahati,600,217,383,37,Weekend,No,2024-06-09,low
TR8375,Varanasi,Dibrugarh,600,137,463,7,Weekend,No,2024-05-26,low
TR8376,Varanasi,Agartala,600,288,312,59,Weekend,No,2024-08-24,medium
TR8377,Varanasi,Silchar,600,206,394,12,Weekday,No,2024-06-05,low
TR8378,Varanasi,Visakhapatnam,600,115,485,51,Weekend,No,2025-03-08,low
TR8379,Varanasi,Vijayawada,600,178,422,3,Weekday,Yes,2024-04-18,low
TR8380,Varanasi,Guntur,600,206,394,52,Weekend,No,2025-03-30,low
TR8381,Varanasi,Tirupati,600,152,448,2,Weekend,No,2024-09-01,low
TR8382,Varanasi,Rajahmundry,600,97,503,40,Weekend,No,2025-05-17,low
TR8383,Varanasi,Warangal,600,119,481,21,Weekday,No,2025-01-09,low
TR8384,Varanasi,Nizamabad,600,195,405,27,Weekday,No,2025-10-23,low
TR8385,Varanasi,Coimbatore,600,90,510,6,Weekend,No,2024-11-17,low
TR8386,Varanasi,Madurai,600,99,501,40,Weekend,No,2024-08-03,low
TR8387,Varanasi,Trichy,600,195,405,37,Weekday,No,2025-03-06,low
TR8388,Varanasi,Salem,600,158,442,19,Weekend,No,2025-04-26,low
TR8389,Varanasi,Erode,600,136,464,28,Weekend,No,2024-11-17,low
TR8390,Varanasi,Tirunelveli,600,145,455,33,Weekday,No,2025-02-13,low
TR8391,Varanasi,Thoothukudi,600,98,502,41,Weekday,No,2024-12-10,low
TR8392,Varanasi,Vellore,600,192,408,32,Weekend,No,2024-08-11,low
TR8393,Varanasi,Kochi,600,130,470,3,Weekend,Yes,2024-08-17,low
TR8394,Varanasi,Thiruvananthapuram,600,143,457,32,Weekend,No,2025-10-25,low
TR8395,Varanasi,Kozhikode,600,186,414,20,Weekday,No,2025-05-08,low
TR8396,Varanasi,Thrissur,600,157,443,24,Weekend,No,2024-03-10,low
TR8397,Varanasi,Kollam,600,135,465,22,Weekday,No,2025-12-04,low
TR8398,Varanasi,Mysore,600,90,510,21,Weekday,No,2025-06-04,low
TR8399,Varanasi,Mangalore,600,187,413,14,Weekday,No,2024-02-06,low
TR8400,Varanasi,Hubli,600,173,427,19,Weekday,No,2025-06-16,low
TR8401,Varanasi,Belgaum,600,144,456,42,Weekday,No,2025-03-07,low
TR8402,Varanasi,Davangere,600,119,481,13,Weekday,No,2025-10-31,low
TR8403,Varanasi,Vadodara,600,170,430,45,Weekday,No,2024-12-23,low
TR8404,Varanasi,Rajkot,600,192,408,26,Weekday,No,2025-01-14,low
TR8405,Varanasi,Jamnagar,600,174,426,36,Weekend,No,2024-08-18,low
TR8406,Varanasi,Bhavnagar,600,248,352,7,Weekday,Yes,2024-08-23,medium
TR8407,Varanasi,Gandhinagar,600,203,397,12,Weekday,No,2025-03-27,low
TR8408,Varanasi,Nashik,600,164,436,54,Weekday,No,2025-08-28,low
TR8409,Varanasi,Aurangabad,600,204,396,49,Weekday,No,2025-10-13,low
TR8410,Varanasi,Kolhapur,600,171,429,4,Weekday,No,2025-07-17,low
TR8411,Varanasi,Solapur,600,171,429,54,Weekday,No,2025-03-21,low
TR8412,Varanasi,Thane,600,231,369,50,Weekday,No,2024-12-31,low
TR8413,Varanasi,Navi Mumbai,600,126,474,8,Weekday,Yes,2024-09-05,low
TR8414,Varanasi,Amravati,600,170,430,14,Weekday,No,2025-07-15,low
TR8415,Varanasi,Jodhpur,600,226,374,10,Weekday,No,2024-08-20,low
TR8416,Varanasi,Udaipur,600,184,416,51,Weekend,No,2024-07-14,low
TR8417,Varanasi,Ajmer,600,151,449,51,Weekday,No,2025-09-26,low
TR8418,Varanasi,Kota,600,90,510,43,Weekday,Yes,2025-03-06,low
TR8419,Varanasi,Bikaner,600,90,510,15,Weekend,No,2024-09-15,low
TR8420,Varanasi,Alwar,600,269,331,55,Weekday,Yes,2025-09-24,medium
TR8421,Varanasi,Prayagraj,600,184,416,50,Weekday,No,2025-12-04,low
TR8422,Varanasi,Agra,600,141,459,52,Weekday,No,2024-08-20,low
TR8423,Varanasi,Meerut,600,186,414,21,Weekday,No,2025-01-16,low
TR8424,Varanasi,Bareilly,600,123,477,42,Weekday,No,2024-12-19,low
TR8425,Varanasi,Gorakhpur,600,153,447,40,Weekday,No,2025-05-27,low
TR8426,Varanasi,Mathura,600,124,476,9,Weekday,Yes,2025-11-26,low
TR8427,Varanasi,Dehradun,600,101,499,34,Weekday,No,2025-02-04,low
TR8428,Varanasi,Haridwar,600,90,510,32,Weekday,Yes,2025-08-06,low
TR8429,Varanasi,Amritsar,600,92,508,35,Weekday,Yes,2025-03-11,low
TR8430,Varanasi,Ludhiana,600,218,382,20,Weekday,No,2025-10-10,low
TR8431,Varanasi,Jalandhar,600,122,478,40,Weekday,Yes,2024-10-22,low
TR8432,Varanasi,Patiala,600,195,405,53,Weekday,No,2024-10-08,low
TR8433,Varanasi,Chandigarh,600,215,385,36,Weekday,No,2024-11-04,low
TR8434,Varanasi,Jammu,600,170,430,52,Weekday,Yes,2025-12-29,low
TR8435,Varanasi,Srinagar,600,155,445,46,Weekend,No,2025-03-22,low
TR8436,Varanasi,Raipur,600,175,425,18,Weekend,No,2024-04-21,low
TR8437,Varanasi,Bilaspur,600,149,451,44,Weekday,No,2024-01-30,low
TR8438,Varanasi,Durg,600,227,373,40,Weekday,No,2025-01-14,low
TR8439,Varanasi,Jabalpur,600,259,341,56,Weekday,No,2025-08-11,medium
TR8440,Varanasi,Gwalior,600,239,361,20,Weekday,No,2024-12-16,low
TR8441,Varanasi,Ujjain,600,90,510,9,Weekday,No,2025-02-13,low
TR8442,Varanasi,Rewa,600,148,452,40,Weekday,No,2025-08-06,low
TR8443,Varanasi,Dhanbad,600,169,431,37,Weekend,No,2025-01-12,low
TR8444,Varanasi,Asansol,600,191,409,36,Weekend,No,2025-10-26,low
TR8445,Varanasi,Jamshedpur,600,90,510,44,Weekday,No,2025-04-11,low
TR8446,Varanasi,Tatanagar,600,90,510,30,Weekday,No,2025-06-18,low
TR8447,Varanasi,Gaya,600,232,368,1,Weekday,No,2025-07-25,low
TR8448,Varanasi,Muzaffarpur,600,142,458,52,Weekday,No,2025-04-03,low
TR8449,Varanasi,Bhagalpur,600,98,502,16,Weekday,Yes,2024-02-06,low
TR8450,Varanasi,Siliguri,600,116,484,14,Weekday,No,2024-11-08,low
TR8451,Varanasi,New Jalpaiguri,600,188,412,48,Weekend,No,2024-04-13,low
TR8452,Varanasi,Durgapur,600,129,471,47,Weekday,No,2025-01-08,low
TR8453,Varanasi,Howrah,600,181,419,30,Weekend,No,2024-04-14,low
TR8454,Varanasi,Malda,600,122,478,41,Weekday,No,2025-01-07,low
TR8455,Varanasi,Panaji,600,90,510,4,Weekend,No,2024-09-08,low
TR8456,Prayagraj,Delhi,600,237,363,16,Weekday,No,2024-01-15,low
TR8457,Prayagraj,New Delhi,600,188,412,14,Weekday,No,2024-04-01,low
TR8458,Prayagraj,Mumbai,600,153,447,25,Weekday,No,2025-01-02,low
TR8459,Prayagraj,Chennai,600,144,456,21,Weekday,No,2024-02-27,low
TR8460,Prayagraj,Kolkata,600,239,361,4,Weekday,No,2025-09-17,low
TR8461,Prayagraj,Bangalore,600,197,403,41,Weekday,No,2025-07-08,low
TR8462,Prayagraj,Hyderabad,600,224,376,35,Weekday,Yes,2025-06-02,low
TR8463,Prayagraj,Pune,600,141,459,22,Weekend,No,2024-05-05,low
TR8464,Prayagraj,Ahmedabad,600,171,429,53,Weekday,No,2025-08-04,low
TR8465,Prayagraj,Jaipur,600,188,412,21,Weekday,No,2025-04-08,low
TR8466,Prayagraj,Surat,600,143,457,7,Weekend,No,2024-10-12,low
TR8467,Prayagraj,Lucknow,600,164,436,50,Weekday,No,2024-01-01,low
TR8468,Prayagraj,Kanpur,600,141,459,7,Weekday,No,2025-01-21,low
TR8469,Prayagraj,Nagpur,600,188,412,4,Weekday,No,2025-08-04,low
TR8470,Prayagraj,Indore,600,106,494,28,Weekday,No,2024-01-25,low
TR8471,Prayagraj,Bhopal,600,196,404,34,Weekday,No,2024-02-08,low
TR8472,Prayagraj,Patna,600,184,416,16,Weekend,No,2024-10-06,low
TR8473,Prayagraj,Ranchi,600,159,441,50,Weekday,No,2025-01-08,low
TR8474,Prayagraj,Bhubaneswar,600,191,409,16,Weekday,No,2024-12-12,low
TR8475,Prayagraj,Cuttack,600,151,449,57,Weekday,No,2024-11-07,low
TR8476,Prayagraj,Puri,600,137,463,38,Weekday,No,2024-07-05,low
TR8477,Prayagraj,Rourkela,600,195,405,11,Weekday,No,2024-02-13,low
TR8478,Prayagraj,Sambalpur,600,197,403,24,Weekday,No,2024-01-23,low
TR8479,Prayagraj,Guwahati,600,145,455,4,Weekday,No,2024-03-13,low
TR8480,Prayagraj,Dibrugarh,600,140,460,50,Weekday,No,2025-05-19,low
TR8481,Prayagraj,Agartala,600,160,440,38,Weekday,No,2025-07-28,low
TR8482,Prayagraj,Silchar,600,142,458,25,Weekday,No,2024-11-14,low
TR8483,Prayagraj,Visakhapatnam,600,242,358,40,Weekday,No,2024-02-26,medium
TR8484,Prayagraj,Vijayawada,600,184,416,36,Weekday,No,2024-10-30,low
TR8485,Prayagraj,Guntur,600,170,430,35,Weekend,No,2025-12-21,low
TR8486,Prayagraj,Tirupati,600,124,476,23,Weekday,No,2024-07-01,low
TR8487,Prayagraj,Rajahmundry,600,204,396,21,Weekday,No,2024-12-25,low
TR8488,Prayagraj,Warangal,600,140,460,15,Weekday,No,2025-01-28,low
TR8489,Prayagraj,Nizamabad,600,138,462,47,Weekday,No,2024-08-29,low
TR8490,Prayagraj,Coimbatore,600,206,394,28,Weekend,No,2024-11-16,low
TR8491,Prayagraj,Madurai,600,188,412,28,Weekday,No,2024-12-10,low
TR8492,Prayagraj,Trichy,600,90,510,43,Weekday,No,2024-12-12,low
TR8493,Prayagraj,Salem,600,161,439,31,Weekend,No,2025-06-08,low
TR8494,Prayagraj,Erode,600,175,425,57,Weekday,No,2025-02-28,low
TR8495,Prayagraj,Tirunelveli,600,153,447,14,Weekday,No,2024-02-09,low
TR8496,Prayagraj,Thoothukudi,600,177,423,2,Weekday,No,2024-01-05,low
TR8497,Prayagraj,Vellore,600,90,510,25,Weekend,No,2024-10-27,low
TR8498,Prayagraj,Kochi,600,90,510,31,Weekend,No,2025-10-25,low
TR8499,Prayagraj,Thiruvananthapuram,600,122,478,49,Weekend,No,2024-01-27,low
TR8500,Prayagraj,Kozhikode,600,182,418,38,Weekday,No,2024-02-21,low
TR8501,Prayagraj,Thrissur,600,90,510,56,Weekend,No,2025-05-11,low
TR8502,Prayagraj,Kollam,600,128,472,5,Weekday,No,2024-11-25,low
TR8503,Prayagraj,Mysore,600,90,510,32,Weekday,No,2024-06-17,low
TR8504,Prayagraj,Mangalore,600,157,443,49,Weekday,No,2024-05-31,low
TR8505,Prayagraj,Hubli,600,263,337,30,Weekday,No,2025-05-01,medium
TR8506,Prayagraj,Belgaum,600,159,441,16,Weekday,Yes,2025-01-17,low
TR8507,Prayagraj,Davangere,600,164,436,46,Weekday,No,2025-04-11,low
TR8508,Prayagraj,Vadodara,600,209,391,52,Weekday,Yes,2024-07-23,low
TR8509,Prayagraj,Rajkot,600,170,430,15,Weekend,No,2025-01-19,low
TR8510,Prayagraj,Jamnagar,600,159,441,33,Weekend,Yes,2025-09-20,low
TR8511,Prayagraj,Bhavnagar,600,213,387,48,Weekday,No,2024-08-19,low
TR8512,Prayagraj,Gandhinagar,600,192,408,9,Weekday,No,2024-10-16,low
TR8513,Prayagraj,Nashik,600,183,417,0,Weekday,No,2024-04-29,low
TR8514,Prayagraj,Aurangabad,600,162,438,44,Weekday,No,2025-04-11,low
TR8515,Prayagraj,Kolhapur,600,152,448,45,Weekday,No,2024-01-24,low
TR8516,Prayagraj,Solapur,600,213,387,9,Weekend,Yes,2024-06-30,low
TR8517,Prayagraj,Thane,600,153,447,35,Weekday,No,2025-06-05,low
TR8518,Prayagraj,Navi Mumbai,600,228,372,43,Weekday,No,2024-01-15,low
TR8519,Prayagraj,Amravati,600,119,481,57,Weekday,No,2025-12-24,low
TR8520,Prayagraj,Jodhpur,600,238,362,48,Weekday,No,2024-10-22,low
TR8521,Prayagraj,Udaipur,600,192,408,13,Weekday,No,2024-10-18,low
TR8522,Prayagraj,Ajmer,600,122,478,34,Weekday,No,2025-01-27,low
TR8523,Prayagraj,Kota,600,193,407,43,Weekend,Yes,2025-04-12,low
TR8524,Prayagraj,Bikaner,600,138,462,16,Weekend,No,2024-12-01,low
TR8525,Prayagraj,Alwar,600,171,429,9,Weekday,No,2025-10-08,low
TR8526,Prayagraj,Varanasi,600,146,454,26,Weekday,No,2025-12-04,low
TR8527,Prayagraj,Agra,600,163,437,43,Weekend,No,2024-05-26,low
TR8528,Prayagraj,Meerut,600,214,386,31,Weekend,Yes,2025-05-31,low
TR8529,Prayagraj,Bareilly,600,194,406,36,Weekday,No,2024-08-07,low
TR8530,Prayagraj,Gorakhpur,600,115,485,39,Weekend,No,2025-12-28,low
TR8531,Prayagraj,Mathura,600,118,482,57,Weekday,No,2024-07-04,low
TR8532,Prayagraj,Dehradun,600,182,418,38,Weekend,No,2024-08-03,low
TR8533,Prayagraj,Haridwar,600,185,415,8,Weekday,No,2025-06-06,low
TR8534,Prayagraj,Amritsar,600,137,463,24,Weekday,No,2025-07-30,low
TR8535,Prayagraj,Ludhiana,600,245,355,10,Weekday,No,2024-04-03,medium
TR8536,Prayagraj,Jalandhar,600,208,392,45,Weekday,No,2025-02-10,low
TR8537,Prayagraj,Patiala,600,139,461,59,Weekday,No,2024-09-09,low
TR8538,Prayagraj,Chandigarh,600,134,466,46,Weekend,No,2025-03-23,low
TR8539,Prayagraj,Jammu,600,158,442,14,Weekday,No,2025-02-10,low
TR8540,Prayagraj,Srinagar,600,153,447,41,Weekend,No,2025-12-21,low
TR8541,Prayagraj,Raipur,600,229,371,1,Weekday,No,2025-11-13,low
TR8542,Prayagraj,Bilaspur,600,216,384,16,Weekday,No,2025-04-23,low
TR8543,Prayagraj,Durg,600,171,429,18,Weekend,Yes,2025-05-11,low
TR8544,Prayagraj,Jabalpur,600,201,399,28,Weekend,No,2025-10-19,low
TR8545,Prayagraj,Gwalior,600,208,392,19,Weekday,No,2024-05-14,low
TR8546,Prayagraj,Ujjain,600,172,428,25,Weekend,No,2025-06-14,low
TR8547,Prayagraj,Rewa,600,188,412,0,Weekday,Yes,2025-07-18,low
TR8548,Prayagraj,Dhanbad,600,197,403,49,Weekday,No,2024-04-03,low
TR8549,Prayagraj,Asansol,600,192,408,23,Weekday,No,2025-10-06,low
TR8550,Prayagraj,Jamshedpur,600,132,468,48,Weekday,No,2025-05-26,low
TR8551,Prayagraj,Tatanagar,600,136,464,3,Weekday,No,2024-09-10,low
TR8552,Prayagraj,Gaya,600,155,445,51,Weekday,No,2024-12-20,low
TR8553,Prayagraj,Muzaffarpur,600,135,465,37,Weekday,No,2024-12-23,low
TR8554,Prayagraj,Bhagalpur,600,98,502,13,Weekend,No,2025-11-02,low
TR8555,Prayagraj,Siliguri,600,201,399,45,Weekday,No,2025-12-09,low
TR8556,Prayagraj,New Jalpaiguri,600,186,414,44,Weekday,No,2025-08-12,low
TR8557,Prayagraj,Durgapur,600,105,495,43,Weekday,No,2025-04-21,low
TR8558,Prayagraj,Howrah,600,157,443,52,Weekend,Yes,2024-03-17,low
TR8559,Prayagraj,Malda,600,160,440,57,Weekday,Yes,2025-10-30,low
TR8560,Prayagraj,Panaji,600,178,422,9,Weekend,Yes,2024-04-07,low
TR8561,Agra,Delhi,600,117,483,16,Weekday,No,2024-05-01,low
TR8562,Agra,New Delhi,600,104,496,2,Weekday,No,2024-02-20,low
TR8563,Agra,Mumbai,600,194,406,3,Weekend,No,2025-11-23,low
TR8564,Agra,Chennai,600,95,505,6,Weekday,No,2024-12-26,low
TR8565,Agra,Kolkata,600,158,442,41,Weekday,No,2024-06-21,low
TR8566,Agra,Bangalore,600,153,447,36,Weekday,No,2024-02-29,low
TR8567,Agra,Hyderabad,600,163,437,2,Weekday,No,2024-10-28,low
TR8568,Agra,Pune,600,181,419,25,Weekday,No,2025-06-13,low
TR8569,Agra,Ahmedabad,600,246,354,6,Weekend,No,2025-12-28,medium
TR8570,Agra,Jaipur,600,92,508,11,Weekday,Yes,2025-02-07,low
TR8571,Agra,Surat,600,211,389,3,Weekday,Yes,2025-03-19,low
TR8572,Agra,Lucknow,600,90,510,31,Weekday,No,2025-09-03,low
TR8573,Agra,Kanpur,600,236,364,4,Weekday,No,2025-10-21,low
TR8574,Agra,Nagpur,600,90,510,47,Weekday,No,2024-07-23,low
TR8575,Agra,Indore,600,286,314,55,Weekday,No,2025-12-26,medium
TR8576,Agra,Bhopal,600,150,450,51,Weekday,No,2025-01-14,low
TR8577,Agra,Patna,600,231,369,49,Weekday,No,2025-11-10,low
TR8578,Agra,Ranchi,600,221,379,45,Weekday,No,2024-03-26,low
TR8579,Agra,Bhubaneswar,600,148,452,54,Weekday,No,2024-03-12,low
TR8580,Agra,Cuttack,600,152,448,53,Weekday,No,2025-10-08,low
TR8581,Agra,Puri,600,129,471,12,Weekday,No,2025-05-06,low
TR8582,Agra,Rourkela,600,207,393,36,Weekday,No,2024-05-07,low
TR8583,Agra,Sambalpur,600,149,451,18,Weekday,No,2025-10-16,low
TR8584,Agra,Guwahati,600,130,470,50,Weekday,No,2024-03-15,low
TR8585,Agra,Dibrugarh,600,195,405,0,Weekday,No,2025-05-13,low
TR8586,Agra,Agartala,600,126,474,25,Weekday,No,2024-05-29,low
TR8587,Agra,Silchar,600,153,447,22,Weekday,Yes,2024-02-21,low
TR8588,Agra,Visakhapatnam,600,174,426,51,Weekday,No,2025-08-12,low
TR8589,Agra,Vijayawada,600,138,462,17,Weekday,No,2025-09-11,low
TR8590,Agra,Guntur,600,145,455,53,Weekday,No,2024-03-18,low
TR8591,Agra,Tirupati,600,243,357,29,Weekend,No,2024-03-09,medium
TR8592,Agra,Rajahmundry,600,159,441,41,Weekday,No,2025-03-25,low
TR8593,Agra,Warangal,600,152,448,31,Weekend,No,2024-01-21,low
TR8594,Agra,Nizamabad,600,161,439,25,Weekend,Yes,2025-06-29,low
TR8595,Agra,Coimbatore,600,191,409,18,Weekday,No,2025-10-31,low
TR8596,Agra,Madurai,600,119,481,16,Weekday,No,2025-07-03,low
TR8597,Agra,Trichy,600,189,411,38,Weekday,No,2024-06-17,low
TR8598,Agra,Salem,600,181,419,19,Weekend,No,2024-05-18,low
TR8599,Agra,Erode,600,90,510,51,Weekday,No,2025-05-12,low
TR8600,Agra,Tirunelveli,600,255,345,7,Weekday,No,2024-02-15,medium
TR8601,Agra,Thoothukudi,600,239,361,12,Weekday,No,2025-01-28,low
TR8602,Agra,Vellore,600,131,469,2,Weekend,No,2024-11-24,low
TR8603,Agra,Kochi,600,115,485,51,Weekend,No,2025-06-28,low
TR8604,Agra,Thiruvananthapuram,600,180,420,24,Weekday,No,2024-05-28,low
TR8605,Agra,Kozhikode,600,101,499,2,Weekday,No,2025-07-11,low
TR8606,Agra,Thrissur,600,234,366,2,Weekday,No,2025-05-26,low
TR8607,Agra,Kollam,600,146,454,55,Weekend,Yes,2024-06-23,low
TR8608,Agra,Mysore,600,247,353,52,Weekday,No,2024-09-17,medium
TR8609,Agra,Mangalore,600,129,471,16,Weekend,No,2024-02-18,low
TR8610,Agra,Hubli,600,164,436,38,Weekend,No,2024-11-24,low
TR8611,Agra,Belgaum,600,230,370,15,Weekday,No,2024-07-09,low
TR8612,Agra,Davangere,600,153,447,50,Weekend,No,2024-03-23,low
TR8613,Agra,Vadodara,600,182,418,42,Weekday,No,2025-02-13,low
TR8614,Agra,Rajkot,600,221,379,26,Weekday,No,2025-02-18,low
TR8615,Agra,Jamnagar,600,142,458,55,Weekend,No,2024-03-03,low
TR8616,Agra,Bhavnagar,600,108,492,13,Weekday,Yes,2024-05-15,low
TR8617,Agra,Gandhinagar,600,99,501,59,Weekday,No,2024-03-01,low
TR8618,Agra,Nashik,600,197,403,17,Weekend,No,2025-05-11,low
TR8619,Agra,Aurangabad,600,188,412,53,Weekday,No,2024-09-04,low
TR8620,Agra,Kolhapur,600,220,380,51,Weekday,No,2024-02-22,low
TR8621,Agra,Solapur,600,156,444,33,Weekday,No,2024-05-20,low
TR8622,Agra,Thane,600,100,500,7,Weekend,Yes,2025-12-14,low
TR8623,Agra,Navi Mumbai,600,90,510,45,Weekday,No,2024-07-05,low
TR8624,Agra,Amravati,600,307,293,41,Weekday,No,2025-05-15,medium
TR8625,Agra,Jodhpur,600,194,406,51,Weekend,Yes,2024-12-08,low
TR8626,Agra,Udaipur,600,176,424,13,Weekend,Yes,2024-05-12,low
TR8627,Agra,Ajmer,600,182,418,14,Weekday,No,2024-08-12,low
TR8628,Agra,Kota,600,100,500,21,Weekday,Yes,2024-01-11,low
TR8629,Agra,Bikaner,600,131,469,22,Weekday,No,2025-06-30,low
TR8630,Agra,Alwar,600,253,347,0,Weekend,No,2024-09-01,medium
TR8631,Agra,Varanasi,600,201,399,9,Weekday,No,2024-12-30,low
TR8632,Agra,Prayagraj,600,132,468,28,Weekend,No,2024-04-21,low
TR8633,Agra,Meerut,600,110,490,58,Weekday,No,2025-08-25,low
TR8634,Agra,Bareilly,600,144,456,7,Weekend,No,2024-06-08,low
TR8635,Agra,Gorakhpur,600,154,446,14,Weekday,No,2025-02-17,low
TR8636,Agra,Mathura,600,267,333,51,Weekday,No,2025-09-29,medium
TR8637,Agra,Dehradun,600,160,440,2,Weekday,Yes,2025-06-05,low
TR8638,Agra,Haridwar,600,112,488,5,Weekend,No,2025-03-16,low
TR8639,Agra,Amritsar,600,166,434,53,Weekend,No,2025-10-11,low
TR8640,Agra,Ludhiana,600,182,418,15,Weekday,No,2024-05-08,low
TR8641,Agra,Jalandhar,600,107,493,18,Weekday,No,2025-12-05,low
TR8642,Agra,Patiala,600,188,412,0,Weekday,No,2025-02-10,low
TR8643,Agra,Chandigarh,600,227,373,24,Weekend,No,2024-10-26,low
TR8644,Agra,Jammu,600,176,424,59,Weekday,No,2024-07-05,low
TR8645,Agra,Srinagar,600,131,469,59,Weekend,No,2025-06-28,low
TR8646,Agra,Raipur,600,144,456,38,Weekend,No,2025-12-14,low
TR8647,Agra,Bilaspur,600,90,510,40,Weekday,No,2025-05-19,low
TR8648,Agra,Durg,600,163,437,38,Weekday,No,2024-01-24,low
TR8649,Agra,Jabalpur,600,184,416,41,Weekend,No,2024-12-08,low
TR8650,Agra,Gwalior,600,126,474,31,Weekday,Yes,2025-06-19,low
TR8651,Agra,Ujjain,600,262,338,12,Weekday,No,2024-10-17,medium
TR8652,Agra,Rewa,600,207,393,52,Weekend,No,2025-07-19,low
TR8653,Agra,Dhanbad,600,90,510,52,Weekend,No,2025-06-01,low
TR8654,Agra,Asansol,600,90,510,8,Weekday,No,2024-02-19,low
TR8655,Agra,Jamshedpur,600,122,478,5,Weekday,No,2025-02-11,low
TR8656,Agra,Tatanagar,600,244,356,47,Weekend,Yes,2024-05-05,medium
TR8657,Agra,Gaya,600,212,388,2,Weekend,No,2024-12-21,low
TR8658,Agra,Muzaffarpur,600,247,353,48,Weekday,No,2024-10-07,medium
TR8659,Agra,Bhagalpur,600,169,431,58,Weekday,No,2025-08-12,low
TR8660,Agra,Siliguri,600,159,441,2,Weekday,No,2025-09-26,low
TR8661,Agra,New Jalpaiguri,600,109,491,47,Weekday,No,2024-12-03,low
TR8662,Agra,Durgapur,600,186,414,7,Weekday,No,2025-01-27,low
TR8663,Agra,Howrah,600,160,440,17,Weekday,No,2025-04-02,low
TR8664,Agra,Malda,600,158,442,32,Weekday,No,2025-04-24,low
TR8665,Agra,Panaji,600,247,353,40,Weekday,No,2025-04-09,medium
TR8666,Meerut,Delhi,600,163,437,5,Weekend,No,2025-07-26,low
TR8667,Meerut,New Delhi,600,233,367,6,Weekday,No,2025-12-18,low
TR8668,Meerut,Mumbai,600,93,507,16,Weekday,No,2025-08-28,low
TR8669,Meerut,Chennai,600,298,302,40,Weekday,No,2024-04-08,medium
TR8670,Meerut,Kolkata,600,151,449,24,Weekend,No,2024-12-14,low
TR8671,Meerut,Bangalore,600,203,397,16,Weekday,No,2024-12-03,low
TR8672,Meerut,Hyderabad,600,211,389,9,Weekday,Yes,2025-01-06,low
TR8673,Meerut,Pune,600,145,455,58,Weekday,No,2025-01-21,low
TR8674,Meerut,Ahmedabad,600,208,392,42,Weekend,Yes,2025-06-08,low
TR8675,Meerut,Jaipur,600,211,389,59,Weekend,No,2024-11-03,low
TR8676,Meerut,Surat,600,135,465,29,Weekday,No,2024-07-11,low
TR8677,Meerut,Lucknow,600,135,465,49,Weekend,No,2024-11-30,low
TR8678,Meerut,Kanpur,600,171,429,38,Weekday,No,2025-09-16,low
TR8679,Meerut,Nagpur,600,163,437,31,Weekday,No,2024-08-15,low
TR8680,Meerut,Indore,600,236,364,28,Weekday,No,2024-01-16,low
TR8681,Meerut,Bhopal,600,203,397,30,Weekend,No,2025-12-14,low
TR8682,Meerut,Patna,600,166,434,24,Weekday,No,2024-05-23,low
TR8683,Meerut,Ranchi,600,198,402,38,Weekend,No,2025-03-16,low
TR8684,Meerut,Bhubaneswar,600,90,510,29,Weekday,No,2025-08-07,low
TR8685,Meerut,Cuttack,600,139,461,58,Weekday,No,2024-07-19,low
TR8686,Meerut,Puri,600,183,417,53,Weekday,No,2024-09-05,low
TR8687,Meerut,Rourkela,600,222,378,27,Weekday,No,2024-07-24,low
TR8688,Meerut,Sambalpur,600,179,421,23,Weekday,No,2024-04-19,low
TR8689,Meerut,Guwahati,600,239,361,45,Weekend,No,2024-04-21,low
TR8690,Meerut,Dibrugarh,600,211,389,38,Weekday,No,2024-05-16,low
TR8691,Meerut,Agartala,600,146,454,13,Weekend,No,2024-11-30,low
TR8692,Meerut,Silchar,600,162,438,50,Weekday,No,2025-01-22,low
TR8693,Meerut,Visakhapatnam,600,189,411,40,Weekday,No,2024-01-12,low
TR8694,Meerut,Vijayawada,600,147,453,37,Weekday,No,2025-09-10,low
TR8695,Meerut,Guntur,600,242,358,46,Weekday,No,2025-05-09,medium
TR8696,Meerut,Tirupati,600,116,484,13,Weekday,No,2024-02-21,low
TR8697,Meerut,Rajahmundry,600,184,416,47,Weekday,No,2025-09-08,low
TR8698,Meerut,Warangal,600,204,396,7,Weekday,No,2024-01-23,low
TR8699,Meerut,Nizamabad,600,154,446,47,Weekday,No,2025-02-13,low
TR8700,Meerut,Coimbatore,600,143,457,35,Weekday,No,2024-12-06,low
TR8701,Meerut,Madurai,600,165,435,34,Weekday,No,2025-01-02,low
TR8702,Meerut,Trichy,600,208,392,43,Weekend,No,2025-11-29,low
TR8703,Meerut,Salem,600,145,455,18,Weekend,No,2025-11-08,low
TR8704,Meerut,Erode,600,118,482,46,Weekday,No,2024-07-22,low
TR8705,Meerut,Tirunelveli,600,224,376,1,Weekday,No,2025-02-27,low
TR8706,Meerut,Thoothukudi,600,188,412,41,Weekday,No,2025-12-02,low
TR8707,Meerut,Vellore,600,217,383,47,Weekday,No,2025-06-16,low
TR8708,Meerut,Kochi,600,205,395,0,Weekday,No,2025-10-10,low
TR8709,Meerut,Thiruvananthapuram,600,274,326,41,Weekday,No,2024-11-13,medium
TR8710,Meerut,Kozhikode,600,222,378,46,Weekday,No,2024-07-25,low
TR8711,Meerut,Thrissur,600,134,466,31,Weekday,No,2025-01-08,low
TR8712,Meerut,Kollam,600,192,408,36,Weekday,No,2025-08-20,low
TR8713,Meerut,Mysore,600,142,458,3,Weekend,No,2025-11-09,low
TR8714,Meerut,Mangalore,600,147,453,59,Weekday,No,2025-05-16,low
TR8715,Meerut,Hubli,600,101,499,58,Weekend,Yes,2025-05-31,low
TR8716,Meerut,Belgaum,600,155,445,45,Weekday,No,2025-01-09,low
TR8717,Meerut,Davangere,600,195,405,0,Weekday,No,2024-08-21,low
TR8718,Meerut,Vadodara,600,166,434,25,Weekday,No,2024-11-05,low
TR8719,Meerut,Rajkot,600,116,484,49,Weekend,No,2024-12-29,low
TR8720,Meerut,Jamnagar,600,96,504,40,Weekday,No,2025-08-19,low
TR8721,Meerut,Bhavnagar,600,270,330,54,Weekend,No,2025-02-09,medium
TR8722,Meerut,Gandhinagar,600,185,415,36,Weekend,Yes,2025-08-02,low
TR8723,Meerut,Nashik,600,129,471,42,Weekend,No,2024-01-21,low
TR8724,Meerut,Aurangabad,600,191,409,20,Weekday,No,2025-07-07,low
TR8725,Meerut,Kolhapur,600,274,326,48,Weekend,No,2025-01-05,medium
TR8726,Meerut,Solapur,600,199,401,32,Weekday,No,2025-12-30,low
TR8727,Meerut,Thane,600,90,510,48,Weekday,No,2024-12-10,low
TR8728,Meerut,Navi Mumbai,600,296,304,12,Weekend,No,2024-12-15,medium
TR8729,Meerut,Amravati,600,90,510,16,Weekday,No,2024-04-03,low
TR8730,Meerut,Jodhpur,600,159,441,5,Weekday,No,2025-08-12,low
TR8731,Meerut,Udaipur,600,115,485,40,Weekday,No,2025-05-27,low
TR8732,Meerut,Ajmer,600,133,467,43,Weekday,No,2025-09-22,low
TR8733,Meerut,Kota,600,183,417,17,Weekday,No,2024-03-08,low
TR8734,Meerut,Bikaner,600,90,510,23,Weekday,No,2024-06-03,low
TR8735,Meerut,Alwar,600,165,435,34,Weekday,No,2025-10-03,low
TR8736,Meerut,Varanasi,600,224,376,45,Weekday,No,2024-01-31,low
TR8737,Meerut,Prayagraj,600,128,472,18,Weekday,No,2025-01-06,low
TR8738,Meerut,Agra,600,102,498,29,Weekday,No,2024-10-22,low
TR8739,Meerut,Bareilly,600,162,438,11,Weekday,No,2025-11-17,low
TR8740,Meerut,Gorakhpur,600,153,447,48,Weekday,No,2025-09-18,low
TR8741,Meerut,Mathura,600,140,460,52,Weekday,No,2025-10-17,low
TR8742,Meerut,Dehradun,600,112,488,44,Weekday,No,2024-07-30,low
TR8743,Meerut,Haridwar,600,194,406,48,Weekday,No,2025-03-05,low
TR8744,Meerut,Amritsar,600,198,402,45,Weekday,No,2025-05-26,low
TR8745,Meerut,Ludhiana,600,118,482,50,Weekday,Yes,2025-12-08,low
TR8746,Meerut,Jalandhar,600,124,476,25,Weekend,No,2024-01-06,low
TR8747,Meerut,Patiala,600,175,425,12,Weekday,No,2025-12-15,low
TR8748,Meerut,Chandigarh,600,123,477,57,Weekday,No,2024-09-16,low
TR8749,Meerut,Jammu,600,178,422,0,Weekday,No,2024-04-03,low
TR8750,Meerut,Srinagar,600,239,361,24,Weekday,No,2025-03-25,low
TR8751,Meerut,Raipur,600,166,434,43,Weekday,No,2025-07-25,low
TR8752,Meerut,Bilaspur,600,111,489,47,Weekday,No,2024-04-04,low
TR8753,Meerut,Durg,600,188,412,41,Weekday,No,2024-01-30,low
TR8754,Meerut,Jabalpur,600,160,440,29,Weekday,No,2025-10-17,low
TR8755,Meerut,Gwalior,600,162,438,55,Weekday,No,2025-11-13,low
TR8756,Meerut,Ujjain,600,192,408,14,Weekday,No,2024-04-24,low
TR8757,Meerut,Rewa,600,202,398,8,Weekday,No,2025-10-22,low
TR8758,Meerut,Dhanbad,600,171,429,37,Weekday,No,2025-10-27,low
TR8759,Meerut,Asansol,600,166,434,19,Weekday,No,2025-12-30,low
TR8760,Meerut,Jamshedpur,600,268,332,28,Weekday,No,2024-06-07,medium
TR8761,Meerut,Tatanagar,600,227,373,27,Weekday,No,2025-02-27,low
TR8762,Meerut,Gaya,600,209,391,15,Weekend,No,2025-12-27,low
TR8763,Meerut,Muzaffarpur,600,175,425,59,Weekday,Yes,2025-10-21,low
TR8764,Meerut,Bhagalpur,600,121,479,22,Weekday,No,2025-03-18,low
TR8765,Meerut,Siliguri,600,223,377,40,Weekday,No,2024-05-24,low
TR8766,Meerut,New Jalpaiguri,600,176,424,9,Weekend,No,2024-03-02,low
TR8767,Meerut,Durgapur,600,141,459,59,Weekday,No,2024-07-08,low
TR8768,Meerut,Howrah,600,157,443,59,Weekend,No,2024-02-17,low
TR8769,Meerut,Malda,600,123,477,4,Weekday,No,2024-05-22,low
TR8770,Meerut,Panaji,600,220,380,38,Weekend,No,2024-02-24,low
TR8771,Bareilly,Delhi,600,202,398,35,Weekday,No,2025-07-11,low
TR8772,Bareilly,New Delhi,600,178,422,10,Weekday,No,2025-03-07,low
TR8773,Bareilly,Mumbai,600,167,433,46,Weekday,Yes,2025-01-13,low
TR8774,Bareilly,Chennai,600,136,464,45,Weekday,No,2025-08-14,low
TR8775,Bareilly,Kolkata,600,90,510,50,Weekend,No,2024-10-27,low
TR8776,Bareilly,Bangalore,600,101,499,36,Weekday,No,2024-10-21,low
TR8777,Bareilly,Hyderabad,600,133,467,42,Weekday,Yes,2024-05-31,low
TR8778,Bareilly,Pune,600,126,474,43,Weekday,No,2024-11-21,low
TR8779,Bareilly,Ahmedabad,600,183,417,46,Weekday,No,2024-05-07,low
TR8780,Bareilly,Jaipur,600,208,392,35,Weekday,No,2025-03-06,low
TR8781,Bareilly,Surat,600,163,437,44,Weekday,No,2025-12-30,low
TR8782,Bareilly,Lucknow,600,237,363,3,Weekday,No,2025-01-24,low
TR8783,Bareilly,Kanpur,600,131,469,37,Weekday,No,2024-08-06,low
TR8784,Bareilly,Nagpur,600,162,438,12,Weekend,No,2025-05-17,low
TR8785,Bareilly,Indore,600,166,434,24,Weekday,No,2025-08-22,low
TR8786,Bareilly,Bhopal,600,221,379,46,Weekday,No,2024-12-10,low
TR8787,Bareilly,Patna,600,174,426,6,Weekday,No,2024-07-01,low
TR8788,Bareilly,Ranchi,600,175,425,45,Weekday,No,2025-06-05,low
TR8789,Bareilly,Bhubaneswar,600,90,510,15,Weekday,No,2024-05-16,low
TR8790,Bareilly,Cuttack,600,126,474,45,Weekday,No,2025-12-30,low
TR8791,Bareilly,Puri,600,222,378,45,Weekday,No,2024-08-20,low
TR8792,Bareilly,Rourkela,600,90,510,0,Weekday,No,2024-09-13,low
TR8793,Bareilly,Sambalpur,600,233,367,14,Weekend,No,2025-06-15,low
TR8794,Bareilly,Guwahati,600,193,407,48,Weekday,No,2024-01-09,low
TR8795,Bareilly,Dibrugarh,600,133,467,20,Weekday,No,2024-05-28,low
TR8796,Bareilly,Agartala,600,129,471,26,Weekday,No,2024-04-01,low
TR8797,Bareilly,Silchar,600,260,340,0,Weekend,No,2024-10-12,medium
TR8798,Bareilly,Visakhapatnam,600,237,363,41,Weekend,No,2025-02-08,low
TR8799,Bareilly,Vijayawada,600,163,437,5,Weekend,Yes,2024-05-11,low
TR8800,Bareilly,Guntur,600,175,425,16,Weekend,No,2024-09-08,low
TR8801,Bareilly,Tirupati,600,138,462,28,Weekday,No,2025-07-18,low
TR8802,Bareilly,Rajahmundry,600,175,425,46,Weekday,No,2025-11-18,low
TR8803,Bareilly,Warangal,600,137,463,29,Weekday,No,2024-01-11,low
TR8804,Bareilly,Nizamabad,600,165,435,58,Weekday,No,2025-04-03,low
TR8805,Bareilly,Coimbatore,600,256,344,31,Weekday,No,2024-01-19,medium
TR8806,Bareilly,Madurai,600,164,436,15,Weekday,No,2025-01-15,low
TR8807,Bareilly,Trichy,600,119,481,11,Weekend,No,2025-10-04,low
TR8808,Bareilly,Salem,600,103,497,47,Weekday,No,2025-08-06,low
TR8809,Bareilly,Erode,600,175,425,27,Weekday,No,2024-06-19,low
TR8810,Bareilly,Tirunelveli,600,132,468,36,Weekday,No,2024-07-08,low
TR8811,Bareilly,Thoothukudi,600,181,419,22,Weekend,No,2025-07-26,low
TR8812,Bareilly,Vellore,600,91,509,16,Weekday,No,2025-08-22,low
TR8813,Bareilly,Kochi,600,202,398,35,Weekday,No,2024-07-24,low
TR8814,Bareilly,Thiruvananthapuram,600,118,482,17,Weekday,No,2024-01-03,low
TR8815,Bareilly,Kozhikode,600,171,429,59,Weekday,No,2024-11-20,low
TR8816,Bareilly,Thrissur,600,153,447,43,Weekday,No,2025-03-28,low
TR8817,Bareilly,Kollam,600,251,349,49,Weekday,No,2024-11-20,medium
TR8818,Bareilly,Mysore,600,177,423,17,Weekday,No,2025-11-14,low
TR8819,Bareilly,Mangalore,600,262,338,1,Weekend,No,2025-08-17,medium
TR8820,Bareilly,Hubli,600,196,404,2,Weekday,No,2025-07-29,low
TR8821,Bareilly,Belgaum,600,237,363,51,Weekday,No,2024-01-15,low
TR8822,Bareilly,Davangere,600,159,441,52,Weekday,No,2025-09-16,low
TR8823,Bareilly,Vadodara,600,186,414,40,Weekend,No,2025-07-06,low
TR8824,Bareilly,Rajkot,600,227,373,35,Weekday,No,2024-10-17,low
TR8825,Bareilly,Jamnagar,600,212,388,12,Weekday,No,2025-03-06,low
TR8826,Bareilly,Bhavnagar,600,194,406,45,Weekday,No,2025-08-25,low
TR8827,Bareilly,Gandhinagar,600,153,447,30,Weekday,No,2025-10-24,low
TR8828,Bareilly,Nashik,600,161,439,36,Weekday,No,2025-02-06,low
TR8829,Bareilly,Aurangabad,600,224,376,1,Weekday,No,2024-01-31,low
TR8830,Bareilly,Kolhapur,600,234,366,30,Weekday,No,2025-03-28,low
TR8831,Bareilly,Solapur,600,140,460,41,Weekday,No,2025-05-12,low
TR8832,Bareilly,Thane,600,133,467,46,Weekday,No,2024-02-13,low
TR8833,Bareilly,Navi Mumbai,600,126,474,8,Weekday,No,2025-08-20,low
TR8834,Bareilly,Amravati,600,209,391,1,Weekday,No,2024-05-27,low
TR8835,Bareilly,Jodhpur,600,124,476,51,Weekend,Yes,2025-10-12,low
TR8836,Bareilly,Udaipur,600,208,392,18,Weekday,No,2025-02-06,low
TR8837,Bareilly,Ajmer,600,195,405,28,Weekday,No,2024-08-23,low
TR8838,Bareilly,Kota,600,143,457,37,Weekday,No,2024-02-12,low
TR8839,Bareilly,Bikaner,600,244,356,29,Weekend,No,2024-01-14,medium
TR8840,Bareilly,Alwar,600,99,501,56,Weekday,Yes,2025-06-25,low
TR8841,Bareilly,Varanasi,600,249,351,50,Weekday,No,2024-10-02,medium
TR8842,Bareilly,Prayagraj,600,184,416,23,Weekend,No,2025-09-06,low
TR8843,Bareilly,Agra,600,90,510,11,Weekday,No,2024-06-17,low
TR8844,Bareilly,Meerut,600,245,355,58,Weekday,No,2025-11-03,medium
TR8845,Bareilly,Gorakhpur,600,216,384,42,Weekday,No,2025-11-19,low
TR8846,Bareilly,Mathura,600,148,452,45,Weekday,No,2024-03-15,low
TR8847,Bareilly,Dehradun,600,123,477,27,Weekday,No,2025-04-17,low
TR8848,Bareilly,Haridwar,600,94,506,29,Weekday,No,2025-11-17,low
TR8849,Bareilly,Amritsar,600,285,315,10,Weekend,Yes,2024-08-24,medium
TR8850,Bareilly,Ludhiana,600,125,475,25,Weekday,No,2024-02-19,low
TR8851,Bareilly,Jalandhar,600,108,492,32,Weekday,No,2025-10-01,low
TR8852,Bareilly,Patiala,600,182,418,7,Weekday,No,2024-12-12,low
TR8853,Bareilly,Chandigarh,600,90,510,38,Weekend,No,2024-01-20,low
TR8854,Bareilly,Jammu,600,122,478,36,Weekend,No,2025-09-06,low
TR8855,Bareilly,Srinagar,600,217,383,50,Weekend,Yes,2025-05-11,low
TR8856,Bareilly,Raipur,600,191,409,3,Weekday,No,2024-02-21,low
TR8857,Bareilly,Bilaspur,600,150,450,13,Weekday,No,2024-07-08,low
TR8858,Bareilly,Durg,600,170,430,25,Weekend,No,2024-01-14,low
TR8859,Bareilly,Jabalpur,600,148,452,52,Weekend,No,2025-11-29,low
TR8860,Bareilly,Gwalior,600,166,434,14,Weekday,No,2024-01-19,low
TR8861,Bareilly,Ujjain,600,132,468,58,Weekday,No,2025-08-04,low
TR8862,Bareilly,Rewa,600,141,459,57,Weekday,No,2025-01-08,low
TR8863,Bareilly,Dhanbad,600,140,460,5,Weekend,No,2025-03-01,low
TR8864,Bareilly,Asansol,600,134,466,21,Weekend,No,2025-08-16,low
TR8865,Bareilly,Jamshedpur,600,219,381,15,Weekday,No,2025-10-16,low
TR8866,Bareilly,Tatanagar,600,206,394,29,Weekday,No,2024-04-03,low
TR8867,Bareilly,Gaya,600,124,476,55,Weekend,Yes,2024-01-14,low
TR8868,Bareilly,Muzaffarpur,600,112,488,22,Weekday,No,2024-04-01,low
TR8869,Bareilly,Bhagalpur,600,161,439,39,Weekday,No,2025-05-13,low
TR8870,Bareilly,Siliguri,600,272,328,8,Weekday,No,2025-02-19,medium
TR8871,Bareilly,New Jalpaiguri,600,120,480,34,Weekend,No,2024-03-02,low
TR8872,Bareilly,Durgapur,600,161,439,21,Weekday,Yes,2024-06-20,low
TR8873,Bareilly,Howrah,600,173,427,55,Weekday,No,2025-01-27,low
TR8874,Bareilly,Malda,600,164,436,46,Weekday,No,2025-06-17,low
TR8875,Bareilly,Panaji,600,147,453,12,Weekend,No,2024-09-08,low
TR8876,Gorakhpur,Delhi,600,224,376,37,Weekday,No,2025-11-25,low
TR8877,Gorakhpur,New Delhi,600,191,409,20,Weekday,No,2025-12-26,low
TR8878,Gorakhpur,Mumbai,600,210,390,26,Weekend,No,2025-07-13,low
TR8879,Gorakhpur,Chennai,600,197,403,27,Weekday,No,2024-11-28,low
TR8880,Gorakhpur,Kolkata,600,212,388,49,Weekday,No,2025-10-03,low
TR8881,Gorakhpur,Bangalore,600,245,355,17,Weekday,No,2025-06-16,medium
TR8882,Gorakhpur,Hyderabad,600,233,367,0,Weekday,No,2025-01-14,low
TR8883,Gorakhpur,Pune,600,281,319,11,Weekday,No,2024-11-20,medium
TR8884,Gorakhpur,Ahmedabad,600,227,373,49,Weekend,No,2025-08-31,low
TR8885,Gorakhpur,Jaipur,600,137,463,17,Weekday,No,2025-02-11,low
TR8886,Gorakhpur,Surat,600,210,390,3,Weekday,Yes,2024-05-13,low
TR8887,Gorakhpur,Lucknow,600,203,397,24,Weekday,No,2025-12-31,low
TR8888,Gorakhpur,Kanpur,600,261,339,52,Weekday,No,2024-02-19,medium
TR8889,Gorakhpur,Nagpur,600,123,477,52,Weekday,No,2025-05-23,low
TR8890,Gorakhpur,Indore,600,196,404,56,Weekday,No,2025-04-24,low
TR8891,Gorakhpur,Bhopal,600,136,464,41,Weekday,No,2025-03-04,low
TR8892,Gorakhpur,Patna,600,194,406,49,Weekday,No,2024-02-07,low
TR8893,Gorakhpur,Ranchi,600,159,441,46,Weekday,No,2024-12-26,low
TR8894,Gorakhpur,Bhubaneswar,600,192,408,1,Weekday,No,2025-10-14,low
TR8895,Gorakhpur,Cuttack,600,101,499,25,Weekday,No,2024-06-24,low
TR8896,Gorakhpur,Puri,600,207,393,31,Weekday,No,2025-05-20,low
TR8897,Gorakhpur,Rourkela,600,179,421,27,Weekday,No,2025-09-19,low
TR8898,Gorakhpur,Sambalpur,600,176,424,49,Weekday,No,2025-11-27,low
TR8899,Gorakhpur,Guwahati,600,263,337,58,Weekend,No,2025-01-12,medium
TR8900,Gorakhpur,Dibrugarh,600,151,449,32,Weekend,No,2024-08-17,low
TR8901,Gorakhpur,Agartala,600,185,415,5,Weekday,No,2025-05-26,low
TR8902,Gorakhpur,Silchar,600,174,426,21,Weekend,No,2024-12-21,low
TR8903,Gorakhpur,Visakhapatnam,600,178,422,11,Weekday,No,2025-04-03,low
TR8904,Gorakhpur,Vijayawada,600,276,324,28,Weekday,No,2025-06-26,medium
TR8905,Gorakhpur,Guntur,600,172,428,14,Weekday,No,2025-06-03,low
TR8906,Gorakhpur,Tirupati,600,142,458,4,Weekday,No,2024-06-26,low
TR8907,Gorakhpur,Rajahmundry,600,259,341,10,Weekend,No,2025-07-06,medium
TR8908,Gorakhpur,Warangal,600,154,446,29,Weekday,No,2025-01-31,low
TR8909,Gorakhpur,Nizamabad,600,92,508,8,Weekday,No,2025-11-11,low
TR8910,Gorakhpur,Coimbatore,600,133,467,1,Weekend,No,2025-04-27,low
TR8911,Gorakhpur,Madurai,600,109,491,16,Weekday,No,2025-10-13,low
TR8912,Gorakhpur,Trichy,600,90,510,38,Weekday,No,2025-12-16,low
TR8913,Gorakhpur,Salem,600,152,448,37,Weekend,No,2025-12-27,low
TR8914,Gorakhpur,Erode,600,166,434,23,Weekend,No,2025-06-28,low
TR8915,Gorakhpur,Tirunelveli,600,226,374,39,Weekday,No,2025-03-12,low
TR8916,Gorakhpur,Thoothukudi,600,199,401,11,Weekday,No,2024-03-27,low
TR8917,Gorakhpur,Vellore,600,197,403,43,Weekday,No,2024-10-09,low
TR8918,Gorakhpur,Kochi,600,126,474,1,Weekday,No,2024-12-13,low
TR8919,Gorakhpur,Thiruvananthapuram,600,211,389,8,Weekday,No,2025-07-24,low
TR8920,Gorakhpur,Kozhikode,600,236,364,55,Weekday,No,2025-03-06,low
TR8921,Gorakhpur,Thrissur,600,188,412,28,Weekend,No,2024-11-17,low
TR8922,Gorakhpur,Kollam,600,189,411,33,Weekday,No,2024-04-17,low
TR8923,Gorakhpur,Mysore,600,108,492,23,Weekend,No,2025-06-07,low
TR8924,Gorakhpur,Mangalore,600,220,380,38,Weekday,No,2024-11-11,low
TR8925,Gorakhpur,Hubli,600,254,346,44,Weekend,No,2024-01-27,medium
TR8926,Gorakhpur,Belgaum,600,184,416,46,Weekday,No,2024-07-26,low
TR8927,Gorakhpur,Davangere,600,140,460,14,Weekend,Yes,2025-10-04,low
TR8928,Gorakhpur,Vadodara,600,161,439,37,Weekday,No,2024-03-27,low
TR8929,Gorakhpur,Rajkot,600,149,451,47,Weekday,No,2024-10-23,low
TR8930,Gorakhpur,Jamnagar,600,152,448,24,Weekday,No,2025-01-09,low
TR8931,Gorakhpur,Bhavnagar,600,200,400,22,Weekend,No,2024-03-02,low
TR8932,Gorakhpur,Gandhinagar,600,182,418,37,Weekday,No,2024-05-01,low
TR8933,Gorakhpur,Nashik,600,217,383,34,Weekday,No,2025-11-18,low
TR8934,Gorakhpur,Aurangabad,600,187,413,15,Weekday,No,2025-03-07,low
TR8935,Gorakhpur,Kolhapur,600,127,473,57,Weekend,No,2024-06-02,low
TR8936,Gorakhpur,Solapur,600,145,455,33,Weekend,No,2024-05-04,low
TR8937,Gorakhpur,Thane,600,142,458,33,Weekday,No,2024-11-07,low
TR8938,Gorakhpur,Navi Mumbai,600,160,440,12,Weekday,No,2025-06-12,low
TR8939,Gorakhpur,Amravati,600,255,345,40,Weekday,No,2025-06-17,medium
TR8940,Gorakhpur,Jodhpur,600,263,337,55,Weekday,No,2024-05-22,medium
TR8941,Gorakhpur,Udaipur,600,209,391,43,Weekend,No,2025-06-14,low
TR8942,Gorakhpur,Ajmer,600,175,425,30,Weekday,No,2025-10-17,low
TR8943,Gorakhpur,Kota,600,104,496,38,Weekday,No,2024-06-14,low
TR8944,Gorakhpur,Bikaner,600,180,420,14,Weekend,No,2024-01-20,low
TR8945,Gorakhpur,Alwar,600,131,469,3,Weekday,No,2025-12-01,low
TR8946,Gorakhpur,Varanasi,600,247,353,38,Weekday,No,2025-01-16,medium
TR8947,Gorakhpur,Prayagraj,600,92,508,10,Weekday,Yes,2025-07-21,low
TR8948,Gorakhpur,Agra,600,187,413,5,Weekday,No,2024-08-21,low
TR8949,Gorakhpur,Meerut,600,127,473,46,Weekday,No,2024-08-06,low
TR8950,Gorakhpur,Bareilly,600,168,432,26,Weekday,No,2024-06-13,low
TR8951,Gorakhpur,Mathura,600,201,399,51,Weekday,No,2024-06-07,low
TR8952,Gorakhpur,Dehradun,600,218,382,51,Weekday,No,2024-12-10,low
TR8953,Gorakhpur,Haridwar,600,166,434,7,Weekday,No,2024-03-18,low
TR8954,Gorakhpur,Amritsar,600,205,395,46,Weekend,Yes,2025-09-07,low
TR8955,Gorakhpur,Ludhiana,600,137,463,20,Weekday,No,2025-01-08,low
TR8956,Gorakhpur,Jalandhar,600,181,419,42,Weekday,No,2025-10-31,low
TR8957,Gorakhpur,Patiala,600,217,383,2,Weekday,No,2025-01-02,low
TR8958,Gorakhpur,Chandigarh,600,185,415,28,Weekday,No,2024-08-09,low
TR8959,Gorakhpur,Jammu,600,144,456,37,Weekend,Yes,2025-01-11,low
TR8960,Gorakhpur,Srinagar,600,156,444,26,Weekday,Yes,2024-04-22,low
TR8961,Gorakhpur,Raipur,600,218,382,33,Weekday,No,2025-08-25,low
TR8962,Gorakhpur,Bilaspur,600,117,483,0,Weekday,Yes,2025-06-10,low
TR8963,Gorakhpur,Durg,600,124,476,0,Weekday,No,2024-04-17,low
TR8964,Gorakhpur,Jabalpur,600,198,402,36,Weekend,No,2025-03-01,low
TR8965,Gorakhpur,Gwalior,600,148,452,24,Weekday,No,2025-01-28,low
TR8966,Gorakhpur,Ujjain,600,99,501,34,Weekend,Yes,2024-05-26,low
TR8967,Gorakhpur,Rewa,600,234,366,21,Weekend,No,2024-03-30,low
TR8968,Gorakhpur,Dhanbad,600,116,484,0,Weekday,No,2025-07-09,low
TR8969,Gorakhpur,Asansol,600,159,441,42,Weekday,No,2024-07-12,low
TR8970,Gorakhpur,Jamshedpur,600,139,461,8,Weekday,No,2025-01-14,low
TR8971,Gorakhpur,Tatanagar,600,155,445,47,Weekend,No,2024-06-30,low
TR8972,Gorakhpur,Gaya,600,126,474,0,Weekday,No,2025-04-22,low
TR8973,Gorakhpur,Muzaffarpur,600,203,397,55,Weekday,No,2024-02-05,low
TR8974,Gorakhpur,Bhagalpur,600,174,426,15,Weekday,No,2024-09-19,low
TR8975,Gorakhpur,Siliguri,600,216,384,53,Weekday,No,2025-02-03,low
TR8976,Gorakhpur,New Jalpaiguri,600,140,460,0,Weekend,No,2024-11-16,low
TR8977,Gorakhpur,Durgapur,600,271,329,27,Weekend,No,2025-03-23,medium
TR8978,Gorakhpur,Howrah,600,90,510,25,Weekend,No,2024-05-11,low
TR8979,Gorakhpur,Malda,600,93,507,9,Weekday,Yes,2024-11-18,low
TR8980,Gorakhpur,Panaji,600,253,347,28,Weekday,No,2025-07-07,medium
TR8981,Mathura,Delhi,600,192,408,12,Weekend,No,2024-08-31,low
TR8982,Mathura,New Delhi,600,185,415,26,Weekday,Yes,2024-04-24,low
TR8983,Mathura,Mumbai,600,190,410,22,Weekday,No,2025-09-11,low
TR8984,Mathura,Chennai,600,196,404,11,Weekday,No,2025-07-22,low
TR8985,Mathura,Kolkata,600,183,417,47,Weekday,No,2025-05-12,low
TR8986,Mathura,Bangalore,600,123,477,31,Weekday,No,2025-08-06,low
TR8987,Mathura,Hyderabad,600,208,392,50,Weekday,Yes,2025-07-23,low
TR8988,Mathura,Pune,600,201,399,48,Weekend,No,2025-06-29,low
TR8989,Mathura,Ahmedabad,600,238,362,15,Weekday,No,2025-01-07,low
TR8990,Mathura,Jaipur,600,254,346,17,Weekday,No,2024-01-15,medium
TR8991,Mathura,Surat,600,185,415,57,Weekday,No,2025-03-12,low
TR8992,Mathura,Lucknow,600,110,490,18,Weekday,No,2024-07-18,low
TR8993,Mathura,Kanpur,600,254,346,5,Weekend,No,2025-07-19,medium
TR8994,Mathura,Nagpur,600,120,480,32,Weekend,No,2024-12-08,low
TR8995,Mathura,Indore,600,185,415,58,Weekday,No,2025-10-23,low
TR8996,Mathura,Bhopal,600,157,443,14,Weekday,No,2025-03-11,low
TR8997,Mathura,Patna,600,148,452,38,Weekday,No,2025-02-06,low
TR8998,Mathura,Ranchi,600,206,394,20,Weekend,No,2025-11-02,low
TR8999,Mathura,Bhubaneswar,600,181,419,23,Weekday,No,2024-12-13,low
TR9000,Mathura,Cuttack,600,194,406,27,Weekday,No,2024-10-01,low
TR9001,Mathura,Puri,600,130,470,8,Weekend,No,2024-09-28,low
TR9002,Mathura,Rourkela,600,161,439,23,Weekday,No,2025-10-01,low
TR9003,Mathura,Sambalpur,600,132,468,16,Weekend,Yes,2025-07-06,low
TR9004,Mathura,Guwahati,600,159,441,49,Weekday,No,2024-04-29,low
TR9005,Mathura,Dibrugarh,600,163,437,13,Weekday,No,2024-12-26,low
TR9006,Mathura,Agartala,600,257,343,50,Weekend,No,2024-09-28,medium
TR9007,Mathura,Silchar,600,156,444,1,Weekday,No,2025-04-17,low
TR9008,Mathura,Visakhapatnam,600,90,510,24,Weekday,No,2024-02-08,low
TR9009,Mathura,Vijayawada,600,236,364,16,Weekday,No,2025-06-06,low
TR9010,Mathura,Guntur,600,191,409,26,Weekday,No,2025-06-26,low
TR9011,Mathura,Tirupati,600,163,437,46,Weekday,No,2024-06-14,low
TR9012,Mathura,Rajahmundry,600,148,452,57,Weekend,Yes,2024-04-20,low
TR9013,Mathura,Warangal,600,123,477,43,Weekday,No,2025-04-03,low
TR9014,Mathura,Nizamabad,600,262,338,30,Weekend,No,2024-07-06,medium
TR9015,Mathura,Coimbatore,600,171,429,30,Weekday,No,2025-11-19,low
TR9016,Mathura,Madurai,600,90,510,59,Weekend,Yes,2025-07-20,low
TR9017,Mathura,Trichy,600,185,415,59,Weekend,No,2025-11-29,low
TR9018,Mathura,Salem,600,227,373,45,Weekend,No,2025-01-25,low
TR9019,Mathura,Erode,600,176,424,9,Weekday,No,2025-11-17,low
TR9020,Mathura,Tirunelveli,600,126,474,15,Weekday,No,2024-01-11,low
TR9021,Mathura,Thoothukudi,600,121,479,16,Weekday,No,2024-07-30,low
TR9022,Mathura,Vellore,600,125,475,13,Weekday,No,2024-01-02,low
TR9023,Mathura,Kochi,600,242,358,58,Weekend,No,2025-05-10,medium
TR9024,Mathura,Thiruvananthapuram,600,166,434,9,Weekday,Yes,2025-01-08,low
TR9025,Mathura,Kozhikode,600,90,510,51,Weekday,No,2024-07-29,low
TR9026,Mathura,Thrissur,600,187,413,48,Weekend,Yes,2024-08-10,low
TR9027,Mathura,Kollam,600,176,424,31,Weekday,No,2025-04-15,low
TR9028,Mathura,Mysore,600,147,453,18,Weekend,Yes,2024-05-11,low
TR9029,Mathura,Mangalore,600,120,480,15,Weekend,No,2025-01-11,low
TR9030,Mathura,Hubli,600,118,482,40,Weekday,No,2025-03-24,low
TR9031,Mathura,Belgaum,600,221,379,40,Weekday,No,2024-06-24,low
TR9032,Mathura,Davangere,600,181,419,32,Weekend,Yes,2024-06-15,low
TR9033,Mathura,Vadodara,600,192,408,34,Weekend,No,2024-09-15,low
TR9034,Mathura,Rajkot,600,181,419,49,Weekend,No,2025-03-08,low
TR9035,Mathura,Jamnagar,600,185,415,45,Weekday,Yes,2024-07-04,low
TR9036,Mathura,Bhavnagar,600,146,454,45,Weekday,No,2024-10-04,low
TR9037,Mathura,Gandhinagar,600,159,441,16,Weekend,Yes,2025-02-01,low
TR9038,Mathura,Nashik,600,225,375,3,Weekday,No,2024-05-16,low
TR9039,Mathura,Aurangabad,600,237,363,27,Weekday,No,2025-02-19,low
TR9040,Mathura,Kolhapur,600,110,490,20,Weekday,Yes,2024-04-10,low
TR9041,Mathura,Solapur,600,159,441,20,Weekend,No,2024-04-14,low
TR9042,Mathura,Thane,600,209,391,31,Weekend,Yes,2024-06-22,low
TR9043,Mathura,Navi Mumbai,600,259,341,55,Weekend,No,2024-07-28,medium
TR9044,Mathura,Amravati,600,254,346,48,Weekday,No,2024-01-22,medium
TR9045,Mathura,Jodhpur,600,131,469,40,Weekday,No,2025-12-03,low
TR9046,Mathura,Udaipur,600,230,370,42,Weekday,No,2024-08-13,low
TR9047,Mathura,Ajmer,600,172,428,24,Weekday,Yes,2025-08-11,low
TR9048,Mathura,Kota,600,219,381,32,Weekday,No,2025-10-21,low
TR9049,Mathura,Bikaner,600,207,393,26,Weekday,No,2025-08-08,low
TR9050,Mathura,Alwar,600,108,492,48,Weekend,No,2025-08-30,low
TR9051,Mathura,Varanasi,600,195,405,59,Weekday,No,2024-03-14,low
TR9052,Mathura,Prayagraj,600,217,383,26,Weekend,Yes,2024-09-28,low
TR9053,Mathura,Agra,600,168,432,43,Weekend,Yes,2025-06-29,low
TR9054,Mathura,Meerut,600,157,443,3,Weekday,No,2025-02-24,low
TR9055,Mathura,Bareilly,600,94,506,24,Weekday,No,2024-01-05,low
TR9056,Mathura,Gorakhpur,600,202,398,52,Weekday,No,2025-02-18,low
TR9057,Mathura,Dehradun,600,179,421,41,Weekday,No,2025-08-11,low
TR9058,Mathura,Haridwar,600,125,475,31,Weekday,No,2025-08-28,low
TR9059,Mathura,Amritsar,600,153,447,12,Weekday,No,2024-10-07,low
TR9060,Mathura,Ludhiana,600,176,424,48,Weekday,No,2024-06-21,low
TR9061,Mathura,Jalandhar,600,142,458,58,Weekday,No,2024-08-14,low
TR9062,Mathura,Patiala,600,169,431,23,Weekend,No,2024-08-04,low
TR9063,Mathura,Chandigarh,600,90,510,48,Weekday,No,2024-09-10,low
TR9064,Mathura,Jammu,600,234,366,35,Weekday,No,2024-08-08,low
TR9065,Mathura,Srinagar,600,170,430,23,Weekend,No,2024-11-30,low
TR9066,Mathura,Raipur,600,116,484,19,Weekday,No,2024-01-30,low
TR9067,Mathura,Bilaspur,600,90,510,30,Weekend,No,2024-07-20,low
TR9068,Mathura,Durg,600,218,382,24,Weekend,Yes,2024-08-18,low
TR9069,Mathura,Jabalpur,600,196,404,37,Weekday,No,2024-04-22,low
TR9070,Mathura,Gwalior,600,179,421,8,Weekday,No,2025-10-03,low
TR9071,Mathura,Ujjain,600,210,390,28,Weekday,No,2025-05-08,low
TR9072,Mathura,Rewa,600,210,390,44,Weekday,No,2025-10-28,low
TR9073,Mathura,Dhanbad,600,178,422,50,Weekday,Yes,2025-02-14,low
TR9074,Mathura,Asansol,600,157,443,16,Weekday,No,2024-03-21,low
TR9075,Mathura,Jamshedpur,600,149,451,36,Weekday,No,2025-10-23,low
TR9076,Mathura,Tatanagar,600,189,411,18,Weekend,Yes,2024-11-30,low
TR9077,Mathura,Gaya,600,236,364,47,Weekday,No,2025-05-15,low
TR9078,Mathura,Muzaffarpur,600,164,436,21,Weekend,No,2024-10-05,low
TR9079,Mathura,Bhagalpur,600,240,360,40,Weekday,No,2024-12-27,low
TR9080,Mathura,Siliguri,600,187,413,25,Weekday,No,2024-12-23,low
TR9081,Mathura,New Jalpaiguri,600,187,413,16,Weekend,Yes,2024-07-27,low
TR9082,Mathura,Durgapur,600,284,316,34,Weekend,No,2025-02-09,medium
TR9083,Mathura,Howrah,600,248,352,37,Weekday,No,2025-06-20,medium
TR9084,Mathura,Malda,600,250,350,40,Weekday,No,2024-01-15,medium
TR9085,Mathura,Panaji,600,131,469,47,Weekday,No,2024-04-05,low
TR9086,Dehradun,Delhi,600,274,326,40,Weekend,Yes,2025-09-07,medium
TR9087,Dehradun,New Delhi,600,165,435,51,Weekday,No,2025-02-20,low
TR9088,Dehradun,Mumbai,600,158,442,25,Weekday,Yes,2025-12-12,low
TR9089,Dehradun,Chennai,600,90,510,30,Weekday,No,2025-03-18,low
TR9090,Dehradun,Kolkata,600,185,415,28,Weekday,No,2025-04-22,low
TR9091,Dehradun,Bangalore,600,117,483,34,Weekend,Yes,2025-10-19,low
TR9092,Dehradun,Hyderabad,600,189,411,8,Weekend,No,2025-04-27,low
TR9093,Dehradun,Pune,600,113,487,51,Weekday,No,2024-08-28,low
TR9094,Dehradun,Ahmedabad,600,255,345,31,Weekday,No,2025-01-20,medium
TR9095,Dehradun,Jaipur,600,195,405,33,Weekday,No,2024-06-21,low
TR9096,Dehradun,Surat,600,278,322,52,Weekend,Yes,2024-09-01,medium
TR9097,Dehradun,Lucknow,600,120,480,27,Weekday,No,2025-05-12,low
TR9098,Dehradun,Kanpur,600,243,357,27,Weekday,No,2024-04-18,medium
TR9099,Dehradun,Nagpur,600,90,510,33,Weekday,No,2025-05-06,low
TR9100,Dehradun,Indore,600,179,421,56,Weekend,Yes,2025-03-02,low
TR9101,Dehradun,Bhopal,600,139,461,15,Weekday,No,2024-08-13,low
TR9102,Dehradun,Patna,600,147,453,9,Weekday,No,2024-02-02,low
TR9103,Dehradun,Ranchi,600,144,456,6,Weekday,No,2025-05-30,low
TR9104,Dehradun,Bhubaneswar,600,125,475,44,Weekday,No,2025-08-25,low
TR9105,Dehradun,Cuttack,600,108,492,0,Weekday,No,2025-06-17,low
TR9106,Dehradun,Puri,600,148,452,42,Weekend,No,2024-11-03,low
TR9107,Dehradun,Rourkela,600,175,425,53,Weekday,No,2025-04-22,low
TR9108,Dehradun,Sambalpur,600,225,375,40,Weekday,No,2024-10-30,low
TR9109,Dehradun,Guwahati,600,183,417,10,Weekday,No,2024-09-18,low
TR9110,Dehradun,Dibrugarh,600,225,375,39,Weekday,No,2024-08-27,low
TR9111,Dehradun,Agartala,600,98,502,26,Weekday,No,2024-06-03,low
TR9112,Dehradun,Silchar,600,148,452,1,Weekday,No,2025-12-09,low
TR9113,Dehradun,Visakhapatnam,600,203,397,11,Weekday,No,2025-05-02,low
TR9114,Dehradun,Vijayawada,600,185,415,44,Weekday,No,2024-05-07,low
TR9115,Dehradun,Guntur,600,128,472,33,Weekday,No,2025-09-24,low
TR9116,Dehradun,Tirupati,600,214,386,29,Weekend,No,2024-04-20,low
TR9117,Dehradun,Rajahmundry,600,143,457,46,Weekend,No,2025-03-09,low
TR9118,Dehradun,Warangal,600,132,468,31,Weekday,No,2024-05-01,low
TR9119,Dehradun,Nizamabad,600,192,408,58,Weekend,No,2024-09-21,low
TR9120,Dehradun,Coimbatore,600,169,431,3,Weekend,No,2025-04-26,low
TR9121,Dehradun,Madurai,600,144,456,17,Weekday,No,2025-12-31,low
TR9122,Dehradun,Trichy,600,142,458,11,Weekday,No,2025-12-26,low
TR9123,Dehradun,Salem,600,118,482,24,Weekday,No,2025-10-16,low
TR9124,Dehradun,Erode,600,150,450,54,Weekday,No,2024-06-21,low
TR9125,Dehradun,Tirunelveli,600,222,378,24,Weekend,No,2024-03-09,low
TR9126,Dehradun,Thoothukudi,600,181,419,18,Weekday,No,2025-10-24,low
TR9127,Dehradun,Vellore,600,215,385,5,Weekday,No,2025-11-05,low
TR9128,Dehradun,Kochi,600,194,406,23,Weekday,No,2024-07-22,low
TR9129,Dehradun,Thiruvananthapuram,600,140,460,13,Weekday,No,2024-01-15,low
TR9130,Dehradun,Kozhikode,600,90,510,11,Weekday,No,2025-04-18,low
TR9131,Dehradun,Thrissur,600,124,476,8,Weekend,No,2024-02-25,low
TR9132,Dehradun,Kollam,600,137,463,37,Weekday,No,2024-01-30,low
TR9133,Dehradun,Mysore,600,133,467,42,Weekend,No,2025-11-16,low
TR9134,Dehradun,Mangalore,600,216,384,44,Weekend,No,2024-12-28,low
TR9135,Dehradun,Hubli,600,216,384,3,Weekday,No,2024-03-22,low
TR9136,Dehradun,Belgaum,600,275,325,55,Weekday,Yes,2025-04-23,medium
TR9137,Dehradun,Davangere,600,132,468,30,Weekday,No,2024-09-26,low
TR9138,Dehradun,Vadodara,600,246,354,33,Weekday,No,2025-01-27,medium
TR9139,Dehradun,Rajkot,600,245,355,52,Weekend,No,2025-10-19,medium
TR9140,Dehradun,Jamnagar,600,158,442,16,Weekend,No,2024-06-22,low
TR9141,Dehradun,Bhavnagar,600,192,408,30,Weekday,No,2025-04-17,low
TR9142,Dehradun,Gandhinagar,600,229,371,4,Weekday,No,2025-08-28,low
TR9143,Dehradun,Nashik,600,166,434,29,Weekday,No,2024-11-05,low
TR9144,Dehradun,Aurangabad,600,162,438,15,Weekday,No,2025-12-10,low
TR9145,Dehradun,Kolhapur,600,139,461,10,Weekend,No,2024-11-23,low
TR9146,Dehradun,Solapur,600,90,510,37,Weekend,No,2024-12-01,low
TR9147,Dehradun,Thane,600,172,428,7,Weekday,No,2025-10-08,low
TR9148,Dehradun,Navi Mumbai,600,135,465,58,Weekday,No,2025-04-09,low
TR9149,Dehradun,Amravati,600,117,483,13,Weekend,No,2025-09-27,low
TR9150,Dehradun,Jodhpur,600,189,411,4,Weekday,No,2025-07-31,low
TR9151,Dehradun,Udaipur,600,99,501,26,Weekday,No,2025-06-04,low
TR9152,Dehradun,Ajmer,600,208,392,23,Weekday,No,2024-06-25,low
TR9153,Dehradun,Kota,600,192,408,39,Weekday,Yes,2024-10-18,low
TR9154,Dehradun,Bikaner,600,150,450,40,Weekday,No,2025-09-23,low
TR9155,Dehradun,Alwar,600,166,434,35,Weekday,No,2025-03-26,low
TR9156,Dehradun,Varanasi,600,112,488,34,Weekday,No,2024-07-23,low
TR9157,Dehradun,Prayagraj,600,205,395,46,Weekday,No,2024-08-27,low
TR9158,Dehradun,Agra,600,178,422,39,Weekday,No,2025-07-21,low
TR9159,Dehradun,Meerut,600,182,418,8,Weekday,No,2024-05-10,low
TR9160,Dehradun,Bareilly,600,193,407,27,Weekday,Yes,2024-03-22,low
TR9161,Dehradun,Gorakhpur,600,138,462,41,Weekend,No,2025-07-13,low
TR9162,Dehradun,Mathura,600,96,504,16,Weekday,No,2024-07-29,low
TR9163,Dehradun,Haridwar,600,215,385,51,Weekend,Yes,2025-07-13,low
TR9164,Dehradun,Amritsar,600,202,398,28,Weekend,Yes,2025-01-25,low
TR9165,Dehradun,Ludhiana,600,143,457,19,Weekday,No,2025-12-30,low
TR9166,Dehradun,Jalandhar,600,189,411,22,Weekend,No,2025-01-18,low
TR9167,Dehradun,Patiala,600,229,371,37,Weekday,Yes,2025-09-26,low
TR9168,Dehradun,Chandigarh,600,224,376,42,Weekend,Yes,2025-09-13,low
TR9169,Dehradun,Jammu,600,142,458,15,Weekday,No,2024-06-03,low
TR9170,Dehradun,Srinagar,600,97,503,10,Weekday,No,2025-12-29,low
TR9171,Dehradun,Raipur,600,106,494,5,Weekend,No,2025-06-29,low
TR9172,Dehradun,Bilaspur,600,154,446,29,Weekday,No,2024-03-19,low
TR9173,Dehradun,Durg,600,239,361,55,Weekday,No,2024-01-05,low
TR9174,Dehradun,Jabalpur,600,134,466,57,Weekday,No,2024-07-17,low
TR9175,Dehradun,Gwalior,600,140,460,33,Weekday,Yes,2024-01-12,low
TR9176,Dehradun,Ujjain,600,139,461,31,Weekday,No,2024-09-18,low
TR9177,Dehradun,Rewa,600,143,457,30,Weekday,No,2025-12-29,low
TR9178,Dehradun,Dhanbad,600,168,432,14,Weekday,No,2024-12-16,low
TR9179,Dehradun,Asansol,600,108,492,24,Weekday,No,2024-01-18,low
TR9180,Dehradun,Jamshedpur,600,221,379,56,Weekday,No,2024-12-27,low
TR9181,Dehradun,Tatanagar,600,162,438,36,Weekend,No,2024-06-09,low
TR9182,Dehradun,Gaya,600,288,312,14,Weekday,No,2025-09-17,medium
TR9183,Dehradun,Muzaffarpur,600,113,487,5,Weekday,No,2024-03-07,low
TR9184,Dehradun,Bhagalpur,600,245,355,45,Weekday,No,2025-07-17,medium
TR9185,Dehradun,Siliguri,600,236,364,54,Weekday,No,2024-11-22,low
TR9186,Dehradun,New Jalpaiguri,600,149,451,6,Weekend,Yes,2024-01-14,low
TR9187,Dehradun,Durgapur,600,150,450,22,Weekday,No,2025-05-07,low
TR9188,Dehradun,Howrah,600,125,475,51,Weekday,No,2024-11-28,low
TR9189,Dehradun,Malda,600,125,475,15,Weekday,Yes,2025-07-18,low
TR9190,Dehradun,Panaji,600,169,431,10,Weekday,No,2025-03-27,low
TR9191,Haridwar,Delhi,600,170,430,23,Weekday,No,2025-07-29,low
TR9192,Haridwar,New Delhi,600,92,508,23,Weekday,Yes,2024-12-02,low
TR9193,Haridwar,Mumbai,600,279,321,28,Weekend,No,2024-01-06,medium
TR9194,Haridwar,Chennai,600,156,444,57,Weekday,No,2024-04-05,low
TR9195,Haridwar,Kolkata,600,172,428,58,Weekend,No,2024-12-01,low
TR9196,Haridwar,Bangalore,600,139,461,34,Weekday,No,2024-10-17,low
TR9197,Haridwar,Hyderabad,600,156,444,4,Weekend,No,2025-08-03,low
TR9198,Haridwar,Pune,600,152,448,15,Weekend,No,2024-10-27,low
TR9199,Haridwar,Ahmedabad,600,169,431,10,Weekend,No,2025-09-20,low
TR9200,Haridwar,Jaipur,600,168,432,0,Weekday,No,2024-05-17,low
TR9201,Haridwar,Surat,600,208,392,22,Weekday,No,2024-10-08,low
TR9202,Haridwar,Lucknow,600,180,420,0,Weekend,No,2025-07-06,low
TR9203,Haridwar,Kanpur,600,203,397,34,Weekend,No,2024-03-31,low
TR9204,Haridwar,Nagpur,600,168,432,16,Weekday,No,2024-08-22,low
TR9205,Haridwar,Indore,600,180,420,43,Weekday,No,2025-07-03,low
TR9206,Haridwar,Bhopal,600,157,443,31,Weekday,No,2025-03-06,low
TR9207,Haridwar,Patna,600,217,383,57,Weekday,No,2025-07-22,low
TR9208,Haridwar,Ranchi,600,184,416,29,Weekend,No,2025-01-11,low
TR9209,Haridwar,Bhubaneswar,600,161,439,9,Weekend,No,2025-09-20,low
TR9210,Haridwar,Cuttack,600,160,440,55,Weekday,No,2025-10-03,low
TR9211,Haridwar,Puri,600,164,436,18,Weekend,Yes,2025-12-13,low
TR9212,Haridwar,Rourkela,600,170,430,45,Weekend,Yes,2024-03-30,low
TR9213,Haridwar,Sambalpur,600,166,434,46,Weekend,No,2025-03-08,low
TR9214,Haridwar,Guwahati,600,142,458,55,Weekend,No,2024-03-24,low
TR9215,Haridwar,Dibrugarh,600,206,394,38,Weekend,No,2024-06-16,low
TR9216,Haridwar,Agartala,600,209,391,30,Weekday,No,2024-08-07,low
TR9217,Haridwar,Silchar,600,255,345,23,Weekday,No,2025-04-17,medium
TR9218,Haridwar,Visakhapatnam,600,140,460,26,Weekday,Yes,2024-11-11,low
TR9219,Haridwar,Vijayawada,600,201,399,46,Weekday,No,2025-09-24,low
TR9220,Haridwar,Guntur,600,90,510,33,Weekday,No,2024-08-06,low
TR9221,Haridwar,Tirupati,600,209,391,2,Weekday,No,2025-03-27,low
TR9222,Haridwar,Rajahmundry,600,99,501,22,Weekday,No,2025-07-11,low
TR9223,Haridwar,Warangal,600,122,478,54,Weekday,No,2025-12-17,low
TR9224,Haridwar,Nizamabad,600,185,415,12,Weekday,No,2024-06-28,low
TR9225,Haridwar,Coimbatore,600,139,461,28,Weekday,No,2025-06-20,low
TR9226,Haridwar,Madurai,600,133,467,50,Weekend,No,2024-03-02,low
TR9227,Haridwar,Trichy,600,146,454,17,Weekend,No,2025-02-01,low
TR9228,Haridwar,Salem,600,204,396,40,Weekday,No,2024-10-29,low
TR9229,Haridwar,Erode,600,124,476,47,Weekday,No,2025-12-01,low
TR9230,Haridwar,Tirunelveli,600,166,434,19,Weekend,Yes,2025-07-19,low
TR9231,Haridwar,Thoothukudi,600,151,449,53,Weekend,No,2025-11-08,low
TR9232,Haridwar,Vellore,600,208,392,26,Weekend,No,2025-09-13,low
TR9233,Haridwar,Kochi,600,210,390,17,Weekend,No,2024-10-27,low
TR9234,Haridwar,Thiruvananthapuram,600,90,510,13,Weekday,Yes,2025-06-20,low
TR9235,Haridwar,Kozhikode,600,219,381,15,Weekday,No,2024-01-23,low
TR9236,Haridwar,Thrissur,600,140,460,33,Weekday,No,2025-02-11,low
TR9237,Haridwar,Kollam,600,180,420,13,Weekend,No,2024-02-04,low
TR9238,Haridwar,Mysore,600,124,476,21,Weekday,No,2025-06-13,low
TR9239,Haridwar,Mangalore,600,187,413,42,Weekend,Yes,2025-12-07,low
TR9240,Haridwar,Hubli,600,291,309,52,Weekday,No,2025-05-13,medium
TR9241,Haridwar,Belgaum,600,175,425,40,Weekday,No,2025-09-05,low
TR9242,Haridwar,Davangere,600,147,453,31,Weekday,No,2024-06-20,low
TR9243,Haridwar,Vadodara,600,158,442,41,Weekend,No,2025-12-27,low
TR9244,Haridwar,Rajkot,600,98,502,24,Weekday,No,2025-02-06,low
TR9245,Haridwar,Jamnagar,600,238,362,16,Weekday,Yes,2025-05-08,low
TR9246,Haridwar,Bhavnagar,600,184,416,44,Weekday,No,2025-07-17,low
TR9247,Haridwar,Gandhinagar,600,119,481,8,Weekend,No,2025-04-12,low
TR9248,Haridwar,Nashik,600,120,480,54,Weekday,No,2024-08-19,low
TR9249,Haridwar,Aurangabad,600,170,430,25,Weekend,No,2025-03-22,low
TR9250,Haridwar,Kolhapur,600,214,386,49,Weekday,No,2025-04-23,low
TR9251,Haridwar,Solapur,600,114,486,5,Weekday,No,2025-09-18,low
TR9252,Haridwar,Thane,600,222,378,29,Weekday,No,2024-12-17,low
TR9253,Haridwar,Navi Mumbai,600,165,435,25,Weekday,No,2025-01-01,low
TR9254,Haridwar,Amravati,600,124,476,21,Weekday,No,2025-01-02,low
TR9255,Haridwar,Jodhpur,600,146,454,30,Weekend,Yes,2024-03-24,low
TR9256,Haridwar,Udaipur,600,253,347,39,Weekday,No,2024-03-06,medium
TR9257,Haridwar,Ajmer,600,102,498,56,Weekday,No,2024-01-15,low
TR9258,Haridwar,Kota,600,134,466,49,Weekday,No,2025-05-02,low
TR9259,Haridwar,Bikaner,600,215,385,13,Weekend,No,2024-11-02,low
TR9260,Haridwar,Alwar,600,179,421,58,Weekday,No,2025-09-24,low
TR9261,Haridwar,Varanasi,600,131,469,29,Weekday,No,2025-05-28,low
TR9262,Haridwar,Prayagraj,600,215,385,27,Weekend,Yes,2024-04-13,low
TR9263,Haridwar,Agra,600,218,382,0,Weekday,No,2024-03-14,low
TR9264,Haridwar,Meerut,600,185,415,40,Weekday,No,2024-09-24,low
TR9265,Haridwar,Bareilly,600,140,460,53,Weekday,No,2025-11-04,low
TR9266,Haridwar,Gorakhpur,600,147,453,17,Weekday,No,2024-02-05,low
TR9267,Haridwar,Mathura,600,183,417,52,Weekday,No,2024-05-16,low
TR9268,Haridwar,Dehradun,600,106,494,5,Weekday,No,2024-01-22,low
TR9269,Haridwar,Amritsar,600,233,367,58,Weekday,No,2024-10-29,low
TR9270,Haridwar,Ludhiana,600,251,349,15,Weekday,No,2025-12-24,medium
TR9271,Haridwar,Jalandhar,600,158,442,28,Weekday,No,2025-05-14,low
TR9272,Haridwar,Patiala,600,186,414,0,Weekday,No,2024-12-26,low
TR9273,Haridwar,Chandigarh,600,226,374,53,Weekday,No,2024-04-15,low
TR9274,Haridwar,Jammu,600,263,337,30,Weekday,No,2024-09-16,medium
TR9275,Haridwar,Srinagar,600,244,356,58,Weekend,No,2025-01-18,medium
TR9276,Haridwar,Raipur,600,90,510,22,Weekday,No,2024-07-19,low
TR9277,Haridwar,Bilaspur,600,154,446,3,Weekday,No,2025-05-30,low
TR9278,Haridwar,Durg,600,193,407,40,Weekday,Yes,2025-12-17,low
TR9279,Haridwar,Jabalpur,600,145,455,9,Weekday,No,2024-05-30,low
TR9280,Haridwar,Gwalior,600,255,345,36,Weekday,No,2024-07-03,medium
TR9281,Haridwar,Ujjain,600,247,353,2,Weekday,No,2024-04-02,medium
TR9282,Haridwar,Rewa,600,130,470,10,Weekend,No,2025-06-14,low
TR9283,Haridwar,Dhanbad,600,161,439,38,Weekday,No,2024-12-03,low
TR9284,Haridwar,Asansol,600,133,467,40,Weekday,No,2024-07-26,low
TR9285,Haridwar,Jamshedpur,600,160,440,9,Weekend,No,2024-06-09,low
TR9286,Haridwar,Tatanagar,600,158,442,11,Weekday,No,2024-02-21,low
TR9287,Haridwar,Gaya,600,215,385,51,Weekend,No,2024-12-14,low
TR9288,Haridwar,Muzaffarpur,600,126,474,0,Weekday,No,2025-05-14,low
TR9289,Haridwar,Bhagalpur,600,90,510,13,Weekday,No,2024-06-20,low
TR9290,Haridwar,Siliguri,600,92,508,58,Weekday,No,2024-01-02,low
TR9291,Haridwar,New Jalpaiguri,600,120,480,32,Weekday,No,2024-12-11,low
TR9292,Haridwar,Durgapur,600,137,463,1,Weekday,No,2025-05-08,low
TR9293,Haridwar,Howrah,600,178,422,53,Weekday,No,2024-09-09,low
TR9294,Haridwar,Malda,600,117,483,20,Weekday,No,2024-07-02,low
TR9295,Haridwar,Panaji,600,111,489,42,Weekday,No,2024-04-22,low
TR9296,Amritsar,Delhi,600,124,476,38,Weekend,No,2025-06-29,low
TR9297,Amritsar,New Delhi,600,115,485,22,Weekend,Yes,2025-09-21,low
TR9298,Amritsar,Mumbai,600,142,458,22,Weekday,No,2025-07-16,low
TR9299,Amritsar,Chennai,600,140,460,33,Weekday,No,2025-01-13,low
TR9300,Amritsar,Kolkata,600,202,398,22,Weekday,No,2025-06-13,low
TR9301,Amritsar,Bangalore,600,121,479,10,Weekday,No,2024-10-17,low
TR9302,Amritsar,Hyderabad,600,152,448,43,Weekday,No,2024-01-18,low
TR9303,Amritsar,Pune,600,143,457,40,Weekday,Yes,2024-09-25,low
TR9304,Amritsar,Ahmedabad,600,208,392,36,Weekday,No,2025-05-29,low
TR9305,Amritsar,Jaipur,600,162,438,44,Weekday,No,2025-04-18,low
TR9306,Amritsar,Surat,600,219,381,31,Weekday,No,2025-12-24,low
TR9307,Amritsar,Lucknow,600,114,486,55,Weekday,No,2025-12-30,low
TR9308,Amritsar,Kanpur,600,167,433,53,Weekday,No,2024-06-26,low
TR9309,Amritsar,Nagpur,600,141,459,58,Weekend,No,2024-01-07,low
TR9310,Amritsar,Indore,600,110,490,6,Weekday,No,2024-07-19,low
TR9311,Amritsar,Bhopal,600,166,434,6,Weekday,No,2025-10-02,low
TR9312,Amritsar,Patna,600,252,348,28,Weekend,No,2025-08-17,medium
TR9313,Amritsar,Ranchi,600,128,472,41,Weekday,No,2024-03-13,low
TR9314,Amritsar,Bhubaneswar,600,163,437,14,Weekend,No,2024-04-27,low
TR9315,Amritsar,Cuttack,600,106,494,6,Weekend,No,2025-02-15,low
TR9316,Amritsar,Puri,600,99,501,2,Weekend,No,2025-04-27,low
TR9317,Amritsar,Rourkela,600,131,469,33,Weekday,No,2025-12-19,low
TR9318,Amritsar,Sambalpur,600,147,453,58,Weekend,No,2025-07-05,low
TR9319,Amritsar,Guwahati,600,149,451,27,Weekday,No,2024-06-03,low
TR9320,Amritsar,Dibrugarh,600,158,442,44,Weekend,No,2024-01-28,low
TR9321,Amritsar,Agartala,600,90,510,3,Weekday,No,2025-04-08,low
TR9322,Amritsar,Silchar,600,139,461,12,Weekend,No,2025-02-08,low
TR9323,Amritsar,Visakhapatnam,600,193,407,40,Weekday,Yes,2025-11-04,low
TR9324,Amritsar,Vijayawada,600,104,496,24,Weekday,Yes,2025-02-24,low
TR9325,Amritsar,Guntur,600,152,448,1,Weekday,No,2025-01-01,low
TR9326,Amritsar,Tirupati,600,183,417,13,Weekday,No,2024-08-09,low
TR9327,Amritsar,Rajahmundry,600,131,469,47,Weekday,No,2024-03-04,low
TR9328,Amritsar,Warangal,600,185,415,41,Weekday,No,2025-10-02,low
TR9329,Amritsar,Nizamabad,600,96,504,48,Weekday,No,2025-08-26,low
TR9330,Amritsar,Coimbatore,600,212,388,21,Weekend,No,2024-04-28,low
TR9331,Amritsar,Madurai,600,187,413,55,Weekday,Yes,2025-05-29,low
TR9332,Amritsar,Trichy,600,172,428,55,Weekday,No,2024-09-23,low
TR9333,Amritsar,Salem,600,223,377,22,Weekday,No,2024-11-15,low
TR9334,Amritsar,Erode,600,153,447,12,Weekday,Yes,2025-09-12,low
TR9335,Amritsar,Tirunelveli,600,139,461,57,Weekend,No,2025-09-07,low
TR9336,Amritsar,Thoothukudi,600,235,365,20,Weekend,No,2024-05-19,low
TR9337,Amritsar,Vellore,600,257,343,29,Weekday,No,2024-08-12,medium
TR9338,Amritsar,Kochi,600,136,464,55,Weekend,No,2025-08-23,low
TR9339,Amritsar,Thiruvananthapuram,600,163,437,16,Weekend,No,2025-11-01,low
TR9340,Amritsar,Kozhikode,600,219,381,53,Weekday,No,2024-02-27,low
TR9341,Amritsar,Thrissur,600,165,435,9,Weekday,Yes,2025-09-01,low
TR9342,Amritsar,Kollam,600,197,403,17,Weekday,No,2024-12-23,low
TR9343,Amritsar,Mysore,600,206,394,23,Weekday,No,2025-03-07,low
TR9344,Amritsar,Mangalore,600,142,458,28,Weekend,Yes,2024-02-25,low
TR9345,Amritsar,Hubli,600,189,411,14,Weekday,Yes,2025-05-12,low
TR9346,Amritsar,Belgaum,600,169,431,53,Weekend,No,2025-05-10,low
TR9347,Amritsar,Davangere,600,111,489,39,Weekday,No,2025-04-29,low
TR9348,Amritsar,Vadodara,600,121,479,40,Weekday,No,2025-07-31,low
TR9349,Amritsar,Rajkot,600,138,462,43,Weekend,No,2025-11-22,low
TR9350,Amritsar,Jamnagar,600,214,386,38,Weekend,No,2025-09-13,low
TR9351,Amritsar,Bhavnagar,600,215,385,38,Weekend,Yes,2025-06-28,low
TR9352,Amritsar,Gandhinagar,600,205,395,39,Weekday,No,2025-12-18,low
TR9353,Amritsar,Nashik,600,190,410,43,Weekday,No,2025-05-08,low
TR9354,Amritsar,Aurangabad,600,189,411,55,Weekday,No,2025-05-06,low
TR9355,Amritsar,Kolhapur,600,182,418,11,Weekday,No,2025-01-31,low
TR9356,Amritsar,Solapur,600,189,411,31,Weekday,No,2025-07-16,low
TR9357,Amritsar,Thane,600,192,408,11,Weekday,No,2024-02-22,low
TR9358,Amritsar,Navi Mumbai,600,102,498,10,Weekend,No,2025-01-04,low
TR9359,Amritsar,Amravati,600,131,469,56,Weekday,No,2024-11-06,low
TR9360,Amritsar,Jodhpur,600,120,480,28,Weekday,No,2025-10-29,low
TR9361,Amritsar,Udaipur,600,222,378,42,Weekday,No,2024-02-23,low
TR9362,Amritsar,Ajmer,600,248,352,43,Weekday,Yes,2025-04-15,medium
TR9363,Amritsar,Kota,600,90,510,1,Weekday,No,2024-05-14,low
TR9364,Amritsar,Bikaner,600,244,356,29,Weekday,No,2025-10-07,medium
TR9365,Amritsar,Alwar,600,173,427,10,Weekend,Yes,2025-09-14,low
TR9366,Amritsar,Varanasi,600,218,382,18,Weekday,No,2024-06-21,low
TR9367,Amritsar,Prayagraj,600,193,407,11,Weekday,No,2025-09-29,low
TR9368,Amritsar,Agra,600,238,362,39,Weekend,No,2024-12-29,low
TR9369,Amritsar,Meerut,600,179,421,7,Weekday,No,2025-12-10,low
TR9370,Amritsar,Bareilly,600,104,496,27,Weekday,No,2025-06-17,low
TR9371,Amritsar,Gorakhpur,600,164,436,18,Weekday,No,2024-01-26,low
TR9372,Amritsar,Mathura,600,194,406,57,Weekday,No,2024-05-28,low
TR9373,Amritsar,Dehradun,600,159,441,47,Weekday,No,2024-10-22,low
TR9374,Amritsar,Haridwar,600,201,399,21,Weekday,No,2024-06-03,low
TR9375,Amritsar,Ludhiana,600,166,434,17,Weekend,No,2024-04-06,low
TR9376,Amritsar,Jalandhar,600,140,460,43,Weekday,Yes,2025-12-15,low
TR9377,Amritsar,Patiala,600,117,483,37,Weekend,No,2025-09-27,low
TR9378,Amritsar,Chandigarh,600,150,450,33,Weekday,No,2024-11-13,low
TR9379,Amritsar,Jammu,600,179,421,4,Weekday,No,2024-06-06,low
TR9380,Amritsar,Srinagar,600,90,510,4,Weekend,Yes,2024-05-12,low
TR9381,Amritsar,Raipur,600,132,468,38,Weekday,Yes,2025-10-31,low
TR9382,Amritsar,Bilaspur,600,90,510,28,Weekday,No,2024-08-30,low
TR9383,Amritsar,Durg,600,139,461,49,Weekday,No,2024-01-10,low
TR9384,Amritsar,Jabalpur,600,226,374,1,Weekday,No,2024-10-17,low
TR9385,Amritsar,Gwalior,600,112,488,11,Weekday,No,2024-11-28,low
TR9386,Amritsar,Ujjain,600,203,397,47,Weekday,Yes,2025-03-31,low
TR9387,Amritsar,Rewa,600,306,294,58,Weekday,No,2024-09-04,medium
TR9388,Amritsar,Dhanbad,600,239,361,44,Weekday,No,2025-11-05,low
TR9389,Amritsar,Asansol,600,175,425,0,Weekday,Yes,2025-04-15,low
TR9390,Amritsar,Jamshedpur,600,210,390,3,Weekday,No,2025-12-22,low
TR9391,Amritsar,Tatanagar,600,103,497,52,Weekday,No,2024-09-25,low
TR9392,Amritsar,Gaya,600,93,507,29,Weekday,No,2025-04-21,low
TR9393,Amritsar,Muzaffarpur,600,170,430,29,Weekday,No,2024-09-24,low
TR9394,Amritsar,Bhagalpur,600,188,412,57,Weekday,No,2025-05-26,low
TR9395,Amritsar,Siliguri,600,221,379,14,Weekend,No,2025-06-29,low
TR9396,Amritsar,New Jalpaiguri,600,142,458,17,Weekday,No,2024-08-23,low
TR9397,Amritsar,Durgapur,600,178,422,41,Weekend,No,2025-11-16,low
TR9398,Amritsar,Howrah,600,177,423,54,Weekday,No,2025-09-18,low
TR9399,Amritsar,Malda,600,163,437,21,Weekday,No,2025-10-15,low
TR9400,Amritsar,Panaji,600,165,435,9,Weekend,No,2024-06-08,low
TR9401,Ludhiana,Delhi,600,128,472,3,Weekend,No,2025-06-08,low
TR9402,Ludhiana,New Delhi,600,182,418,0,Weekday,No,2024-03-18,low
TR9403,Ludhiana,Mumbai,600,178,422,22,Weekday,No,2024-03-18,low
TR9404,Ludhiana,Chennai,600,148,452,31,Weekday,No,2025-12-12,low
TR9405,Ludhiana,Kolkata,600,201,399,29,Weekend,No,2024-04-21,low
TR9406,Ludhiana,Bangalore,600,218,382,14,Weekday,No,2025-09-23,low
TR9407,Ludhiana,Hyderabad,600,201,399,40,Weekend,No,2024-11-10,low
TR9408,Ludhiana,Pune,600,119,481,52,Weekday,No,2024-08-09,low
TR9409,Ludhiana,Ahmedabad,600,174,426,13,Weekday,No,2024-02-23,low
TR9410,Ludhiana,Jaipur,600,125,475,40,Weekday,No,2025-05-08,low
TR9411,Ludhiana,Surat,600,174,426,32,Weekday,No,2025-06-11,low
TR9412,Ludhiana,Lucknow,600,125,475,41,Weekend,Yes,2024-12-07,low
TR9413,Ludhiana,Kanpur,600,230,370,0,Weekday,No,2025-08-15,low
TR9414,Ludhiana,Nagpur,600,207,393,40,Weekend,No,2024-08-24,low
TR9415,Ludhiana,Indore,600,224,376,44,Weekday,No,2025-02-07,low
TR9416,Ludhiana,Bhopal,600,219,381,40,Weekend,No,2024-07-28,low
TR9417,Ludhiana,Patna,600,156,444,50,Weekend,No,2025-03-01,low
TR9418,Ludhiana,Ranchi,600,149,451,44,Weekday,No,2024-04-09,low
TR9419,Ludhiana,Bhubaneswar,600,253,347,59,Weekend,Yes,2024-12-14,medium
TR9420,Ludhiana,Cuttack,600,161,439,40,Weekday,No,2025-02-05,low
TR9421,Ludhiana,Puri,600,104,496,26,Weekday,No,2025-02-10,low
TR9422,Ludhiana,Rourkela,600,217,383,50,Weekday,No,2024-11-22,low
TR9423,Ludhiana,Sambalpur,600,176,424,41,Weekday,No,2025-04-15,low
TR9424,Ludhiana,Guwahati,600,241,359,33,Weekday,No,2025-01-09,medium
TR9425,Ludhiana,Dibrugarh,600,181,419,34,Weekday,No,2024-07-26,low
TR9426,Ludhiana,Agartala,600,168,432,21,Weekday,No,2024-06-06,low
TR9427,Ludhiana,Silchar,600,242,358,36,Weekday,No,2025-04-18,medium
TR9428,Ludhiana,Visakhapatnam,600,95,505,28,Weekday,No,2025-11-17,low
TR9429,Ludhiana,Vijayawada,600,141,459,7,Weekday,No,2025-07-04,low
TR9430,Ludhiana,Guntur,600,126,474,26,Weekday,No,2025-04-11,low
TR9431,Ludhiana,Tirupati,600,90,510,56,Weekday,No,2025-11-04,low
TR9432,Ludhiana,Rajahmundry,600,211,389,19,Weekend,No,2025-10-19,low
TR9433,Ludhiana,Warangal,600,142,458,40,Weekend,Yes,2025-01-05,low
TR9434,Ludhiana,Nizamabad,600,212,388,24,Weekday,No,2024-03-20,low
TR9435,Ludhiana,Coimbatore,600,188,412,17,Weekday,No,2025-04-08,low
TR9436,Ludhiana,Madurai,600,198,402,23,Weekday,No,2025-03-31,low
TR9437,Ludhiana,Trichy,600,147,453,57,Weekend,No,2024-07-21,low
TR9438,Ludhiana,Salem,600,132,468,6,Weekday,Yes,2025-09-12,low
TR9439,Ludhiana,Erode,600,173,427,40,Weekend,No,2025-09-27,low
TR9440,Ludhiana,Tirunelveli,600,213,387,49,Weekday,Yes,2024-08-29,low
TR9441,Ludhiana,Thoothukudi,600,167,433,11,Weekend,No,2024-12-14,low
TR9442,Ludhiana,Vellore,600,135,465,45,Weekday,No,2024-05-22,low
TR9443,Ludhiana,Kochi,600,111,489,38,Weekday,No,2024-05-10,low
TR9444,Ludhiana,Thiruvananthapuram,600,179,421,20,Weekday,Yes,2024-07-12,low
TR9445,Ludhiana,Kozhikode,600,142,458,10,Weekday,No,2024-09-24,low
TR9446,Ludhiana,Thrissur,600,166,434,56,Weekday,Yes,2024-07-18,low
TR9447,Ludhiana,Kollam,600,157,443,11,Weekend,No,2024-04-20,low
TR9448,Ludhiana,Mysore,600,148,452,56,Weekday,No,2024-11-22,low
TR9449,Ludhiana,Mangalore,600,183,417,38,Weekday,No,2025-03-31,low
TR9450,Ludhiana,Hubli,600,196,404,51,Weekday,No,2024-08-26,low
TR9451,Ludhiana,Belgaum,600,263,337,17,Weekend,No,2025-01-25,medium
TR9452,Ludhiana,Davangere,600,205,395,1,Weekday,No,2024-07-17,low
TR9453,Ludhiana,Vadodara,600,245,355,39,Weekday,No,2025-05-29,medium
TR9454,Ludhiana,Rajkot,600,130,470,22,Weekend,No,2025-04-19,low
TR9455,Ludhiana,Jamnagar,600,92,508,33,Weekday,No,2025-12-02,low
TR9456,Ludhiana,Bhavnagar,600,168,432,27,Weekday,No,2024-02-08,low
TR9457,Ludhiana,Gandhinagar,600,210,390,19,Weekday,No,2025-09-15,low
TR9458,Ludhiana,Nashik,600,203,397,43,Weekday,No,2024-09-05,low
TR9459,Ludhiana,Aurangabad,600,227,373,30,Weekend,Yes,2024-02-18,low
TR9460,Ludhiana,Kolhapur,600,90,510,38,Weekday,No,2025-05-19,low
TR9461,Ludhiana,Solapur,600,229,371,40,Weekend,No,2024-05-05,low
TR9462,Ludhiana,Thane,600,185,415,40,Weekday,No,2024-05-08,low
TR9463,Ludhiana,Navi Mumbai,600,95,505,19,Weekday,No,2025-12-17,low
TR9464,Ludhiana,Amravati,600,204,396,46,Weekday,No,2024-06-10,low
TR9465,Ludhiana,Jodhpur,600,177,423,13,Weekday,No,2025-02-03,low
TR9466,Ludhiana,Udaipur,600,187,413,56,Weekend,No,2024-05-26,low
TR9467,Ludhiana,Ajmer,600,217,383,48,Weekend,No,2024-03-31,low
TR9468,Ludhiana,Kota,600,190,410,33,Weekday,No,2024-01-01,low
TR9469,Ludhiana,Bikaner,600,98,502,10,Weekday,No,2024-01-12,low
TR9470,Ludhiana,Alwar,600,162,438,54,Weekday,No,2024-12-12,low
TR9471,Ludhiana,Varanasi,600,91,509,33,Weekday,No,2024-11-13,low
TR9472,Ludhiana,Prayagraj,600,200,400,48,Weekday,No,2024-01-29,low
TR9473,Ludhiana,Agra,600,236,364,1,Weekday,No,2024-09-12,low
TR9474,Ludhiana,Meerut,600,109,491,20,Weekday,No,2024-07-18,low
TR9475,Ludhiana,Bareilly,600,137,463,17,Weekday,No,2025-02-21,low
TR9476,Ludhiana,Gorakhpur,600,127,473,48,Weekend,No,2025-12-28,low
TR9477,Ludhiana,Mathura,600,147,453,27,Weekday,No,2025-05-20,low
TR9478,Ludhiana,Dehradun,600,189,411,7,Weekend,Yes,2025-11-02,low
TR9479,Ludhiana,Haridwar,600,148,452,36,Weekday,No,2024-05-20,low
TR9480,Ludhiana,Amritsar,600,200,400,9,Weekday,No,2024-06-06,low
TR9481,Ludhiana,Jalandhar,600,220,380,26,Weekday,No,2025-07-02,low
TR9482,Ludhiana,Patiala,600,222,378,59,Weekday,No,2024-08-14,low
TR9483,Ludhiana,Chandigarh,600,115,485,26,Weekday,No,2025-09-12,low
TR9484,Ludhiana,Jammu,600,235,365,25,Weekday,No,2024-12-04,low
TR9485,Ludhiana,Srinagar,600,239,361,2,Weekend,No,2024-05-26,low
TR9486,Ludhiana,Raipur,600,243,357,27,Weekday,No,2025-09-09,medium
TR9487,Ludhiana,Bilaspur,600,161,439,57,Weekday,No,2025-02-06,low
TR9488,Ludhiana,Durg,600,133,467,57,Weekend,No,2025-08-09,low
TR9489,Ludhiana,Jabalpur,600,122,478,57,Weekday,No,2024-11-26,low
TR9490,Ludhiana,Gwalior,600,116,484,21,Weekday,No,2024-04-02,low
TR9491,Ludhiana,Ujjain,600,170,430,3,Weekday,No,2025-05-12,low
TR9492,Ludhiana,Rewa,600,210,390,14,Weekend,No,2024-03-31,low
TR9493,Ludhiana,Dhanbad,600,232,368,12,Weekday,No,2025-04-29,low
TR9494,Ludhiana,Asansol,600,146,454,4,Weekday,No,2024-10-31,low
TR9495,Ludhiana,Jamshedpur,600,167,433,42,Weekday,No,2025-08-01,low
TR9496,Ludhiana,Tatanagar,600,164,436,31,Weekend,No,2025-09-28,low
TR9497,Ludhiana,Gaya,600,138,462,43,Weekday,No,2024-10-24,low
TR9498,Ludhiana,Muzaffarpur,600,204,396,11,Weekday,No,2025-10-06,low
TR9499,Ludhiana,Bhagalpur,600,186,414,41,Weekday,No,2024-03-22,low
TR9500,Ludhiana,Siliguri,600,176,424,3,Weekday,No,2024-03-19,low
TR9501,Ludhiana,New Jalpaiguri,600,186,414,43,Weekend,No,2025-12-27,low
TR9502,Ludhiana,Durgapur,600,198,402,48,Weekend,No,2025-02-23,low
TR9503,Ludhiana,Howrah,600,198,402,15,Weekday,No,2024-11-25,low
TR9504,Ludhiana,Malda,600,129,471,19,Weekday,No,2024-04-23,low
TR9505,Ludhiana,Panaji,600,212,388,26,Weekday,No,2024-07-30,low
TR9506,Jalandhar,Delhi,600,181,419,34,Weekday,No,2025-05-16,low
TR9507,Jalandhar,New Delhi,600,148,452,31,Weekend,No,2025-08-23,low
TR9508,Jalandhar,Mumbai,600,180,420,6,Weekday,No,2025-10-31,low
TR9509,Jalandhar,Chennai,600,185,415,22,Weekday,No,2024-10-25,low
TR9510,Jalandhar,Kolkata,600,221,379,30,Weekday,No,2024-11-28,low
TR9511,Jalandhar,Bangalore,600,119,481,36,Weekday,No,2024-04-29,low
TR9512,Jalandhar,Hyderabad,600,233,367,37,Weekday,No,2024-03-01,low
TR9513,Jalandhar,Pune,600,170,430,39,Weekend,No,2024-11-16,low
TR9514,Jalandhar,Ahmedabad,600,145,455,26,Weekday,Yes,2025-02-27,low
TR9515,Jalandhar,Jaipur,600,143,457,30,Weekend,No,2024-03-17,low
TR9516,Jalandhar,Surat,600,121,479,20,Weekday,No,2024-10-25,low
TR9517,Jalandhar,Lucknow,600,90,510,16,Weekend,No,2025-04-13,low
TR9518,Jalandhar,Kanpur,600,201,399,18,Weekday,No,2025-08-15,low
TR9519,Jalandhar,Nagpur,600,264,336,26,Weekday,No,2025-11-17,medium
TR9520,Jalandhar,Indore,600,91,509,6,Weekday,No,2024-09-05,low
TR9521,Jalandhar,Bhopal,600,123,477,13,Weekend,Yes,2024-10-13,low
TR9522,Jalandhar,Patna,600,205,395,6,Weekday,No,2025-10-01,low
TR9523,Jalandhar,Ranchi,600,167,433,24,Weekday,No,2025-05-21,low
TR9524,Jalandhar,Bhubaneswar,600,209,391,29,Weekday,No,2024-07-19,low
TR9525,Jalandhar,Cuttack,600,164,436,9,Weekday,No,2025-05-15,low
TR9526,Jalandhar,Puri,600,141,459,8,Weekday,No,2024-04-25,low
TR9527,Jalandhar,Rourkela,600,158,442,31,Weekend,No,2024-11-24,low
TR9528,Jalandhar,Sambalpur,600,90,510,13,Weekday,No,2024-08-12,low
TR9529,Jalandhar,Guwahati,600,114,486,52,Weekday,No,2025-12-26,low
TR9530,Jalandhar,Dibrugarh,600,214,386,9,Weekday,No,2024-01-26,low
TR9531,Jalandhar,Agartala,600,226,374,28,Weekday,No,2025-09-18,low
TR9532,Jalandhar,Silchar,600,236,364,48,Weekday,No,2024-07-24,low
TR9533,Jalandhar,Visakhapatnam,600,190,410,6,Weekend,No,2024-01-27,low
TR9534,Jalandhar,Vijayawada,600,90,510,26,Weekend,No,2025-04-27,low
TR9535,Jalandhar,Guntur,600,138,462,28,Weekend,Yes,2025-05-10,low
TR9536,Jalandhar,Tirupati,600,233,367,33,Weekend,No,2024-04-14,low
TR9537,Jalandhar,Rajahmundry,600,247,353,53,Weekday,No,2024-01-29,medium
TR9538,Jalandhar,Warangal,600,234,366,34,Weekday,No,2024-03-22,low
TR9539,Jalandhar,Nizamabad,600,158,442,22,Weekday,No,2024-10-25,low
TR9540,Jalandhar,Coimbatore,600,106,494,23,Weekend,No,2024-04-06,low
TR9541,Jalandhar,Madurai,600,167,433,37,Weekday,No,2025-05-28,low
TR9542,Jalandhar,Trichy,600,170,430,17,Weekday,No,2024-02-26,low
TR9543,Jalandhar,Salem,600,244,356,41,Weekday,Yes,2025-07-30,medium
TR9544,Jalandhar,Erode,600,180,420,22,Weekday,No,2025-10-01,low
TR9545,Jalandhar,Tirunelveli,600,170,430,3,Weekend,No,2025-06-08,low
TR9546,Jalandhar,Thoothukudi,600,172,428,32,Weekday,No,2025-11-21,low
TR9547,Jalandhar,Vellore,600,188,412,15,Weekday,No,2025-11-17,low
TR9548,Jalandhar,Kochi,600,199,401,21,Weekend,Yes,2024-02-04,low
TR9549,Jalandhar,Thiruvananthapuram,600,134,466,19,Weekday,Yes,2024-09-06,low
TR9550,Jalandhar,Kozhikode,600,118,482,8,Weekday,No,2025-07-09,low
TR9551,Jalandhar,Thrissur,600,235,365,17,Weekday,No,2024-09-05,low
TR9552,Jalandhar,Kollam,600,90,510,54,Weekend,No,2025-06-22,low
TR9553,Jalandhar,Mysore,600,248,352,19,Weekend,No,2025-07-20,medium
TR9554,Jalandhar,Mangalore,600,90,510,43,Weekday,No,2025-12-29,low
TR9555,Jalandhar,Hubli,600,141,459,24,Weekday,No,2024-08-29,low
TR9556,Jalandhar,Belgaum,600,216,384,3,Weekday,No,2024-09-11,low
TR9557,Jalandhar,Davangere,600,169,431,50,Weekday,No,2024-01-18,low
TR9558,Jalandhar,Vadodara,600,106,494,54,Weekend,Yes,2024-07-27,low
TR9559,Jalandhar,Rajkot,600,189,411,14,Weekday,No,2024-07-24,low
TR9560,Jalandhar,Jamnagar,600,172,428,10,Weekday,No,2024-11-27,low
TR9561,Jalandhar,Bhavnagar,600,159,441,55,Weekend,Yes,2024-11-03,low
TR9562,Jalandhar,Gandhinagar,600,139,461,5,Weekday,No,2025-09-18,low
TR9563,Jalandhar,Nashik,600,167,433,53,Weekend,No,2025-07-19,low
TR9564,Jalandhar,Aurangabad,600,141,459,10,Weekday,No,2025-06-16,low
TR9565,Jalandhar,Kolhapur,600,286,314,52,Weekday,No,2024-01-04,medium
TR9566,Jalandhar,Solapur,600,157,443,55,Weekday,No,2024-12-10,low
TR9567,Jalandhar,Thane,600,151,449,14,Weekday,No,2025-06-17,low
TR9568,Jalandhar,Navi Mumbai,600,143,457,13,Weekday,No,2024-06-27,low
TR9569,Jalandhar,Amravati,600,254,346,6,Weekday,No,2024-11-06,medium
TR9570,Jalandhar,Jodhpur,600,90,510,47,Weekend,No,2025-06-15,low
TR9571,Jalandhar,Udaipur,600,186,414,20,Weekend,No,2025-08-03,low
TR9572,Jalandhar,Ajmer,600,157,443,38,Weekday,Yes,2025-09-16,low
TR9573,Jalandhar,Kota,600,101,499,36,Weekend,No,2024-11-10,low
TR9574,Jalandhar,Bikaner,600,130,470,31,Weekend,Yes,2024-10-19,low
TR9575,Jalandhar,Alwar,600,184,416,14,Weekend,No,2024-10-06,low
TR9576,Jalandhar,Varanasi,600,127,473,21,Weekend,No,2025-05-03,low
TR9577,Jalandhar,Prayagraj,600,181,419,30,Weekend,No,2024-11-02,low
TR9578,Jalandhar,Agra,600,252,348,5,Weekend,No,2024-10-19,medium
TR9579,Jalandhar,Meerut,600,177,423,24,Weekday,No,2024-05-03,low
TR9580,Jalandhar,Bareilly,600,99,501,42,Weekend,No,2024-12-15,low
TR9581,Jalandhar,Gorakhpur,600,128,472,25,Weekend,No,2024-06-22,low
TR9582,Jalandhar,Mathura,600,155,445,23,Weekend,No,2025-01-18,low
TR9583,Jalandhar,Dehradun,600,152,448,50,Weekend,No,2025-10-11,low
TR9584,Jalandhar,Haridwar,600,176,424,32,Weekday,No,2025-07-21,low
TR9585,Jalandhar,Amritsar,600,184,416,44,Weekend,No,2024-12-15,low
TR9586,Jalandhar,Ludhiana,600,252,348,3,Weekday,No,2025-12-15,medium
TR9587,Jalandhar,Patiala,600,169,431,55,Weekday,No,2025-12-17,low
TR9588,Jalandhar,Chandigarh,600,114,486,46,Weekday,No,2024-11-20,low
TR9589,Jalandhar,Jammu,600,224,376,49,Weekend,No,2025-07-12,low
TR9590,Jalandhar,Srinagar,600,230,370,41,Weekend,No,2024-09-07,low
TR9591,Jalandhar,Raipur,600,180,420,32,Weekend,Yes,2025-10-04,low
TR9592,Jalandhar,Bilaspur,600,157,443,31,Weekday,No,2024-09-30,low
TR9593,Jalandhar,Durg,600,199,401,37,Weekend,No,2024-07-07,low
TR9594,Jalandhar,Jabalpur,600,159,441,29,Weekend,No,2024-04-07,low
TR9595,Jalandhar,Gwalior,600,90,510,43,Weekend,No,2025-09-07,low
TR9596,Jalandhar,Ujjain,600,196,404,20,Weekday,No,2024-08-05,low
TR9597,Jalandhar,Rewa,600,212,388,46,Weekend,No,2025-08-17,low
TR9598,Jalandhar,Dhanbad,600,238,362,20,Weekday,No,2024-03-04,low
TR9599,Jalandhar,Asansol,600,134,466,28,Weekday,No,2025-01-01,low
TR9600,Jalandhar,Jamshedpur,600,180,420,4,Weekday,No,2024-11-08,low
TR9601,Jalandhar,Tatanagar,600,181,419,54,Weekend,No,2024-11-16,low
TR9602,Jalandhar,Gaya,600,173,427,41,Weekday,No,2024-05-02,low
TR9603,Jalandhar,Muzaffarpur,600,174,426,14,Weekday,No,2024-02-23,low
TR9604,Jalandhar,Bhagalpur,600,171,429,2,Weekday,No,2024-09-10,low
TR9605,Jalandhar,Siliguri,600,179,421,51,Weekday,No,2024-12-09,low
TR9606,Jalandhar,New Jalpaiguri,600,205,395,0,Weekend,Yes,2025-08-03,low
TR9607,Jalandhar,Durgapur,600,228,372,28,Weekday,No,2024-12-04,low
TR9608,Jalandhar,Howrah,600,133,467,1,Weekday,No,2024-06-28,low
TR9609,Jalandhar,Malda,600,161,439,41,Weekday,No,2024-07-10,low
TR9610,Jalandhar,Panaji,600,149,451,12,Weekend,No,2025-03-23,low
TR9611,Patiala,Delhi,600,142,458,25,Weekday,No,2024-11-14,low
TR9612,Patiala,New Delhi,600,91,509,34,Weekday,No,2025-10-20,low
TR9613,Patiala,Mumbai,600,170,430,22,Weekend,Yes,2024-11-17,low
TR9614,Patiala,Chennai,600,192,408,40,Weekday,No,2025-02-18,low
TR9615,Patiala,Kolkata,600,162,438,30,Weekday,No,2024-02-16,low
TR9616,Patiala,Bangalore,600,169,431,25,Weekday,No,2024-05-21,low
TR9617,Patiala,Hyderabad,600,189,411,19,Weekend,No,2025-09-13,low
TR9618,Patiala,Pune,600,237,363,24,Weekday,Yes,2024-09-09,low
TR9619,Patiala,Ahmedabad,600,149,451,19,Weekend,No,2024-11-03,low
TR9620,Patiala,Jaipur,600,113,487,34,Weekday,No,2025-03-07,low
TR9621,Patiala,Surat,600,165,435,45,Weekday,No,2024-02-12,low
TR9622,Patiala,Lucknow,600,259,341,35,Weekend,No,2025-01-05,medium
TR9623,Patiala,Kanpur,600,113,487,1,Weekday,No,2024-09-10,low
TR9624,Patiala,Nagpur,600,200,400,50,Weekday,No,2024-04-18,low
TR9625,Patiala,Indore,600,225,375,47,Weekday,No,2024-11-01,low
TR9626,Patiala,Bhopal,600,90,510,49,Weekday,No,2024-11-22,low
TR9627,Patiala,Patna,600,189,411,2,Weekday,No,2024-05-16,low
TR9628,Patiala,Ranchi,600,198,402,49,Weekday,No,2025-01-31,low
TR9629,Patiala,Bhubaneswar,600,156,444,28,Weekend,No,2025-06-29,low
TR9630,Patiala,Cuttack,600,138,462,50,Weekend,No,2024-07-14,low
TR9631,Patiala,Puri,600,141,459,46,Weekend,No,2025-12-07,low
TR9632,Patiala,Rourkela,600,153,447,52,Weekend,No,2025-03-23,low
TR9633,Patiala,Sambalpur,600,154,446,7,Weekend,No,2025-07-19,low
TR9634,Patiala,Guwahati,600,145,455,33,Weekday,Yes,2024-02-21,low
TR9635,Patiala,Dibrugarh,600,152,448,43,Weekday,Yes,2025-07-15,low
TR9636,Patiala,Agartala,600,226,374,35,Weekday,No,2024-09-03,low
TR9637,Patiala,Silchar,600,111,489,48,Weekday,No,2025-06-03,low
TR9638,Patiala,Visakhapatnam,600,90,510,43,Weekend,No,2025-08-10,low
TR9639,Patiala,Vijayawada,600,227,373,2,Weekday,No,2024-07-02,low
TR9640,Patiala,Guntur,600,160,440,11,Weekday,No,2024-07-08,low
TR9641,Patiala,Tirupati,600,150,450,38,Weekday,No,2024-02-13,low
TR9642,Patiala,Rajahmundry,600,164,436,21,Weekday,No,2025-03-18,low
TR9643,Patiala,Warangal,600,179,421,21,Weekend,No,2025-07-19,low
TR9644,Patiala,Nizamabad,600,144,456,54,Weekend,No,2024-10-26,low
TR9645,Patiala,Coimbatore,600,193,407,5,Weekend,No,2024-04-27,low
TR9646,Patiala,Madurai,600,123,477,31,Weekday,Yes,2024-08-19,low
TR9647,Patiala,Trichy,600,154,446,18,Weekday,No,2024-10-21,low
TR9648,Patiala,Salem,600,90,510,3,Weekday,No,2025-10-31,low
TR9649,Patiala,Erode,600,225,375,22,Weekend,No,2024-03-31,low
TR9650,Patiala,Tirunelveli,600,160,440,24,Weekend,No,2024-09-07,low
TR9651,Patiala,Thoothukudi,600,201,399,27,Weekday,No,2025-04-11,low
TR9652,Patiala,Vellore,600,192,408,9,Weekend,No,2024-06-22,low
TR9653,Patiala,Kochi,600,195,405,43,Weekday,No,2025-10-08,low
TR9654,Patiala,Thiruvananthapuram,600,169,431,21,Weekend,Yes,2025-10-26,low
TR9655,Patiala,Kozhikode,600,188,412,34,Weekday,No,2024-10-04,low
TR9656,Patiala,Thrissur,600,123,477,32,Weekend,Yes,2025-06-29,low
TR9657,Patiala,Kollam,600,113,487,33,Weekend,No,2025-07-06,low
TR9658,Patiala,Mysore,600,164,436,30,Weekday,No,2025-05-13,low
TR9659,Patiala,Mangalore,600,136,464,18,Weekday,No,2024-05-16,low
TR9660,Patiala,Hubli,600,237,363,29,Weekday,No,2024-02-06,low
TR9661,Patiala,Belgaum,600,187,413,31,Weekday,No,2024-09-10,low
TR9662,Patiala,Davangere,600,135,465,1,Weekday,No,2024-04-05,low
TR9663,Patiala,Vadodara,600,156,444,43,Weekday,Yes,2024-08-01,low
TR9664,Patiala,Rajkot,600,175,425,26,Weekday,No,2025-04-11,low
TR9665,Patiala,Jamnagar,600,166,434,17,Weekday,No,2025-03-06,low
TR9666,Patiala,Bhavnagar,600,182,418,1,Weekend,Yes,2024-06-02,low
TR9667,Patiala,Gandhinagar,600,172,428,18,Weekend,No,2024-01-13,low
TR9668,Patiala,Nashik,600,102,498,24,Weekday,No,2024-06-13,low
TR9669,Patiala,Aurangabad,600,90,510,50,Weekday,No,2024-11-28,low
TR9670,Patiala,Kolhapur,600,151,449,38,Weekday,No,2025-07-23,low
TR9671,Patiala,Solapur,600,196,404,25,Weekday,No,2024-09-23,low
TR9672,Patiala,Thane,600,152,448,7,Weekend,No,2024-07-28,low
TR9673,Patiala,Navi Mumbai,600,228,372,16,Weekday,No,2025-02-07,low
TR9674,Patiala,Amravati,600,167,433,55,Weekday,No,2024-02-22,low
TR9675,Patiala,Jodhpur,600,234,366,7,Weekday,No,2024-06-13,low
TR9676,Patiala,Udaipur,600,224,376,37,Weekend,No,2024-01-27,low
TR9677,Patiala,Ajmer,600,219,381,31,Weekend,No,2025-01-19,low
TR9678,Patiala,Kota,600,111,489,13,Weekday,No,2024-11-19,low
TR9679,Patiala,Bikaner,600,170,430,52,Weekend,No,2025-03-01,low
TR9680,Patiala,Alwar,600,228,372,23,Weekday,No,2025-03-27,low
TR9681,Patiala,Varanasi,600,182,418,39,Weekday,No,2024-10-15,low
TR9682,Patiala,Prayagraj,600,196,404,5,Weekend,No,2025-09-27,low
TR9683,Patiala,Agra,600,102,498,57,Weekend,No,2025-11-02,low
TR9684,Patiala,Meerut,600,261,339,1,Weekday,No,2024-03-21,medium
TR9685,Patiala,Bareilly,600,131,469,18,Weekday,No,2025-11-03,low
TR9686,Patiala,Gorakhpur,600,90,510,54,Weekday,No,2024-05-23,low
TR9687,Patiala,Mathura,600,152,448,38,Weekend,Yes,2024-06-30,low
TR9688,Patiala,Dehradun,600,90,510,40,Weekday,No,2025-01-22,low
TR9689,Patiala,Haridwar,600,117,483,18,Weekday,No,2024-01-22,low
TR9690,Patiala,Amritsar,600,292,308,46,Weekday,No,2024-09-23,medium
TR9691,Patiala,Ludhiana,600,151,449,55,Weekday,No,2024-05-22,low
TR9692,Patiala,Jalandhar,600,100,500,37,Weekday,No,2024-12-18,low
TR9693,Patiala,Chandigarh,600,170,430,13,Weekday,No,2025-08-18,low
TR9694,Patiala,Jammu,600,126,474,54,Weekday,No,2025-11-06,low
TR9695,Patiala,Srinagar,600,210,390,0,Weekday,No,2024-06-04,low
TR9696,Patiala,Raipur,600,126,474,53,Weekend,No,2025-02-02,low
TR9697,Patiala,Bilaspur,600,182,418,0,Weekday,No,2024-12-12,low
TR9698,Patiala,Durg,600,114,486,3,Weekday,No,2024-10-30,low
TR9699,Patiala,Jabalpur,600,294,306,2,Weekday,No,2025-04-07,medium
TR9700,Patiala,Gwalior,600,193,407,11,Weekday,No,2025-12-24,low
TR9701,Patiala,Ujjain,600,162,438,43,Weekday,No,2024-10-23,low
TR9702,Patiala,Rewa,600,155,445,23,Weekend,No,2024-02-17,low
TR9703,Patiala,Dhanbad,600,142,458,4,Weekday,No,2025-10-31,low
TR9704,Patiala,Asansol,600,132,468,20,Weekday,No,2025-11-12,low
TR9705,Patiala,Jamshedpur,600,131,469,59,Weekday,No,2024-08-23,low
TR9706,Patiala,Tatanagar,600,250,350,31,Weekday,No,2025-01-01,medium
TR9707,Patiala,Gaya,600,142,458,43,Weekday,No,2025-09-22,low
TR9708,Patiala,Muzaffarpur,600,90,510,15,Weekday,No,2025-01-03,low
TR9709,Patiala,Bhagalpur,600,113,487,31,Weekday,No,2024-12-17,low
TR9710,Patiala,Siliguri,600,213,387,47,Weekday,No,2025-11-04,low
TR9711,Patiala,New Jalpaiguri,600,157,443,40,Weekday,No,2025-08-28,low
TR9712,Patiala,Durgapur,600,163,437,0,Weekend,Yes,2025-01-05,low
TR9713,Patiala,Howrah,600,225,375,36,Weekend,No,2024-04-28,low
TR9714,Patiala,Malda,600,132,468,47,Weekend,No,2024-11-16,low
TR9715,Patiala,Panaji,600,199,401,8,Weekday,No,2025-05-09,low
TR9716,Chandigarh,Delhi,600,137,463,23,Weekday,No,2024-07-18,low
TR9717,Chandigarh,New Delhi,600,197,403,38,Weekday,No,2025-01-27,low
TR9718,Chandigarh,Mumbai,600,150,450,0,Weekend,No,2025-04-26,low
TR9719,Chandigarh,Chennai,600,157,443,42,Weekend,No,2024-03-03,low
TR9720,Chandigarh,Kolkata,600,208,392,50,Weekday,No,2025-02-20,low
TR9721,Chandigarh,Bangalore,600,205,395,31,Weekday,No,2025-06-23,low
TR9722,Chandigarh,Hyderabad,600,161,439,26,Weekday,Yes,2024-06-05,low
TR9723,Chandigarh,Pune,600,146,454,5,Weekday,Yes,2025-02-04,low
TR9724,Chandigarh,Ahmedabad,600,246,354,43,Weekday,No,2025-06-02,medium
TR9725,Chandigarh,Jaipur,600,197,403,56,Weekday,No,2024-02-02,low
TR9726,Chandigarh,Surat,600,150,450,52,Weekday,No,2025-04-15,low
TR9727,Chandigarh,Lucknow,600,138,462,32,Weekday,No,2024-07-08,low
TR9728,Chandigarh,Kanpur,600,218,382,2,Weekday,No,2024-10-17,low
TR9729,Chandigarh,Nagpur,600,174,426,17,Weekday,No,2025-04-18,low
TR9730,Chandigarh,Indore,600,161,439,15,Weekday,No,2024-01-04,low
TR9731,Chandigarh,Bhopal,600,174,426,0,Weekend,No,2024-01-13,low
TR9732,Chandigarh,Patna,600,185,415,7,Weekday,No,2024-11-22,low
TR9733,Chandigarh,Ranchi,600,166,434,34,Weekday,No,2025-11-25,low
TR9734,Chandigarh,Bhubaneswar,600,227,373,5,Weekday,No,2024-01-05,low
TR9735,Chandigarh,Cuttack,600,229,371,2,Weekday,No,2025-07-30,low
TR9736,Chandigarh,Puri,600,194,406,56,Weekend,No,2024-02-24,low
TR9737,Chandigarh,Rourkela,600,235,365,36,Weekday,No,2024-12-23,low
TR9738,Chandigarh,Sambalpur,600,169,431,48,Weekend,No,2024-11-10,low
TR9739,Chandigarh,Guwahati,600,202,398,14,Weekend,No,2024-12-08,low
TR9740,Chandigarh,Dibrugarh,600,217,383,21,Weekday,No,2024-02-29,low
TR9741,Chandigarh,Agartala,600,218,382,36,Weekday,No,2025-07-04,low
TR9742,Chandigarh,Silchar,600,213,387,41,Weekend,Yes,2024-07-20,low
TR9743,Chandigarh,Visakhapatnam,600,199,401,22,Weekday,No,2025-07-17,low
TR9744,Chandigarh,Vijayawada,600,263,337,55,Weekday,No,2025-04-24,medium
TR9745,Chandigarh,Guntur,600,143,457,42,Weekday,No,2025-02-06,low
TR9746,Chandigarh,Tirupati,600,161,439,13,Weekday,No,2024-08-13,low
TR9747,Chandigarh,Rajahmundry,600,159,441,5,Weekday,No,2025-04-21,low
TR9748,Chandigarh,Warangal,600,151,449,0,Weekday,No,2025-12-30,low
TR9749,Chandigarh,Nizamabad,600,90,510,50,Weekday,No,2025-11-05,low
TR9750,Chandigarh,Coimbatore,600,235,365,49,Weekday,No,2025-10-31,low
TR9751,Chandigarh,Madurai,600,120,480,28,Weekend,Yes,2024-06-09,low
TR9752,Chandigarh,Trichy,600,177,423,43,Weekday,No,2025-03-03,low
TR9753,Chandigarh,Salem,600,101,499,53,Weekday,No,2024-10-17,low
TR9754,Chandigarh,Erode,600,199,401,9,Weekend,No,2025-12-07,low
TR9755,Chandigarh,Tirunelveli,600,131,469,58,Weekday,No,2025-11-25,low
TR9756,Chandigarh,Thoothukudi,600,114,486,29,Weekday,No,2025-09-26,low
TR9757,Chandigarh,Vellore,600,178,422,26,Weekend,No,2024-04-28,low
TR9758,Chandigarh,Kochi,600,135,465,9,Weekday,No,2024-08-21,low
TR9759,Chandigarh,Thiruvananthapuram,600,141,459,40,Weekday,No,2025-06-03,low
TR9760,Chandigarh,Kozhikode,600,177,423,36,Weekday,No,2025-07-01,low
TR9761,Chandigarh,Thrissur,600,207,393,1,Weekday,No,2024-09-13,low
TR9762,Chandigarh,Kollam,600,130,470,38,Weekday,No,2024-04-10,low
TR9763,Chandigarh,Mysore,600,121,479,8,Weekday,No,2024-04-10,low
TR9764,Chandigarh,Mangalore,600,170,430,16,Weekday,Yes,2025-05-15,low
TR9765,Chandigarh,Hubli,600,195,405,36,Weekday,No,2024-11-27,low
TR9766,Chandigarh,Belgaum,600,239,361,46,Weekday,No,2024-12-24,low
TR9767,Chandigarh,Davangere,600,118,482,8,Weekday,No,2025-08-19,low
TR9768,Chandigarh,Vadodara,600,154,446,28,Weekend,No,2024-01-13,low
TR9769,Chandigarh,Rajkot,600,225,375,17,Weekend,Yes,2025-07-05,low
TR9770,Chandigarh,Jamnagar,600,264,336,42,Weekday,No,2024-07-19,medium
TR9771,Chandigarh,Bhavnagar,600,121,479,49,Weekday,No,2025-11-11,low
TR9772,Chandigarh,Gandhinagar,600,133,467,38,Weekend,No,2025-11-29,low
TR9773,Chandigarh,Nashik,600,187,413,47,Weekday,No,2025-01-02,low
TR9774,Chandigarh,Aurangabad,600,141,459,27,Weekend,No,2024-08-18,low
TR9775,Chandigarh,Kolhapur,600,133,467,35,Weekday,No,2024-06-19,low
TR9776,Chandigarh,Solapur,600,181,419,17,Weekend,No,2024-05-12,low
TR9777,Chandigarh,Thane,600,243,357,59,Weekday,No,2025-12-31,medium
TR9778,Chandigarh,Navi Mumbai,600,106,494,12,Weekday,No,2024-05-17,low
TR9779,Chandigarh,Amravati,600,241,359,55,Weekday,No,2024-11-22,medium
TR9780,Chandigarh,Jodhpur,600,141,459,44,Weekday,Yes,2024-12-16,low
TR9781,Chandigarh,Udaipur,600,186,414,59,Weekend,No,2025-05-11,low
TR9782,Chandigarh,Ajmer,600,245,355,38,Weekend,No,2025-09-07,medium
TR9783,Chandigarh,Kota,600,185,415,21,Weekday,No,2025-02-11,low
TR9784,Chandigarh,Bikaner,600,155,445,16,Weekday,No,2025-07-08,low
TR9785,Chandigarh,Alwar,600,203,397,10,Weekday,No,2025-02-18,low
TR9786,Chandigarh,Varanasi,600,161,439,58,Weekday,No,2024-11-15,low
TR9787,Chandigarh,Prayagraj,600,194,406,6,Weekday,No,2024-04-25,low
TR9788,Chandigarh,Agra,600,159,441,48,Weekend,No,2024-06-01,low
TR9789,Chandigarh,Meerut,600,210,390,41,Weekday,No,2024-11-12,low
TR9790,Chandigarh,Bareilly,600,102,498,7,Weekend,Yes,2024-02-03,low
TR9791,Chandigarh,Gorakhpur,600,120,480,54,Weekday,No,2024-08-19,low
TR9792,Chandigarh,Mathura,600,101,499,9,Weekday,No,2024-12-04,low
TR9793,Chandigarh,Dehradun,600,166,434,9,Weekday,No,2024-12-11,low
TR9794,Chandigarh,Haridwar,600,96,504,32,Weekday,No,2025-08-18,low
TR9795,Chandigarh,Amritsar,600,136,464,6,Weekday,Yes,2025-12-08,low
TR9796,Chandigarh,Ludhiana,600,116,484,6,Weekday,No,2025-06-17,low
TR9797,Chandigarh,Jalandhar,600,240,360,37,Weekday,No,2024-02-28,low
TR9798,Chandigarh,Patiala,600,121,479,57,Weekday,No,2024-10-25,low
TR9799,Chandigarh,Jammu,600,107,493,3,Weekday,No,2025-06-17,low
TR9800,Chandigarh,Srinagar,600,181,419,38,Weekday,No,2025-03-10,low
TR9801,Chandigarh,Raipur,600,250,350,36,Weekend,No,2024-11-30,medium
TR9802,Chandigarh,Bilaspur,600,163,437,3,Weekday,No,2024-11-14,low
TR9803,Chandigarh,Durg,600,167,433,8,Weekday,No,2024-10-23,low
TR9804,Chandigarh,Jabalpur,600,231,369,26,Weekday,No,2025-02-27,low
TR9805,Chandigarh,Gwalior,600,211,389,41,Weekday,No,2024-05-10,low
TR9806,Chandigarh,Ujjain,600,189,411,13,Weekday,No,2025-01-13,low
TR9807,Chandigarh,Rewa,600,141,459,26,Weekday,No,2024-05-30,low
TR9808,Chandigarh,Dhanbad,600,191,409,29,Weekday,No,2025-05-12,low
TR9809,Chandigarh,Asansol,600,104,496,42,Weekday,No,2025-09-24,low
TR9810,Chandigarh,Jamshedpur,600,139,461,14,Weekday,No,2025-01-06,low
TR9811,Chandigarh,Tatanagar,600,238,362,41,Weekday,Yes,2024-10-10,low
TR9812,Chandigarh,Gaya,600,231,369,49,Weekday,No,2025-11-18,low
TR9813,Chandigarh,Muzaffarpur,600,190,410,34,Weekend,No,2025-04-27,low
TR9814,Chandigarh,Bhagalpur,600,90,510,43,Weekday,No,2024-11-08,low
TR9815,Chandigarh,Siliguri,600,111,489,10,Weekday,No,2024-01-22,low
TR9816,Chandigarh,New Jalpaiguri,600,136,464,54,Weekday,Yes,2024-01-12,low
TR9817,Chandigarh,Durgapur,600,161,439,18,Weekday,No,2024-06-10,low
TR9818,Chandigarh,Howrah,600,109,491,11,Weekday,Yes,2024-06-21,low
TR9819,Chandigarh,Malda,600,157,443,32,Weekday,No,2025-06-11,low
TR9820,Chandigarh,Panaji,600,254,346,23,Weekday,Yes,2024-12-31,medium
TR9821,Jammu,Delhi,600,188,412,27,Weekday,No,2025-12-31,low
TR9822,Jammu,New Delhi,600,179,421,48,Weekday,No,2025-01-30,low
TR9823,Jammu,Mumbai,600,120,480,32,Weekday,No,2025-10-22,low
TR9824,Jammu,Chennai,600,90,510,22,Weekday,Yes,2025-02-07,low
TR9825,Jammu,Kolkata,600,110,490,48,Weekday,No,2024-09-18,low
TR9826,Jammu,Bangalore,600,90,510,22,Weekday,No,2025-06-06,low
TR9827,Jammu,Hyderabad,600,173,427,57,Weekend,No,2024-11-24,low
TR9828,Jammu,Pune,600,187,413,59,Weekday,No,2024-07-19,low
TR9829,Jammu,Ahmedabad,600,123,477,28,Weekday,No,2024-12-11,low
TR9830,Jammu,Jaipur,600,176,424,46,Weekday,No,2025-05-01,low
TR9831,Jammu,Surat,600,239,361,42,Weekday,No,2024-10-01,low
TR9832,Jammu,Lucknow,600,263,337,51,Weekday,No,2025-05-29,medium
TR9833,Jammu,Kanpur,600,206,394,27,Weekday,No,2025-12-17,low
TR9834,Jammu,Nagpur,600,161,439,24,Weekend,Yes,2024-10-27,low
TR9835,Jammu,Indore,600,204,396,16,Weekend,No,2024-08-03,low
TR9836,Jammu,Bhopal,600,234,366,35,Weekend,No,2024-10-20,low
TR9837,Jammu,Patna,600,90,510,36,Weekday,No,2025-09-04,low
TR9838,Jammu,Ranchi,600,240,360,27,Weekday,No,2024-05-10,medium
TR9839,Jammu,Bhubaneswar,600,143,457,18,Weekday,No,2025-12-12,low
TR9840,Jammu,Cuttack,600,143,457,27,Weekday,No,2024-10-29,low
TR9841,Jammu,Puri,600,152,448,30,Weekend,No,2025-09-07,low
TR9842,Jammu,Rourkela,600,184,416,7,Weekday,No,2025-07-29,low
TR9843,Jammu,Sambalpur,600,116,484,39,Weekend,No,2025-07-26,low
TR9844,Jammu,Guwahati,600,155,445,50,Weekend,Yes,2025-10-26,low
TR9845,Jammu,Dibrugarh,600,194,406,19,Weekday,No,2024-05-15,low
TR9846,Jammu,Agartala,600,179,421,23,Weekend,No,2025-03-09,low
TR9847,Jammu,Silchar,600,187,413,5,Weekday,Yes,2024-03-13,low
TR9848,Jammu,Visakhapatnam,600,153,447,34,Weekday,No,2024-08-06,low
TR9849,Jammu,Vijayawada,600,202,398,25,Weekday,No,2024-01-30,low
TR9850,Jammu,Guntur,600,220,380,51,Weekday,No,2025-05-13,low
TR9851,Jammu,Tirupati,600,217,383,54,Weekday,No,2025-03-20,low
TR9852,Jammu,Rajahmundry,600,189,411,46,Weekday,No,2025-06-25,low
TR9853,Jammu,Warangal,600,214,386,12,Weekday,No,2024-05-08,low
TR9854,Jammu,Nizamabad,600,211,389,11,Weekday,No,2024-08-30,low
TR9855,Jammu,Coimbatore,600,297,303,29,Weekday,No,2025-05-09,medium
TR9856,Jammu,Madurai,600,227,373,37,Weekday,No,2025-08-27,low
TR9857,Jammu,Trichy,600,165,435,1,Weekday,No,2025-10-09,low
TR9858,Jammu,Salem,600,125,475,29,Weekday,No,2024-02-23,low
TR9859,Jammu,Erode,600,156,444,5,Weekday,Yes,2024-10-21,low
TR9860,Jammu,Tirunelveli,600,153,447,15,Weekday,No,2024-01-08,low
TR9861,Jammu,Thoothukudi,600,193,407,21,Weekday,No,2025-08-21,low
TR9862,Jammu,Vellore,600,135,465,2,Weekend,No,2024-03-30,low
TR9863,Jammu,Kochi,600,226,374,15,Weekend,No,2025-08-23,low
TR9864,Jammu,Thiruvananthapuram,600,102,498,37,Weekday,No,2024-04-24,low
TR9865,Jammu,Kozhikode,600,91,509,59,Weekday,No,2024-01-12,low
TR9866,Jammu,Thrissur,600,162,438,46,Weekend,No,2025-10-04,low
TR9867,Jammu,Kollam,600,129,471,18,Weekend,No,2024-11-16,low
TR9868,Jammu,Mysore,600,109,491,56,Weekday,No,2024-11-06,low
TR9869,Jammu,Mangalore,600,138,462,26,Weekday,No,2025-04-17,low
TR9870,Jammu,Hubli,600,132,468,21,Weekday,No,2024-07-19,low
TR9871,Jammu,Belgaum,600,169,431,50,Weekday,Yes,2025-05-19,low
TR9872,Jammu,Davangere,600,139,461,23,Weekend,Yes,2024-11-09,low
TR9873,Jammu,Vadodara,600,143,457,44,Weekday,No,2024-07-18,low
TR9874,Jammu,Rajkot,600,169,431,9,Weekday,No,2024-10-15,low
TR9875,Jammu,Jamnagar,600,218,382,19,Weekday,No,2024-01-05,low
TR9876,Jammu,Bhavnagar,600,240,360,59,Weekday,No,2024-08-08,low
TR9877,Jammu,Gandhinagar,600,176,424,14,Weekend,No,2025-03-08,low
TR9878,Jammu,Nashik,600,180,420,50,Weekday,Yes,2024-04-10,low
TR9879,Jammu,Aurangabad,600,160,440,27,Weekday,No,2024-03-27,low
TR9880,Jammu,Kolhapur,600,192,408,57,Weekday,No,2025-04-24,low
TR9881,Jammu,Solapur,600,188,412,24,Weekend,No,2024-11-09,low
TR9882,Jammu,Thane,600,233,367,29,Weekday,No,2024-04-09,low
TR9883,Jammu,Navi Mumbai,600,90,510,23,Weekday,Yes,2025-06-30,low
TR9884,Jammu,Amravati,600,158,442,12,Weekend,No,2025-07-20,low
TR9885,Jammu,Jodhpur,600,185,415,50,Weekday,No,2024-01-26,low
TR9886,Jammu,Udaipur,600,168,432,34,Weekday,Yes,2024-05-27,low
TR9887,Jammu,Ajmer,600,124,476,30,Weekday,No,2024-09-27,low
TR9888,Jammu,Kota,600,107,493,22,Weekday,No,2025-06-18,low
TR9889,Jammu,Bikaner,600,208,392,46,Weekend,No,2024-02-24,low
TR9890,Jammu,Alwar,600,133,467,20,Weekday,No,2025-08-11,low
TR9891,Jammu,Varanasi,600,90,510,14,Weekday,No,2024-08-21,low
TR9892,Jammu,Prayagraj,600,210,390,4,Weekday,No,2024-04-01,low
TR9893,Jammu,Agra,600,191,409,52,Weekday,No,2025-09-23,low
TR9894,Jammu,Meerut,600,163,437,4,Weekday,No,2024-03-04,low
TR9895,Jammu,Bareilly,600,125,475,50,Weekday,No,2024-04-04,low
TR9896,Jammu,Gorakhpur,600,164,436,22,Weekday,No,2025-11-25,low
TR9897,Jammu,Mathura,600,227,373,0,Weekday,No,2025-01-14,low
TR9898,Jammu,Dehradun,600,91,509,55,Weekday,No,2024-12-04,low
TR9899,Jammu,Haridwar,600,94,506,44,Weekend,No,2025-05-17,low
TR9900,Jammu,Amritsar,600,139,461,43,Weekend,No,2025-04-05,low
TR9901,Jammu,Ludhiana,600,168,432,32,Weekday,No,2025-03-24,low
TR9902,Jammu,Jalandhar,600,145,455,45,Weekday,Yes,2024-01-18,low
TR9903,Jammu,Patiala,600,200,400,7,Weekday,No,2025-02-07,low
TR9904,Jammu,Chandigarh,600,221,379,14,Weekday,No,2024-07-22,low
TR9905,Jammu,Srinagar,600,182,418,32,Weekday,No,2025-08-13,low
TR9906,Jammu,Raipur,600,196,404,44,Weekend,No,2025-01-04,low
TR9907,Jammu,Bilaspur,600,182,418,35,Weekend,Yes,2024-03-31,low
TR9908,Jammu,Durg,600,169,431,24,Weekday,No,2025-10-09,low
TR9909,Jammu,Jabalpur,600,107,493,40,Weekday,No,2024-07-26,low
TR9910,Jammu,Gwalior,600,120,480,3,Weekday,No,2024-07-17,low
TR9911,Jammu,Ujjain,600,104,496,30,Weekend,Yes,2025-11-15,low
TR9912,Jammu,Rewa,600,162,438,23,Weekend,No,2025-07-20,low
TR9913,Jammu,Dhanbad,600,180,420,29,Weekend,No,2025-09-20,low
TR9914,Jammu,Asansol,600,99,501,7,Weekday,No,2025-04-29,low
TR9915,Jammu,Jamshedpur,600,172,428,54,Weekday,Yes,2025-10-27,low
TR9916,Jammu,Tatanagar,600,127,473,51,Weekday,No,2024-03-25,low
TR9917,Jammu,Gaya,600,118,482,56,Weekday,Yes,2025-03-14,low
TR9918,Jammu,Muzaffarpur,600,139,461,50,Weekday,No,2024-08-02,low
TR9919,Jammu,Bhagalpur,600,115,485,39,Weekday,No,2024-10-18,low
TR9920,Jammu,Siliguri,600,198,402,17,Weekend,No,2024-06-22,low
TR9921,Jammu,New Jalpaiguri,600,161,439,6,Weekday,No,2024-05-29,low
TR9922,Jammu,Durgapur,600,208,392,36,Weekday,No,2024-11-19,low
TR9923,Jammu,Howrah,600,148,452,56,Weekend,No,2025-11-02,low
TR9924,Jammu,Malda,600,149,451,21,Weekday,No,2025-04-09,low
TR9925,Jammu,Panaji,600,259,341,59,Weekday,No,2024-09-12,medium
TR9926,Srinagar,Delhi,600,91,509,9,Weekday,No,2024-11-12,low
TR9927,Srinagar,New Delhi,600,231,369,16,Weekday,No,2025-01-22,low
TR9928,Srinagar,Mumbai,600,248,352,38,Weekday,No,2024-06-27,medium
TR9929,Srinagar,Chennai,600,206,394,29,Weekday,No,2025-01-16,low
TR9930,Srinagar,Kolkata,600,153,447,45,Weekday,No,2025-05-23,low
TR9931,Srinagar,Bangalore,600,237,363,20,Weekday,No,2024-06-26,low
TR9932,Srinagar,Hyderabad,600,154,446,46,Weekday,Yes,2025-03-03,low
TR9933,Srinagar,Pune,600,135,465,18,Weekend,No,2025-06-01,low
TR9934,Srinagar,Ahmedabad,600,150,450,8,Weekday,No,2025-01-14,low
TR9935,Srinagar,Jaipur,600,142,458,34,Weekday,No,2024-08-01,low
TR9936,Srinagar,Surat,600,124,476,30,Weekend,Yes,2025-02-09,low
TR9937,Srinagar,Lucknow,600,222,378,34,Weekend,No,2025-08-02,low
TR9938,Srinagar,Kanpur,600,132,468,1,Weekday,No,2024-06-11,low
TR9939,Srinagar,Nagpur,600,168,432,24,Weekday,No,2025-02-24,low
TR9940,Srinagar,Indore,600,100,500,5,Weekday,No,2025-05-12,low
TR9941,Srinagar,Bhopal,600,170,430,48,Weekday,No,2024-08-23,low
TR9942,Srinagar,Patna,600,113,487,4,Weekday,Yes,2024-10-10,low
TR9943,Srinagar,Ranchi,600,112,488,55,Weekend,No,2025-10-11,low
TR9944,Srinagar,Bhubaneswar,600,164,436,3,Weekend,No,2024-09-22,low
TR9945,Srinagar,Cuttack,600,220,380,36,Weekday,No,2025-03-13,low
TR9946,Srinagar,Puri,600,190,410,20,Weekday,No,2024-04-19,low
TR9947,Srinagar,Rourkela,600,193,407,6,Weekday,No,2025-11-07,low
TR9948,Srinagar,Sambalpur,600,163,437,21,Weekday,Yes,2025-03-12,low
TR9949,Srinagar,Guwahati,600,153,447,2,Weekday,No,2025-07-09,low
TR9950,Srinagar,Dibrugarh,600,207,393,41,Weekend,No,2025-03-16,low
TR9951,Srinagar,Agartala,600,142,458,52,Weekday,No,2024-09-16,low
TR9952,Srinagar,Silchar,600,209,391,19,Weekday,No,2024-09-05,low
TR9953,Srinagar,Visakhapatnam,600,228,372,26,Weekday,No,2025-05-27,low
TR9954,Srinagar,Vijayawada,600,129,471,8,Weekend,Yes,2025-09-20,low
TR9955,Srinagar,Guntur,600,136,464,28,Weekday,No,2024-04-03,low
TR9956,Srinagar,Tirupati,600,143,457,56,Weekday,No,2025-09-10,low
TR9957,Srinagar,Rajahmundry,600,99,501,32,Weekday,No,2025-08-29,low
TR9958,Srinagar,Warangal,600,146,454,52,Weekday,No,2024-03-20,low
TR9959,Srinagar,Nizamabad,600,231,369,46,Weekday,No,2024-03-20,low
TR9960,Srinagar,Coimbatore,600,119,481,7,Weekday,No,2025-05-23,low
TR9961,Srinagar,Madurai,600,233,367,3,Weekday,No,2025-09-08,low
TR9962,Srinagar,Trichy,600,148,452,21,Weekday,Yes,2024-10-14,low
TR9963,Srinagar,Salem,600,270,330,56,Weekend,No,2025-04-13,medium
TR9964,Srinagar,Erode,600,136,464,10,Weekday,No,2025-12-31,low
TR9965,Srinagar,Tirunelveli,600,162,438,2,Weekday,No,2024-08-23,low
TR9966,Srinagar,Thoothukudi,600,125,475,57,Weekday,No,2024-06-13,low
TR9967,Srinagar,Vellore,600,136,464,11,Weekday,No,2025-12-25,low
TR9968,Srinagar,Kochi,600,233,367,21,Weekday,No,2024-07-24,low
TR9969,Srinagar,Thiruvananthapuram,600,192,408,46,Weekday,No,2024-12-11,low
TR9970,Srinagar,Kozhikode,600,218,382,5,Weekday,No,2024-11-19,low
TR9971,Srinagar,Thrissur,600,106,494,10,Weekday,No,2025-01-17,low
TR9972,Srinagar,Kollam,600,200,400,43,Weekday,No,2024-07-15,low
TR9973,Srinagar,Mysore,600,122,478,0,Weekend,No,2025-05-11,low
TR9974,Srinagar,Mangalore,600,105,495,42,Weekday,No,2025-05-20,low
TR9975,Srinagar,Hubli,600,180,420,32,Weekend,No,2024-05-26,low
TR9976,Srinagar,Belgaum,600,180,420,14,Weekday,No,2024-12-17,low
TR9977,Srinagar,Davangere,600,172,428,36,Weekend,No,2024-02-11,low
TR9978,Srinagar,Vadodara,600,203,397,19,Weekday,No,2024-06-10,low
TR9979,Srinagar,Rajkot,600,211,389,56,Weekday,No,2025-12-22,low
TR9980,Srinagar,Jamnagar,600,239,361,24,Weekend,No,2025-01-05,low
TR9981,Srinagar,Bhavnagar,600,112,488,44,Weekday,No,2025-03-31,low
TR9982,Srinagar,Gandhinagar,600,241,359,16,Weekend,No,2025-10-11,medium
TR9983,Srinagar,Nashik,600,259,341,50,Weekday,No,2025-06-05,medium
TR9984,Srinagar,Aurangabad,600,151,449,17,Weekend,No,2025-08-02,low
TR9985,Srinagar,Kolhapur,600,90,510,30,Weekday,No,2025-06-04,low
TR9986,Srinagar,Solapur,600,103,497,48,Weekday,No,2024-12-30,low
TR9987,Srinagar,Thane,600,147,453,55,Weekday,No,2025-04-07,low
TR9988,Srinagar,Navi Mumbai,600,266,334,45,Weekday,Yes,2024-07-29,medium
TR9989,Srinagar,Amravati,600,170,430,40,Weekend,No,2025-10-12,low
TR9990,Srinagar,Jodhpur,600,139,461,41,Weekend,No,2024-05-11,low
TR9991,Srinagar,Udaipur,600,136,464,24,Weekday,No,2025-10-08,low
TR9992,Srinagar,Ajmer,600,105,495,41,Weekend,Yes,2025-10-04,low
TR9993,Srinagar,Kota,600,211,389,34,Weekend,No,2024-04-14,low
TR9994,Srinagar,Bikaner,600,165,435,31,Weekday,No,2025-06-03,low
TR9995,Srinagar,Alwar,600,270,330,18,Weekday,Yes,2025-12-24,medium
TR9996,Srinagar,Varanasi,600,199,401,21,Weekend,No,2025-02-22,low
TR9997,Srinagar,Prayagraj,600,209,391,7,Weekday,No,2024-09-05,low
TR9998,Srinagar,Agra,600,157,443,43,Weekend,No,2025-10-04,low
TR9999,Srinagar,Meerut,600,117,483,1,Weekday,No,2025-01-09,low
TR10000,Srinagar,Bareilly,600,127,473,6,Weekday,No,2024-03-29,low
TR10001,Srinagar,Gorakhpur,600,103,497,17,Weekday,No,2024-07-01,low
TR10002,Srinagar,Mathura,600,213,387,8,Weekday,No,2025-05-13,low
TR10003,Srinagar,Dehradun,600,150,450,44,Weekday,No,2024-11-28,low
TR10004,Srinagar,Haridwar,600,215,385,7,Weekday,No,2024-06-07,low
TR10005,Srinagar,Amritsar,600,175,425,27,Weekday,No,2025-08-07,low
TR10006,Srinagar,Ludhiana,600,155,445,43,Weekday,No,2024-03-29,low
TR10007,Srinagar,Jalandhar,600,113,487,35,Weekend,No,2024-06-09,low
TR10008,Srinagar,Patiala,600,183,417,35,Weekday,No,2024-12-06,low
TR10009,Srinagar,Chandigarh,600,158,442,20,Weekday,No,2024-01-29,low
TR10010,Srinagar,Jammu,600,212,388,27,Weekday,No,2024-10-10,low
TR10011,Srinagar,Raipur,600,135,465,46,Weekday,No,2025-10-27,low
TR10012,Srinagar,Bilaspur,600,199,401,28,Weekday,No,2025-11-18,low
TR10013,Srinagar,Durg,600,248,352,41,Weekday,Yes,2025-09-29,medium
TR10014,Srinagar,Jabalpur,600,182,418,49,Weekend,No,2024-08-24,low
TR10015,Srinagar,Gwalior,600,207,393,14,Weekend,Yes,2024-02-17,low
TR10016,Srinagar,Ujjain,600,196,404,7,Weekday,No,2025-08-18,low
TR10017,Srinagar,Rewa,600,260,340,27,Weekend,No,2024-09-29,medium
TR10018,Srinagar,Dhanbad,600,187,413,22,Weekday,No,2025-07-01,low
TR10019,Srinagar,Asansol,600,203,397,8,Weekday,No,2024-03-28,low
TR10020,Srinagar,Jamshedpur,600,167,433,45,Weekend,No,2025-05-03,low
TR10021,Srinagar,Tatanagar,600,132,468,37,Weekday,No,2025-03-04,low
TR10022,Srinagar,Gaya,600,111,489,39,Weekday,Yes,2025-11-03,low
TR10023,Srinagar,Muzaffarpur,600,230,370,42,Weekday,No,2024-03-15,low
TR10024,Srinagar,Bhagalpur,600,121,479,26,Weekday,No,2024-10-25,low
TR10025,Srinagar,Siliguri,600,205,395,30,Weekday,No,2025-12-24,low
TR10026,Srinagar,New Jalpaiguri,600,189,411,13,Weekday,No,2024-10-11,low
TR10027,Srinagar,Durgapur,600,213,387,43,Weekend,No,2025-04-26,low
TR10028,Srinagar,Howrah,600,144,456,56,Weekend,Yes,2024-04-27,low
TR10029,Srinagar,Malda,600,131,469,52,Weekday,No,2025-06-16,low
TR10030,Srinagar,Panaji,600,187,413,24,Weekend,Yes,2024-07-20,low
TR10031,Raipur,Delhi,600,155,445,2,Weekend,Yes,2025-02-22,low
TR10032,Raipur,New Delhi,600,110,490,52,Weekend,No,2025-10-05,low
TR10033,Raipur,Mumbai,600,262,338,34,Weekday,No,2025-04-28,medium
TR10034,Raipur,Chennai,600,131,469,46,Weekday,No,2024-12-12,low
TR10035,Raipur,Kolkata,600,121,479,18,Weekend,No,2024-05-18,low
TR10036,Raipur,Bangalore,600,157,443,51,Weekday,Yes,2024-09-06,low
TR10037,Raipur,Hyderabad,600,229,371,50,Weekday,No,2025-09-12,low
TR10038,Raipur,Pune,600,90,510,1,Weekday,No,2024-06-06,low
TR10039,Raipur,Ahmedabad,600,225,375,33,Weekday,No,2025-04-24,low
TR10040,Raipur,Jaipur,600,125,475,28,Weekday,No,2024-12-20,low
TR10041,Raipur,Surat,600,182,418,39,Weekday,No,2024-08-22,low
TR10042,Raipur,Lucknow,600,136,464,15,Weekend,No,2025-06-07,low
TR10043,Raipur,Kanpur,600,265,335,5,Weekend,Yes,2024-09-21,medium
TR10044,Raipur,Nagpur,600,175,425,16,Weekend,No,2024-07-28,low
TR10045,Raipur,Indore,600,135,465,31,Weekday,No,2025-01-21,low
TR10046,Raipur,Bhopal,600,154,446,16,Weekday,No,2025-07-07,low
TR10047,Raipur,Patna,600,173,427,27,Weekday,Yes,2025-09-23,low
TR10048,Raipur,Ranchi,600,177,423,23,Weekend,No,2025-04-05,low
TR10049,Raipur,Bhubaneswar,600,190,410,41,Weekday,No,2025-04-28,low
TR10050,Raipur,Cuttack,600,169,431,24,Weekday,No,2025-07-29,low
TR10051,Raipur,Puri,600,103,497,8,Weekday,No,2024-07-15,low
TR10052,Raipur,Rourkela,600,153,447,38,Weekday,No,2024-07-02,low
TR10053,Raipur,Sambalpur,600,198,402,12,Weekday,No,2024-12-19,low
TR10054,Raipur,Guwahati,600,137,463,18,Weekend,No,2025-04-06,low
TR10055,Raipur,Dibrugarh,600,201,399,42,Weekday,No,2025-04-17,low
TR10056,Raipur,Agartala,600,170,430,16,Weekday,No,2024-04-22,low
TR10057,Raipur,Silchar,600,158,442,3,Weekday,No,2025-07-24,low
TR10058,Raipur,Visakhapatnam,600,226,374,21,Weekend,No,2024-09-22,low
TR10059,Raipur,Vijayawada,600,90,510,23,Weekday,No,2025-10-03,low
TR10060,Raipur,Guntur,600,137,463,41,Weekday,No,2025-06-13,low
TR10061,Raipur,Tirupati,600,228,372,42,Weekday,No,2025-12-19,low
TR10062,Raipur,Rajahmundry,600,257,343,0,Weekend,Yes,2025-04-06,medium
TR10063,Raipur,Warangal,600,279,321,45,Weekday,No,2025-01-20,medium
TR10064,Raipur,Nizamabad,600,171,429,44,Weekday,No,2024-05-17,low
TR10065,Raipur,Coimbatore,600,191,409,10,Weekday,No,2024-10-18,low
TR10066,Raipur,Madurai,600,208,392,20,Weekday,Yes,2025-09-19,low
TR10067,Raipur,Trichy,600,230,370,46,Weekend,No,2024-10-06,low
TR10068,Raipur,Salem,600,184,416,34,Weekday,No,2024-02-08,low
TR10069,Raipur,Erode,600,213,387,20,Weekday,No,2024-06-28,low
TR10070,Raipur,Tirunelveli,600,191,409,45,Weekday,No,2025-03-11,low
TR10071,Raipur,Thoothukudi,600,194,406,37,Weekday,No,2025-04-04,low
TR10072,Raipur,Vellore,600,125,475,30,Weekend,No,2025-12-20,low
TR10073,Raipur,Kochi,600,153,447,0,Weekday,No,2025-11-13,low
TR10074,Raipur,Thiruvananthapuram,600,144,456,38,Weekday,No,2025-01-23,low
TR10075,Raipur,Kozhikode,600,112,488,10,Weekend,No,2025-02-09,low
TR10076,Raipur,Thrissur,600,90,510,55,Weekday,No,2025-08-08,low
TR10077,Raipur,Kollam,600,149,451,11,Weekday,Yes,2024-02-05,low
TR10078,Raipur,Mysore,600,156,444,1,Weekday,No,2025-03-11,low
TR10079,Raipur,Mangalore,600,174,426,22,Weekday,No,2024-12-12,low
TR10080,Raipur,Hubli,600,196,404,20,Weekend,Yes,2025-07-26,low
TR10081,Raipur,Belgaum,600,178,422,21,Weekday,No,2025-08-08,low
TR10082,Raipur,Davangere,600,157,443,55,Weekday,No,2025-04-24,low
TR10083,Raipur,Vadodara,600,125,475,16,Weekday,No,2025-04-25,low
TR10084,Raipur,Rajkot,600,211,389,50,Weekday,No,2025-05-20,low
TR10085,Raipur,Jamnagar,600,164,436,9,Weekday,No,2025-02-28,low
TR10086,Raipur,Bhavnagar,600,148,452,37,Weekend,No,2024-06-15,low
TR10087,Raipur,Gandhinagar,600,160,440,7,Weekday,No,2024-07-26,low
TR10088,Raipur,Nashik,600,134,466,13,Weekday,Yes,2025-06-26,low
TR10089,Raipur,Aurangabad,600,143,457,8,Weekday,No,2025-03-28,low
TR10090,Raipur,Kolhapur,600,142,458,19,Weekend,No,2024-06-22,low
TR10091,Raipur,Solapur,600,155,445,27,Weekday,No,2025-10-03,low
TR10092,Raipur,Thane,600,200,400,51,Weekday,No,2025-12-17,low
TR10093,Raipur,Navi Mumbai,600,188,412,45,Weekday,No,2025-04-02,low
TR10094,Raipur,Amravati,600,243,357,41,Weekend,Yes,2024-06-15,medium
TR10095,Raipur,Jodhpur,600,227,373,29,Weekend,No,2025-11-16,low
TR10096,Raipur,Udaipur,600,263,337,17,Weekend,No,2024-06-22,medium
TR10097,Raipur,Ajmer,600,196,404,17,Weekday,No,2024-11-12,low
TR10098,Raipur,Kota,600,195,405,7,Weekday,No,2025-09-19,low
TR10099,Raipur,Bikaner,600,146,454,39,Weekday,Yes,2025-01-15,low
TR10100,Raipur,Alwar,600,209,391,46,Weekday,Yes,2024-06-26,low
TR10101,Raipur,Varanasi,600,137,463,32,Weekday,No,2024-02-28,low
TR10102,Raipur,Prayagraj,600,98,502,34,Weekday,No,2024-09-20,low
TR10103,Raipur,Agra,600,242,358,22,Weekday,No,2025-05-06,medium
TR10104,Raipur,Meerut,600,109,491,57,Weekday,No,2025-06-06,low
TR10105,Raipur,Bareilly,600,190,410,53,Weekday,No,2024-06-11,low
TR10106,Raipur,Gorakhpur,600,127,473,24,Weekday,No,2024-04-26,low
TR10107,Raipur,Mathura,600,223,377,45,Weekday,No,2025-05-27,low
TR10108,Raipur,Dehradun,600,230,370,20,Weekday,No,2024-04-26,low
TR10109,Raipur,Haridwar,600,194,406,7,Weekday,No,2024-02-16,low
TR10110,Raipur,Amritsar,600,229,371,17,Weekend,No,2024-12-21,low
TR10111,Raipur,Ludhiana,600,169,431,50,Weekday,No,2025-02-21,low
TR10112,Raipur,Jalandhar,600,276,324,28,Weekday,Yes,2024-06-27,medium
TR10113,Raipur,Patiala,600,205,395,51,Weekday,No,2024-06-03,low
TR10114,Raipur,Chandigarh,600,126,474,19,Weekday,No,2024-06-21,low
TR10115,Raipur,Jammu,600,172,428,27,Weekend,No,2024-09-07,low
TR10116,Raipur,Srinagar,600,162,438,4,Weekend,No,2024-01-07,low
TR10117,Raipur,Bilaspur,600,157,443,46,Weekday,No,2024-01-09,low
TR10118,Raipur,Durg,600,90,510,18,Weekday,No,2024-09-27,low
TR10119,Raipur,Jabalpur,600,188,412,5,Weekday,No,2024-01-15,low
TR10120,Raipur,Gwalior,600,102,498,13,Weekday,No,2024-08-20,low
TR10121,Raipur,Ujjain,600,90,510,39,Weekday,No,2025-02-28,low
TR10122,Raipur,Rewa,600,152,448,48,Weekday,No,2024-01-23,low
TR10123,Raipur,Dhanbad,600,133,467,57,Weekday,No,2025-03-27,low
TR10124,Raipur,Asansol,600,128,472,14,Weekend,No,2025-03-30,low
TR10125,Raipur,Jamshedpur,600,90,510,35,Weekend,No,2025-02-23,low
TR10126,Raipur,Tatanagar,600,128,472,27,Weekday,No,2025-04-03,low
TR10127,Raipur,Gaya,600,161,439,42,Weekday,No,2025-08-14,low
TR10128,Raipur,Muzaffarpur,600,139,461,40,Weekday,No,2024-02-21,low
TR10129,Raipur,Bhagalpur,600,188,412,4,Weekday,No,2024-05-03,low
TR10130,Raipur,Siliguri,600,236,364,8,Weekday,No,2024-08-19,low
TR10131,Raipur,New Jalpaiguri,600,194,406,35,Weekend,No,2025-05-18,low
TR10132,Raipur,Durgapur,600,218,382,31,Weekday,No,2025-09-30,low
TR10133,Raipur,Howrah,600,222,378,53,Weekend,No,2025-11-02,low
TR10134,Raipur,Malda,600,120,480,50,Weekend,No,2025-03-01,low
TR10135,Raipur,Panaji,600,190,410,3,Weekend,No,2024-10-26,low
TR10136,Bilaspur,Delhi,600,217,383,35,Weekday,No,2024-10-28,low
TR10137,Bilaspur,New Delhi,600,148,452,24,Weekday,No,2024-02-13,low
TR10138,Bilaspur,Mumbai,600,131,469,28,Weekday,No,2024-12-05,low
TR10139,Bilaspur,Chennai,600,194,406,3,Weekday,No,2025-01-09,low
TR10140,Bilaspur,Kolkata,600,98,502,50,Weekend,No,2024-06-01,low
TR10141,Bilaspur,Bangalore,600,117,483,9,Weekday,No,2025-07-15,low
TR10142,Bilaspur,Hyderabad,600,137,463,56,Weekend,No,2025-08-16,low
TR10143,Bilaspur,Pune,600,191,409,55,Weekday,No,2024-08-08,low
TR10144,Bilaspur,Ahmedabad,600,179,421,49,Weekday,No,2025-10-30,low
TR10145,Bilaspur,Jaipur,600,219,381,7,Weekday,No,2024-03-19,low
TR10146,Bilaspur,Surat,600,125,475,24,Weekday,No,2025-10-27,low
TR10147,Bilaspur,Lucknow,600,122,478,1,Weekday,No,2025-07-15,low
TR10148,Bilaspur,Kanpur,600,194,406,36,Weekday,No,2024-06-12,low
TR10149,Bilaspur,Nagpur,600,131,469,51,Weekend,No,2025-04-20,low
TR10150,Bilaspur,Indore,600,140,460,31,Weekday,Yes,2024-08-15,low
TR10151,Bilaspur,Bhopal,600,90,510,1,Weekday,No,2025-08-07,low
TR10152,Bilaspur,Patna,600,183,417,18,Weekend,No,2024-04-27,low
TR10153,Bilaspur,Ranchi,600,243,357,10,Weekday,No,2024-06-28,medium
TR10154,Bilaspur,Bhubaneswar,600,120,480,26,Weekday,Yes,2024-08-12,low
TR10155,Bilaspur,Cuttack,600,218,382,22,Weekend,Yes,2024-05-25,low
TR10156,Bilaspur,Puri,600,166,434,49,Weekend,No,2024-08-31,low
TR10157,Bilaspur,Rourkela,600,90,510,13,Weekend,No,2025-03-16,low
TR10158,Bilaspur,Sambalpur,600,126,474,18,Weekday,No,2025-04-07,low
TR10159,Bilaspur,Guwahati,600,123,477,14,Weekend,No,2025-02-08,low
TR10160,Bilaspur,Dibrugarh,600,154,446,53,Weekend,No,2024-05-18,low
TR10161,Bilaspur,Agartala,600,189,411,17,Weekday,No,2024-05-27,low
TR10162,Bilaspur,Silchar,600,258,342,59,Weekday,No,2025-11-03,medium
TR10163,Bilaspur,Visakhapatnam,600,100,500,39,Weekday,No,2024-07-02,low
TR10164,Bilaspur,Vijayawada,600,146,454,18,Weekend,No,2024-03-16,low
TR10165,Bilaspur,Guntur,600,126,474,35,Weekday,No,2024-11-27,low
TR10166,Bilaspur,Tirupati,600,108,492,7,Weekend,No,2024-01-06,low
TR10167,Bilaspur,Rajahmundry,600,174,426,54,Weekend,No,2024-09-07,low
TR10168,Bilaspur,Warangal,600,169,431,57,Weekday,No,2025-09-16,low
TR10169,Bilaspur,Nizamabad,600,90,510,17,Weekend,No,2024-07-14,low
TR10170,Bilaspur,Coimbatore,600,170,430,10,Weekday,No,2025-05-29,low
TR10171,Bilaspur,Madurai,600,111,489,25,Weekday,No,2024-12-24,low
TR10172,Bilaspur,Trichy,600,170,430,46,Weekday,No,2024-09-16,low
TR10173,Bilaspur,Salem,600,230,370,37,Weekday,No,2025-04-28,low
TR10174,Bilaspur,Erode,600,191,409,2,Weekday,No,2025-03-11,low
TR10175,Bilaspur,Tirunelveli,600,177,423,0,Weekday,No,2024-08-20,low
TR10176,Bilaspur,Thoothukudi,600,144,456,14,Weekday,No,2024-06-12,low
TR10177,Bilaspur,Vellore,600,172,428,45,Weekend,No,2025-11-01,low
TR10178,Bilaspur,Kochi,600,196,404,15,Weekday,No,2024-05-03,low
TR10179,Bilaspur,Thiruvananthapuram,600,191,409,53,Weekday,No,2025-12-02,low
TR10180,Bilaspur,Kozhikode,600,164,436,17,Weekday,No,2024-12-10,low
TR10181,Bilaspur,Thrissur,600,179,421,53,Weekday,No,2025-12-29,low
TR10182,Bilaspur,Kollam,600,106,494,55,Weekend,Yes,2024-09-15,low
TR10183,Bilaspur,Mysore,600,134,466,43,Weekday,No,2025-02-17,low
TR10184,Bilaspur,Mangalore,600,203,397,10,Weekday,No,2025-03-25,low
TR10185,Bilaspur,Hubli,600,209,391,4,Weekday,No,2024-09-04,low
TR10186,Bilaspur,Belgaum,600,173,427,10,Weekend,Yes,2024-06-08,low
TR10187,Bilaspur,Davangere,600,240,360,37,Weekday,No,2025-01-15,low
TR10188,Bilaspur,Vadodara,600,193,407,41,Weekday,No,2025-04-29,low
TR10189,Bilaspur,Rajkot,600,158,442,59,Weekday,No,2024-07-10,low
TR10190,Bilaspur,Jamnagar,600,110,490,57,Weekday,No,2025-07-14,low
TR10191,Bilaspur,Bhavnagar,600,238,362,18,Weekend,No,2025-04-12,low
TR10192,Bilaspur,Gandhinagar,600,206,394,23,Weekday,No,2024-05-01,low
TR10193,Bilaspur,Nashik,600,255,345,46,Weekday,Yes,2025-11-17,medium
TR10194,Bilaspur,Aurangabad,600,273,327,46,Weekday,No,2024-02-02,medium
TR10195,Bilaspur,Kolhapur,600,107,493,18,Weekday,No,2025-04-22,low
TR10196,Bilaspur,Solapur,600,107,493,1,Weekend,No,2024-11-17,low
TR10197,Bilaspur,Thane,600,90,510,5,Weekday,No,2025-04-22,low
TR10198,Bilaspur,Navi Mumbai,600,213,387,49,Weekend,No,2025-07-19,low
TR10199,Bilaspur,Amravati,600,200,400,20,Weekend,No,2025-05-17,low
TR10200,Bilaspur,Jodhpur,600,174,426,43,Weekend,No,2025-04-20,low
TR10201,Bilaspur,Udaipur,600,110,490,48,Weekend,No,2025-09-06,low
TR10202,Bilaspur,Ajmer,600,165,435,53,Weekday,No,2025-05-28,low
TR10203,Bilaspur,Kota,600,178,422,29,Weekend,No,2025-08-17,low
TR10204,Bilaspur,Bikaner,600,207,393,38,Weekday,No,2024-10-21,low
TR10205,Bilaspur,Alwar,600,182,418,11,Weekday,No,2024-05-28,low
TR10206,Bilaspur,Varanasi,600,201,399,56,Weekday,No,2024-06-20,low
TR10207,Bilaspur,Prayagraj,600,163,437,52,Weekend,No,2025-03-23,low
TR10208,Bilaspur,Agra,600,226,374,23,Weekday,No,2025-01-23,low
TR10209,Bilaspur,Meerut,600,199,401,22,Weekday,Yes,2024-02-26,low
TR10210,Bilaspur,Bareilly,600,112,488,43,Weekday,No,2024-05-29,low
TR10211,Bilaspur,Gorakhpur,600,236,364,24,Weekday,No,2025-12-08,low
TR10212,Bilaspur,Mathura,600,228,372,43,Weekend,No,2025-06-14,low
TR10213,Bilaspur,Dehradun,600,191,409,5,Weekend,No,2025-07-05,low
TR10214,Bilaspur,Haridwar,600,182,418,16,Weekday,No,2024-05-23,low
TR10215,Bilaspur,Amritsar,600,249,351,46,Weekday,No,2024-02-16,medium
TR10216,Bilaspur,Ludhiana,600,91,509,55,Weekday,No,2024-07-31,low
TR10217,Bilaspur,Jalandhar,600,229,371,1,Weekday,No,2025-09-18,low
TR10218,Bilaspur,Patiala,600,146,454,46,Weekend,No,2025-01-05,low
TR10219,Bilaspur,Chandigarh,600,222,378,4,Weekend,No,2025-07-27,low
TR10220,Bilaspur,Jammu,600,175,425,51,Weekend,No,2024-12-21,low
TR10221,Bilaspur,Srinagar,600,109,491,15,Weekday,No,2024-12-24,low
TR10222,Bilaspur,Raipur,600,145,455,21,Weekend,No,2025-03-15,low
TR10223,Bilaspur,Durg,600,218,382,43,Weekday,No,2025-12-01,low
TR10224,Bilaspur,Jabalpur,600,159,441,50,Weekday,No,2024-11-15,low
TR10225,Bilaspur,Gwalior,600,139,461,24,Weekday,No,2025-03-11,low
TR10226,Bilaspur,Ujjain,600,139,461,18,Weekday,No,2025-11-03,low
TR10227,Bilaspur,Rewa,600,200,400,58,Weekend,Yes,2024-09-29,low
TR10228,Bilaspur,Dhanbad,600,253,347,57,Weekday,No,2025-09-05,medium
TR10229,Bilaspur,Asansol,600,90,510,31,Weekend,No,2025-01-26,low
TR10230,Bilaspur,Jamshedpur,600,303,297,1,Weekend,No,2025-10-04,medium
TR10231,Bilaspur,Tatanagar,600,179,421,58,Weekend,No,2024-12-07,low
TR10232,Bilaspur,Gaya,600,197,403,37,Weekend,No,2025-04-05,low
TR10233,Bilaspur,Muzaffarpur,600,148,452,33,Weekend,Yes,2024-08-24,low
TR10234,Bilaspur,Bhagalpur,600,169,431,6,Weekday,No,2025-04-09,low
TR10235,Bilaspur,Siliguri,600,178,422,59,Weekday,No,2024-08-26,low
TR10236,Bilaspur,New Jalpaiguri,600,119,481,43,Weekday,Yes,2025-03-21,low
TR10237,Bilaspur,Durgapur,600,130,470,13,Weekday,No,2025-07-30,low
TR10238,Bilaspur,Howrah,600,226,374,21,Weekday,No,2024-11-13,low
TR10239,Bilaspur,Malda,600,94,506,20,Weekend,Yes,2024-11-09,low
TR10240,Bilaspur,Panaji,600,190,410,52,Weekday,No,2024-08-23,low
TR10241,Durg,Delhi,600,151,449,28,Weekday,No,2025-06-17,low
TR10242,Durg,New Delhi,600,123,477,52,Weekend,No,2025-03-08,low
TR10243,Durg,Mumbai,600,264,336,41,Weekend,No,2025-01-12,medium
TR10244,Durg,Chennai,600,123,477,22,Weekday,No,2024-01-19,low
TR10245,Durg,Kolkata,600,115,485,24,Weekday,No,2024-03-21,low
TR10246,Durg,Bangalore,600,160,440,48,Weekend,Yes,2024-01-06,low
TR10247,Durg,Hyderabad,600,132,468,29,Weekend,No,2025-09-13,low
TR10248,Durg,Pune,600,169,431,40,Weekend,No,2025-09-14,low
TR10249,Durg,Ahmedabad,600,176,424,7,Weekday,No,2024-02-19,low
TR10250,Durg,Jaipur,600,180,420,25,Weekend,Yes,2024-02-03,low
TR10251,Durg,Surat,600,163,437,34,Weekday,No,2025-07-25,low
TR10252,Durg,Lucknow,600,135,465,20,Weekend,No,2025-01-18,low
TR10253,Durg,Kanpur,600,200,400,50,Weekday,No,2024-08-13,low
TR10254,Durg,Nagpur,600,164,436,12,Weekday,No,2025-03-25,low
TR10255,Durg,Indore,600,145,455,50,Weekday,No,2024-06-21,low
TR10256,Durg,Bhopal,600,240,360,3,Weekday,No,2024-05-24,low
TR10257,Durg,Patna,600,163,437,25,Weekday,No,2024-09-25,low
TR10258,Durg,Ranchi,600,221,379,31,Weekday,No,2025-10-16,low
TR10259,Durg,Bhubaneswar,600,228,372,15,Weekday,No,2025-07-14,low
TR10260,Durg,Cuttack,600,231,369,32,Weekend,No,2024-05-18,low
TR10261,Durg,Puri,600,202,398,54,Weekday,No,2025-02-14,low
TR10262,Durg,Rourkela,600,169,431,26,Weekday,No,2025-10-08,low
TR10263,Durg,Sambalpur,600,166,434,32,Weekday,No,2025-11-26,low
TR10264,Durg,Guwahati,600,157,443,57,Weekday,No,2025-07-11,low
TR10265,Durg,Dibrugarh,600,90,510,55,Weekday,No,2024-04-04,low
TR10266,Durg,Agartala,600,203,397,0,Weekday,No,2024-06-24,low
TR10267,Durg,Silchar,600,181,419,43,Weekend,No,2024-06-08,low
TR10268,Durg,Visakhapatnam,600,209,391,51,Weekend,No,2024-04-20,low
TR10269,Durg,Vijayawada,600,163,437,56,Weekday,No,2024-05-08,low
TR10270,Durg,Guntur,600,201,399,48,Weekday,No,2024-08-19,low
TR10271,Durg,Tirupati,600,103,497,4,Weekday,No,2025-02-10,low
TR10272,Durg,Rajahmundry,600,113,487,45,Weekday,No,2024-10-17,low
TR10273,Durg,Warangal,600,90,510,50,Weekend,Yes,2024-11-03,low
TR10274,Durg,Nizamabad,600,162,438,31,Weekday,No,2024-06-28,low
TR10275,Durg,Coimbatore,600,132,468,1,Weekend,Yes,2024-04-20,low
TR10276,Durg,Madurai,600,126,474,11,Weekday,No,2025-12-31,low
TR10277,Durg,Trichy,600,185,415,16,Weekday,No,2025-03-13,low
TR10278,Durg,Salem,600,149,451,51,Weekend,No,2024-06-16,low
TR10279,Durg,Erode,600,100,500,7,Weekday,No,2025-08-15,low
TR10280,Durg,Tirunelveli,600,291,309,44,Weekend,Yes,2025-08-30,medium
TR10281,Durg,Thoothukudi,600,167,433,10,Weekend,Yes,2025-12-07,low
TR10282,Durg,Vellore,600,117,483,49,Weekday,No,2024-04-26,low
TR10283,Durg,Kochi,600,137,463,0,Weekend,No,2025-04-12,low
TR10284,Durg,Thiruvananthapuram,600,161,439,14,Weekday,No,2025-12-17,low
TR10285,Durg,Kozhikode,600,161,439,6,Weekday,No,2025-08-12,low
TR10286,Durg,Thrissur,600,231,369,33,Weekday,No,2024-06-13,low
TR10287,Durg,Kollam,600,165,435,46,Weekday,No,2025-10-14,low
TR10288,Durg,Mysore,600,258,342,24,Weekday,No,2024-11-04,medium
TR10289,Durg,Mangalore,600,148,452,32,Weekday,No,2024-12-23,low
TR10290,Durg,Hubli,600,189,411,38,Weekday,No,2025-02-12,low
TR10291,Durg,Belgaum,600,218,382,27,Weekday,No,2025-07-17,low
TR10292,Durg,Davangere,600,226,374,45,Weekday,No,2024-03-28,low
TR10293,Durg,Vadodara,600,232,368,17,Weekday,No,2025-01-29,low
TR10294,Durg,Rajkot,600,156,444,10,Weekday,No,2025-08-20,low
TR10295,Durg,Jamnagar,600,169,431,11,Weekday,No,2025-02-04,low
TR10296,Durg,Bhavnagar,600,90,510,10,Weekday,No,2024-07-19,low
TR10297,Durg,Gandhinagar,600,160,440,2,Weekend,Yes,2024-02-11,low
TR10298,Durg,Nashik,600,221,379,2,Weekday,No,2025-02-05,low
TR10299,Durg,Aurangabad,600,212,388,3,Weekday,No,2025-05-29,low
TR10300,Durg,Kolhapur,600,165,435,9,Weekday,No,2025-02-05,low
TR10301,Durg,Solapur,600,251,349,38,Weekday,No,2025-12-16,medium
TR10302,Durg,Thane,600,151,449,14,Weekend,No,2025-03-16,low
TR10303,Durg,Navi Mumbai,600,135,465,35,Weekday,No,2025-01-06,low
TR10304,Durg,Amravati,600,146,454,4,Weekend,No,2024-02-10,low
TR10305,Durg,Jodhpur,600,115,485,48,Weekday,No,2025-02-12,low
TR10306,Durg,Udaipur,600,199,401,21,Weekday,No,2024-05-03,low
TR10307,Durg,Ajmer,600,183,417,26,Weekday,No,2025-06-13,low
TR10308,Durg,Kota,600,198,402,40,Weekend,No,2024-04-27,low
TR10309,Durg,Bikaner,600,149,451,59,Weekday,No,2025-10-24,low
TR10310,Durg,Alwar,600,166,434,47,Weekday,No,2024-08-08,low
TR10311,Durg,Varanasi,600,90,510,24,Weekday,No,2024-11-13,low
TR10312,Durg,Prayagraj,600,187,413,20,Weekday,No,2024-04-15,low
TR10313,Durg,Agra,600,174,426,20,Weekday,No,2024-06-03,low
TR10314,Durg,Meerut,600,116,484,5,Weekday,No,2025-11-04,low
TR10315,Durg,Bareilly,600,164,436,20,Weekday,No,2024-07-26,low
TR10316,Durg,Gorakhpur,600,157,443,45,Weekday,No,2025-01-09,low
TR10317,Durg,Mathura,600,254,346,16,Weekday,No,2025-12-18,medium
TR10318,Durg,Dehradun,600,118,482,23,Weekday,No,2025-03-31,low
TR10319,Durg,Haridwar,600,185,415,4,Weekday,No,2024-01-31,low
TR10320,Durg,Amritsar,600,117,483,15,Weekday,No,2024-09-18,low
TR10321,Durg,Ludhiana,600,142,458,4,Weekday,No,2024-10-09,low
TR10322,Durg,Jalandhar,600,182,418,28,Weekend,No,2024-07-20,low
TR10323,Durg,Patiala,600,159,441,17,Weekday,No,2024-06-25,low
TR10324,Durg,Chandigarh,600,169,431,58,Weekday,No,2025-01-02,low
TR10325,Durg,Jammu,600,185,415,35,Weekday,No,2024-10-02,low
TR10326,Durg,Srinagar,600,145,455,22,Weekend,Yes,2024-08-03,low
TR10327,Durg,Raipur,600,211,389,32,Weekday,No,2024-10-28,low
TR10328,Durg,Bilaspur,600,154,446,57,Weekend,No,2024-09-08,low
TR10329,Durg,Jabalpur,600,164,436,10,Weekend,No,2024-06-16,low
TR10330,Durg,Gwalior,600,186,414,15,Weekday,No,2024-11-26,low
TR10331,Durg,Ujjain,600,180,420,32,Weekday,No,2025-11-19,low
TR10332,Durg,Rewa,600,200,400,6,Weekend,No,2025-01-04,low
TR10333,Durg,Dhanbad,600,184,416,31,Weekday,No,2025-03-12,low
TR10334,Durg,Asansol,600,191,409,9,Weekend,No,2025-12-20,low
TR10335,Durg,Jamshedpur,600,153,447,51,Weekday,No,2025-03-24,low
TR10336,Durg,Tatanagar,600,118,482,46,Weekday,No,2024-06-12,low
TR10337,Durg,Gaya,600,100,500,2,Weekday,No,2024-10-18,low
TR10338,Durg,Muzaffarpur,600,90,510,32,Weekend,Yes,2024-12-22,low
TR10339,Durg,Bhagalpur,600,254,346,12,Weekday,No,2024-12-13,medium
TR10340,Durg,Siliguri,600,90,510,34,Weekday,No,2024-04-19,low
TR10341,Durg,New Jalpaiguri,600,226,374,32,Weekday,No,2024-03-18,low
TR10342,Durg,Durgapur,600,130,470,58,Weekday,No,2024-09-12,low
TR10343,Durg,Howrah,600,226,374,10,Weekday,No,2025-10-30,low
TR10344,Durg,Malda,600,90,510,30,Weekend,No,2025-06-08,low
TR10345,Durg,Panaji,600,158,442,57,Weekend,No,2025-09-07,low
TR10346,Jabalpur,Delhi,600,239,361,7,Weekday,No,2024-05-07,low
TR10347,Jabalpur,New Delhi,600,203,397,15,Weekday,No,2024-10-29,low
TR10348,Jabalpur,Mumbai,600,153,447,43,Weekday,No,2025-02-28,low
TR10349,Jabalpur,Chennai,600,90,510,6,Weekday,No,2024-11-13,low
TR10350,Jabalpur,Kolkata,600,105,495,12,Weekday,No,2024-10-31,low
TR10351,Jabalpur,Bangalore,600,236,364,57,Weekday,No,2024-09-20,low
TR10352,Jabalpur,Hyderabad,600,152,448,34,Weekday,No,2024-02-07,low
TR10353,Jabalpur,Pune,600,165,435,3,Weekday,No,2025-09-18,low
TR10354,Jabalpur,Ahmedabad,600,183,417,51,Weekday,No,2025-11-13,low
TR10355,Jabalpur,Jaipur,600,106,494,31,Weekday,No,2024-02-29,low
TR10356,Jabalpur,Surat,600,188,412,28,Weekday,No,2024-10-29,low
TR10357,Jabalpur,Lucknow,600,149,451,59,Weekday,No,2025-01-13,low
TR10358,Jabalpur,Kanpur,600,183,417,18,Weekend,No,2025-07-27,low
TR10359,Jabalpur,Nagpur,600,141,459,22,Weekday,No,2025-12-22,low
TR10360,Jabalpur,Indore,600,93,507,34,Weekday,No,2024-10-31,low
TR10361,Jabalpur,Bhopal,600,148,452,14,Weekday,No,2025-07-01,low
TR10362,Jabalpur,Patna,600,200,400,7,Weekend,Yes,2025-11-16,low
TR10363,Jabalpur,Ranchi,600,188,412,8,Weekday,No,2025-08-29,low
TR10364,Jabalpur,Bhubaneswar,600,170,430,18,Weekday,No,2024-07-31,low
TR10365,Jabalpur,Cuttack,600,212,388,4,Weekday,No,2025-08-20,low
TR10366,Jabalpur,Puri,600,159,441,30,Weekday,No,2024-10-28,low
TR10367,Jabalpur,Rourkela,600,172,428,59,Weekend,No,2024-01-13,low
TR10368,Jabalpur,Sambalpur,600,146,454,15,Weekday,Yes,2025-07-08,low
TR10369,Jabalpur,Guwahati,600,215,385,2,Weekday,No,2025-09-02,low
TR10370,Jabalpur,Dibrugarh,600,183,417,2,Weekend,No,2024-09-08,low
TR10371,Jabalpur,Agartala,600,142,458,9,Weekday,No,2024-11-25,low
TR10372,Jabalpur,Silchar,600,97,503,35,Weekday,No,2024-09-23,low
TR10373,Jabalpur,Visakhapatnam,600,222,378,28,Weekday,Yes,2024-03-26,low
TR10374,Jabalpur,Vijayawada,600,133,467,24,Weekend,No,2025-12-28,low
TR10375,Jabalpur,Guntur,600,172,428,45,Weekday,No,2024-01-17,low
TR10376,Jabalpur,Tirupati,600,282,318,23,Weekday,No,2025-02-10,medium
TR10377,Jabalpur,Rajahmundry,600,207,393,36,Weekday,No,2024-01-11,low
TR10378,Jabalpur,Warangal,600,246,354,59,Weekend,No,2025-05-18,medium
TR10379,Jabalpur,Nizamabad,600,143,457,10,Weekday,Yes,2025-10-20,low
TR10380,Jabalpur,Coimbatore,600,220,380,6,Weekday,No,2025-04-15,low
TR10381,Jabalpur,Madurai,600,170,430,13,Weekday,No,2025-03-19,low
TR10382,Jabalpur,Trichy,600,187,413,9,Weekday,No,2025-08-28,low
TR10383,Jabalpur,Salem,600,266,334,49,Weekend,No,2025-12-13,medium
TR10384,Jabalpur,Erode,600,156,444,52,Weekend,Yes,2025-09-21,low
TR10385,Jabalpur,Tirunelveli,600,170,430,33,Weekday,No,2024-06-18,low
TR10386,Jabalpur,Thoothukudi,600,126,474,7,Weekend,No,2025-02-15,low
TR10387,Jabalpur,Vellore,600,212,388,51,Weekday,No,2025-08-21,low
TR10388,Jabalpur,Kochi,600,142,458,55,Weekend,No,2024-08-03,low
TR10389,Jabalpur,Thiruvananthapuram,600,218,382,24,Weekday,No,2025-05-08,low
TR10390,Jabalpur,Kozhikode,600,90,510,40,Weekday,No,2024-01-17,low
TR10391,Jabalpur,Thrissur,600,195,405,36,Weekday,No,2025-10-03,low
TR10392,Jabalpur,Kollam,600,138,462,31,Weekday,No,2025-03-25,low
TR10393,Jabalpur,Mysore,600,204,396,21,Weekday,No,2025-06-27,low
TR10394,Jabalpur,Mangalore,600,168,432,16,Weekday,No,2025-08-26,low
TR10395,Jabalpur,Hubli,600,143,457,16,Weekend,No,2024-06-08,low
TR10396,Jabalpur,Belgaum,600,150,450,21,Weekday,No,2024-11-25,low
TR10397,Jabalpur,Davangere,600,128,472,45,Weekday,No,2025-09-19,low
TR10398,Jabalpur,Vadodara,600,209,391,49,Weekday,No,2024-04-30,low
TR10399,Jabalpur,Rajkot,600,119,481,6,Weekend,No,2025-08-24,low
TR10400,Jabalpur,Jamnagar,600,156,444,3,Weekday,No,2024-07-29,low
TR10401,Jabalpur,Bhavnagar,600,186,414,28,Weekday,No,2025-02-24,low
TR10402,Jabalpur,Gandhinagar,600,246,354,46,Weekday,No,2025-01-07,medium
TR10403,Jabalpur,Nashik,600,169,431,33,Weekday,Yes,2025-05-16,low
TR10404,Jabalpur,Aurangabad,600,157,443,49,Weekday,No,2025-09-03,low
TR10405,Jabalpur,Kolhapur,600,182,418,42,Weekday,No,2024-09-12,low
TR10406,Jabalpur,Solapur,600,90,510,42,Weekend,No,2024-05-05,low
TR10407,Jabalpur,Thane,600,111,489,32,Weekday,No,2024-11-05,low
TR10408,Jabalpur,Navi Mumbai,600,151,449,3,Weekend,No,2025-03-23,low
TR10409,Jabalpur,Amravati,600,135,465,10,Weekday,No,2025-07-02,low
TR10410,Jabalpur,Jodhpur,600,92,508,44,Weekday,No,2025-07-04,low
TR10411,Jabalpur,Udaipur,600,210,390,18,Weekday,No,2024-09-05,low
TR10412,Jabalpur,Ajmer,600,181,419,43,Weekend,No,2025-11-15,low
TR10413,Jabalpur,Kota,600,176,424,20,Weekday,No,2024-03-01,low
TR10414,Jabalpur,Bikaner,600,136,464,0,Weekday,No,2024-03-26,low
TR10415,Jabalpur,Alwar,600,173,427,40,Weekday,No,2024-01-19,low
TR10416,Jabalpur,Varanasi,600,194,406,53,Weekend,No,2025-11-08,low
TR10417,Jabalpur,Prayagraj,600,156,444,26,Weekend,No,2024-05-11,low
TR10418,Jabalpur,Agra,600,190,410,7,Weekend,Yes,2025-03-15,low
TR10419,Jabalpur,Meerut,600,131,469,24,Weekend,No,2025-08-17,low
TR10420,Jabalpur,Bareilly,600,174,426,57,Weekday,No,2025-07-14,low
TR10421,Jabalpur,Gorakhpur,600,224,376,19,Weekday,No,2025-11-24,low
TR10422,Jabalpur,Mathura,600,228,372,4,Weekday,No,2024-02-09,low
TR10423,Jabalpur,Dehradun,600,233,367,46,Weekday,No,2024-10-24,low
TR10424,Jabalpur,Haridwar,600,183,417,14,Weekend,Yes,2025-01-04,low
TR10425,Jabalpur,Amritsar,600,170,430,2,Weekday,No,2025-05-23,low
TR10426,Jabalpur,Ludhiana,600,147,453,41,Weekday,No,2025-03-31,low
TR10427,Jabalpur,Jalandhar,600,90,510,20,Weekday,No,2025-02-13,low
TR10428,Jabalpur,Patiala,600,104,496,8,Weekday,No,2024-08-12,low
TR10429,Jabalpur,Chandigarh,600,161,439,3,Weekday,No,2024-03-18,low
TR10430,Jabalpur,Jammu,600,164,436,11,Weekday,No,2024-11-11,low
TR10431,Jabalpur,Srinagar,600,237,363,8,Weekday,No,2024-07-08,low
TR10432,Jabalpur,Raipur,600,232,368,0,Weekend,No,2025-02-09,low
TR10433,Jabalpur,Bilaspur,600,136,464,22,Weekday,No,2025-08-05,low
TR10434,Jabalpur,Durg,600,208,392,49,Weekday,Yes,2025-02-07,low
TR10435,Jabalpur,Gwalior,600,146,454,23,Weekend,No,2025-03-02,low
TR10436,Jabalpur,Ujjain,600,202,398,2,Weekday,No,2024-01-31,low
TR10437,Jabalpur,Rewa,600,208,392,52,Weekday,No,2025-04-16,low
TR10438,Jabalpur,Dhanbad,600,229,371,37,Weekend,No,2024-11-17,low
TR10439,Jabalpur,Asansol,600,145,455,57,Weekend,Yes,2024-03-31,low
TR10440,Jabalpur,Jamshedpur,600,218,382,34,Weekday,No,2024-06-05,low
TR10441,Jabalpur,Tatanagar,600,90,510,28,Weekday,No,2025-07-24,low
TR10442,Jabalpur,Gaya,600,231,369,30,Weekend,No,2025-11-01,low
TR10443,Jabalpur,Muzaffarpur,600,168,432,0,Weekday,No,2025-01-06,low
TR10444,Jabalpur,Bhagalpur,600,169,431,22,Weekend,No,2025-12-14,low
TR10445,Jabalpur,Siliguri,600,90,510,26,Weekend,No,2024-05-11,low
TR10446,Jabalpur,New Jalpaiguri,600,150,450,17,Weekday,No,2024-08-07,low
TR10447,Jabalpur,Durgapur,600,234,366,50,Weekday,No,2025-11-10,low
TR10448,Jabalpur,Howrah,600,148,452,57,Weekday,No,2024-05-08,low
TR10449,Jabalpur,Malda,600,203,397,28,Weekend,No,2025-04-27,low
TR10450,Jabalpur,Panaji,600,171,429,47,Weekend,No,2024-06-09,low
TR10451,Gwalior,Delhi,600,220,380,13,Weekday,No,2024-08-30,low
TR10452,Gwalior,New Delhi,600,178,422,55,Weekend,No,2024-12-15,low
TR10453,Gwalior,Mumbai,600,124,476,42,Weekday,Yes,2024-09-20,low
TR10454,Gwalior,Chennai,600,172,428,44,Weekday,No,2025-10-01,low
TR10455,Gwalior,Kolkata,600,246,354,35,Weekday,No,2025-12-12,medium
TR10456,Gwalior,Bangalore,600,193,407,49,Weekday,No,2024-12-31,low
TR10457,Gwalior,Hyderabad,600,163,437,32,Weekend,No,2025-01-18,low
TR10458,Gwalior,Pune,600,277,323,57,Weekend,No,2024-02-10,medium
TR10459,Gwalior,Ahmedabad,600,225,375,39,Weekday,No,2024-06-20,low
TR10460,Gwalior,Jaipur,600,208,392,27,Weekday,No,2024-01-30,low
TR10461,Gwalior,Surat,600,184,416,12,Weekday,No,2025-09-18,low
TR10462,Gwalior,Lucknow,600,204,396,54,Weekend,No,2024-06-15,low
TR10463,Gwalior,Kanpur,600,206,394,3,Weekday,No,2024-09-06,low
TR10464,Gwalior,Nagpur,600,90,510,2,Weekday,No,2025-09-08,low
TR10465,Gwalior,Indore,600,188,412,1,Weekday,No,2025-06-05,low
TR10466,Gwalior,Bhopal,600,161,439,6,Weekend,No,2025-03-30,low
TR10467,Gwalior,Patna,600,145,455,14,Weekday,Yes,2024-01-29,low
TR10468,Gwalior,Ranchi,600,160,440,29,Weekend,No,2025-02-15,low
TR10469,Gwalior,Bhubaneswar,600,94,506,16,Weekday,No,2025-02-14,low
TR10470,Gwalior,Cuttack,600,90,510,27,Weekday,No,2024-08-21,low
TR10471,Gwalior,Puri,600,229,371,26,Weekend,No,2025-06-28,low
TR10472,Gwalior,Rourkela,600,191,409,26,Weekday,No,2025-11-10,low
TR10473,Gwalior,Sambalpur,600,90,510,3,Weekday,No,2024-07-08,low
TR10474,Gwalior,Guwahati,600,141,459,32,Weekday,No,2024-08-30,low
TR10475,Gwalior,Dibrugarh,600,211,389,17,Weekday,No,2024-08-23,low
TR10476,Gwalior,Agartala,600,156,444,32,Weekday,No,2025-09-02,low
TR10477,Gwalior,Silchar,600,229,371,3,Weekday,No,2024-02-26,low
TR10478,Gwalior,Visakhapatnam,600,219,381,52,Weekday,No,2025-10-16,low
TR10479,Gwalior,Vijayawada,600,104,496,43,Weekend,Yes,2025-07-20,low
TR10480,Gwalior,Guntur,600,162,438,20,Weekday,Yes,2024-12-19,low
TR10481,Gwalior,Tirupati,600,147,453,21,Weekend,Yes,2025-03-02,low
TR10482,Gwalior,Rajahmundry,600,102,498,18,Weekday,No,2025-10-15,low
TR10483,Gwalior,Warangal,600,99,501,59,Weekday,No,2025-07-16,low
TR10484,Gwalior,Nizamabad,600,130,470,42,Weekend,Yes,2024-07-21,low
TR10485,Gwalior,Coimbatore,600,138,462,27,Weekday,No,2024-02-06,low
TR10486,Gwalior,Madurai,600,183,417,38,Weekend,No,2025-04-26,low
TR10487,Gwalior,Trichy,600,219,381,3,Weekday,No,2024-04-16,low
TR10488,Gwalior,Salem,600,194,406,49,Weekday,No,2024-03-05,low
TR10489,Gwalior,Erode,600,205,395,35,Weekday,No,2025-12-19,low
TR10490,Gwalior,Tirunelveli,600,156,444,18,Weekday,No,2024-12-12,low
TR10491,Gwalior,Thoothukudi,600,198,402,41,Weekend,No,2025-04-20,low
TR10492,Gwalior,Vellore,600,162,438,0,Weekday,No,2024-06-07,low
TR10493,Gwalior,Kochi,600,148,452,29,Weekday,No,2024-03-15,low
TR10494,Gwalior,Thiruvananthapuram,600,260,340,56,Weekday,No,2024-02-15,medium
TR10495,Gwalior,Kozhikode,600,90,510,45,Weekday,No,2024-09-16,low
TR10496,Gwalior,Thrissur,600,90,510,2,Weekday,No,2024-01-03,low
TR10497,Gwalior,Kollam,600,187,413,35,Weekend,Yes,2024-11-03,low
TR10498,Gwalior,Mysore,600,156,444,40,Weekend,No,2024-08-25,low
TR10499,Gwalior,Mangalore,600,100,500,31,Weekday,No,2025-01-20,low
TR10500,Gwalior,Hubli,600,118,482,19,Weekday,No,2025-03-06,low
TR10501,Gwalior,Belgaum,600,125,475,40,Weekday,Yes,2024-08-13,low
TR10502,Gwalior,Davangere,600,212,388,25,Weekday,No,2024-11-28,low
TR10503,Gwalior,Vadodara,600,227,373,56,Weekday,No,2024-02-27,low
TR10504,Gwalior,Rajkot,600,248,352,50,Weekday,No,2024-08-08,medium
TR10505,Gwalior,Jamnagar,600,93,507,54,Weekday,No,2025-12-16,low
TR10506,Gwalior,Bhavnagar,600,103,497,25,Weekday,No,2025-12-25,low
TR10507,Gwalior,Gandhinagar,600,100,500,40,Weekend,No,2024-12-21,low
TR10508,Gwalior,Nashik,600,231,369,8,Weekday,No,2025-11-17,low
TR10509,Gwalior,Aurangabad,600,189,411,45,Weekday,No,2025-01-01,low
TR10510,Gwalior,Kolhapur,600,173,427,45,Weekday,No,2024-04-01,low
TR10511,Gwalior,Solapur,600,180,420,46,Weekday,No,2025-09-26,low
TR10512,Gwalior,Thane,600,166,434,1,Weekday,No,2024-10-30,low
TR10513,Gwalior,Navi Mumbai,600,115,485,27,Weekend,No,2025-03-23,low
TR10514,Gwalior,Amravati,600,194,406,16,Weekend,Yes,2025-04-19,low
TR10515,Gwalior,Jodhpur,600,160,440,54,Weekday,No,2024-08-13,low
TR10516,Gwalior,Udaipur,600,111,489,32,Weekday,No,2025-06-20,low
TR10517,Gwalior,Ajmer,600,197,403,36,Weekday,Yes,2025-01-01,low
TR10518,Gwalior,Kota,600,149,451,26,Weekday,No,2024-09-24,low
TR10519,Gwalior,Bikaner,600,180,420,6,Weekday,No,2024-08-05,low
TR10520,Gwalior,Alwar,600,163,437,37,Weekend,No,2025-06-29,low
TR10521,Gwalior,Varanasi,600,212,388,36,Weekday,Yes,2024-07-01,low
TR10522,Gwalior,Prayagraj,600,180,420,22,Weekend,Yes,2024-03-31,low
TR10523,Gwalior,Agra,600,127,473,37,Weekday,No,2025-10-06,low
TR10524,Gwalior,Meerut,600,184,416,23,Weekday,No,2024-08-30,low
TR10525,Gwalior,Bareilly,600,186,414,39,Weekend,No,2025-04-13,low
TR10526,Gwalior,Gorakhpur,600,193,407,20,Weekend,No,2025-06-07,low
TR10527,Gwalior,Mathura,600,219,381,46,Weekday,No,2025-09-04,low
TR10528,Gwalior,Dehradun,600,139,461,53,Weekday,No,2025-04-02,low
TR10529,Gwalior,Haridwar,600,201,399,29,Weekend,No,2025-06-01,low
TR10530,Gwalior,Amritsar,600,90,510,1,Weekday,No,2025-09-04,low
TR10531,Gwalior,Ludhiana,600,163,437,40,Weekday,No,2025-11-20,low
TR10532,Gwalior,Jalandhar,600,156,444,56,Weekend,No,2024-02-04,low
TR10533,Gwalior,Patiala,600,238,362,42,Weekday,No,2025-06-27,low
TR10534,Gwalior,Chandigarh,600,161,439,21,Weekday,No,2024-05-07,low
TR10535,Gwalior,Jammu,600,198,402,33,Weekday,Yes,2025-10-13,low
TR10536,Gwalior,Srinagar,600,90,510,21,Weekday,No,2024-02-05,low
TR10537,Gwalior,Raipur,600,152,448,46,Weekend,Yes,2024-06-29,low
TR10538,Gwalior,Bilaspur,600,128,472,43,Weekday,No,2024-05-20,low
TR10539,Gwalior,Durg,600,288,312,37,Weekday,Yes,2025-03-17,medium
TR10540,Gwalior,Jabalpur,600,137,463,23,Weekday,No,2024-01-04,low
TR10541,Gwalior,Ujjain,600,172,428,10,Weekend,No,2024-01-13,low
TR10542,Gwalior,Rewa,600,175,425,36,Weekday,No,2025-01-03,low
TR10543,Gwalior,Dhanbad,600,93,507,20,Weekday,No,2025-12-11,low
TR10544,Gwalior,Asansol,600,144,456,54,Weekday,No,2025-01-21,low
TR10545,Gwalior,Jamshedpur,600,188,412,3,Weekday,Yes,2024-11-21,low
TR10546,Gwalior,Tatanagar,600,173,427,50,Weekday,No,2025-04-25,low
TR10547,Gwalior,Gaya,600,90,510,46,Weekday,No,2025-02-07,low
TR10548,Gwalior,Muzaffarpur,600,142,458,30,Weekday,No,2024-10-08,low
TR10549,Gwalior,Bhagalpur,600,218,382,59,Weekday,No,2025-03-06,low
TR10550,Gwalior,Siliguri,600,197,403,42,Weekday,No,2024-01-03,low
TR10551,Gwalior,New Jalpaiguri,600,227,373,2,Weekday,No,2024-06-27,low
TR10552,Gwalior,Durgapur,600,122,478,23,Weekday,No,2025-05-07,low
TR10553,Gwalior,Howrah,600,230,370,50,Weekday,No,2024-09-06,low
TR10554,Gwalior,Malda,600,167,433,46,Weekday,Yes,2024-02-09,low
TR10555,Gwalior,Panaji,600,245,355,9,Weekend,No,2024-03-31,medium
TR10556,Ujjain,Delhi,600,169,431,10,Weekday,No,2025-09-25,low
TR10557,Ujjain,New Delhi,600,90,510,55,Weekday,No,2024-08-28,low
TR10558,Ujjain,Mumbai,600,210,390,2,Weekday,No,2024-01-17,low
TR10559,Ujjain,Chennai,600,148,452,56,Weekday,No,2025-06-16,low
TR10560,Ujjain,Kolkata,600,151,449,32,Weekday,No,2025-01-22,low
TR10561,Ujjain,Bangalore,600,99,501,48,Weekday,No,2024-11-25,low
TR10562,Ujjain,Hyderabad,600,247,353,12,Weekday,No,2025-10-16,medium
TR10563,Ujjain,Pune,600,144,456,20,Weekend,No,2024-08-17,low
TR10564,Ujjain,Ahmedabad,600,245,355,43,Weekend,No,2025-02-22,medium
TR10565,Ujjain,Jaipur,600,148,452,9,Weekend,No,2025-06-28,low
TR10566,Ujjain,Surat,600,124,476,6,Weekday,No,2025-03-20,low
TR10567,Ujjain,Lucknow,600,232,368,36,Weekend,No,2024-06-01,low
TR10568,Ujjain,Kanpur,600,165,435,0,Weekday,No,2025-05-13,low
TR10569,Ujjain,Nagpur,600,166,434,56,Weekday,No,2025-06-27,low
TR10570,Ujjain,Indore,600,107,493,40,Weekend,No,2024-03-30,low
TR10571,Ujjain,Bhopal,600,147,453,42,Weekday,No,2024-04-30,low
TR10572,Ujjain,Patna,600,190,410,30,Weekday,No,2025-05-08,low
TR10573,Ujjain,Ranchi,600,107,493,37,Weekday,No,2024-03-27,low
TR10574,Ujjain,Bhubaneswar,600,143,457,57,Weekend,No,2025-10-05,low
TR10575,Ujjain,Cuttack,600,149,451,0,Weekday,No,2024-03-21,low
TR10576,Ujjain,Puri,600,172,428,14,Weekend,No,2025-12-13,low
TR10577,Ujjain,Rourkela,600,240,360,41,Weekday,No,2025-05-05,low
TR10578,Ujjain,Sambalpur,600,155,445,7,Weekday,No,2024-11-19,low
TR10579,Ujjain,Guwahati,600,136,464,14,Weekday,No,2024-07-15,low
TR10580,Ujjain,Dibrugarh,600,301,299,1,Weekend,Yes,2024-09-08,medium
TR10581,Ujjain,Agartala,600,148,452,3,Weekday,No,2025-07-01,low
TR10582,Ujjain,Silchar,600,160,440,26,Weekday,No,2025-07-04,low
TR10583,Ujjain,Visakhapatnam,600,152,448,39,Weekend,No,2024-06-01,low
TR10584,Ujjain,Vijayawada,600,156,444,6,Weekday,No,2025-01-31,low
TR10585,Ujjain,Guntur,600,173,427,58,Weekday,No,2025-12-26,low
TR10586,Ujjain,Tirupati,600,213,387,46,Weekend,Yes,2024-07-07,low
TR10587,Ujjain,Rajahmundry,600,188,412,39,Weekday,No,2025-05-21,low
TR10588,Ujjain,Warangal,600,221,379,4,Weekend,No,2024-05-05,low
TR10589,Ujjain,Nizamabad,600,219,381,31,Weekday,No,2025-09-01,low
TR10590,Ujjain,Coimbatore,600,179,421,55,Weekend,Yes,2024-05-04,low
TR10591,Ujjain,Madurai,600,187,413,14,Weekday,No,2024-08-05,low
TR10592,Ujjain,Trichy,600,222,378,32,Weekend,No,2024-12-01,low
TR10593,Ujjain,Salem,600,116,484,33,Weekday,No,2024-09-27,low
TR10594,Ujjain,Erode,600,289,311,41,Weekend,No,2024-05-04,medium
TR10595,Ujjain,Tirunelveli,600,144,456,55,Weekend,Yes,2025-04-13,low
TR10596,Ujjain,Thoothukudi,600,152,448,7,Weekday,No,2024-01-15,low
TR10597,Ujjain,Vellore,600,111,489,3,Weekday,No,2025-12-19,low
TR10598,Ujjain,Kochi,600,112,488,5,Weekday,No,2024-02-08,low
TR10599,Ujjain,Thiruvananthapuram,600,216,384,16,Weekend,No,2024-09-01,low
TR10600,Ujjain,Kozhikode,600,278,322,21,Weekday,No,2025-11-10,medium
TR10601,Ujjain,Thrissur,600,142,458,52,Weekday,Yes,2024-04-23,low
TR10602,Ujjain,Kollam,600,186,414,31,Weekday,No,2024-02-23,low
TR10603,Ujjain,Mysore,600,180,420,44,Weekday,No,2025-06-27,low
TR10604,Ujjain,Mangalore,600,217,383,34,Weekday,No,2024-02-23,low
TR10605,Ujjain,Hubli,600,275,325,57,Weekend,No,2025-10-19,medium
TR10606,Ujjain,Belgaum,600,242,358,19,Weekday,No,2024-11-25,medium
TR10607,Ujjain,Davangere,600,157,443,40,Weekend,No,2025-09-27,low
TR10608,Ujjain,Vadodara,600,194,406,16,Weekday,No,2024-06-28,low
TR10609,Ujjain,Rajkot,600,199,401,14,Weekend,No,2024-04-13,low
TR10610,Ujjain,Jamnagar,600,168,432,58,Weekday,No,2025-12-04,low
TR10611,Ujjain,Bhavnagar,600,116,484,1,Weekday,No,2025-07-11,low
TR10612,Ujjain,Gandhinagar,600,131,469,16,Weekday,No,2025-10-27,low
TR10613,Ujjain,Nashik,600,224,376,23,Weekday,No,2024-08-21,low
TR10614,Ujjain,Aurangabad,600,229,371,8,Weekday,No,2024-10-22,low
TR10615,Ujjain,Kolhapur,600,159,441,46,Weekday,No,2025-02-25,low
TR10616,Ujjain,Solapur,600,181,419,21,Weekend,No,2024-11-24,low
TR10617,Ujjain,Thane,600,226,374,27,Weekday,No,2024-06-26,low
TR10618,Ujjain,Navi Mumbai,600,90,510,18,Weekday,No,2024-10-01,low
TR10619,Ujjain,Amravati,600,148,452,53,Weekday,Yes,2025-03-21,low
TR10620,Ujjain,Jodhpur,600,266,334,25,Weekend,No,2024-01-28,medium
TR10621,Ujjain,Udaipur,600,183,417,47,Weekday,No,2024-09-02,low
TR10622,Ujjain,Ajmer,600,115,485,37,Weekday,No,2024-08-02,low
TR10623,Ujjain,Kota,600,175,425,57,Weekday,No,2024-02-21,low
TR10624,Ujjain,Bikaner,600,218,382,36,Weekend,Yes,2024-03-30,low
TR10625,Ujjain,Alwar,600,90,510,59,Weekend,No,2024-12-28,low
TR10626,Ujjain,Varanasi,600,177,423,41,Weekday,No,2024-03-15,low
TR10627,Ujjain,Prayagraj,600,151,449,3,Weekday,No,2024-09-09,low
TR10628,Ujjain,Agra,600,90,510,9,Weekday,No,2025-02-13,low
TR10629,Ujjain,Meerut,600,173,427,47,Weekday,No,2025-09-30,low
TR10630,Ujjain,Bareilly,600,162,438,2,Weekday,No,2024-03-13,low
TR10631,Ujjain,Gorakhpur,600,168,432,11,Weekday,No,2024-11-13,low
TR10632,Ujjain,Mathura,600,152,448,47,Weekend,No,2024-03-16,low
TR10633,Ujjain,Dehradun,600,120,480,21,Weekend,No,2024-11-09,low
TR10634,Ujjain,Haridwar,600,99,501,13,Weekday,No,2024-12-17,low
TR10635,Ujjain,Amritsar,600,136,464,11,Weekday,No,2025-08-07,low
TR10636,Ujjain,Ludhiana,600,210,390,18,Weekday,No,2024-11-19,low
TR10637,Ujjain,Jalandhar,600,180,420,50,Weekday,No,2025-11-14,low
TR10638,Ujjain,Patiala,600,166,434,27,Weekday,No,2024-04-10,low
TR10639,Ujjain,Chandigarh,600,119,481,57,Weekday,No,2024-02-08,low
TR10640,Ujjain,Jammu,600,151,449,42,Weekday,No,2024-01-04,low
TR10641,Ujjain,Srinagar,600,204,396,16,Weekday,No,2024-09-17,low
TR10642,Ujjain,Raipur,600,193,407,9,Weekday,No,2024-05-21,low
TR10643,Ujjain,Bilaspur,600,146,454,56,Weekday,No,2024-03-07,low
TR10644,Ujjain,Durg,600,90,510,54,Weekday,No,2024-06-21,low
TR10645,Ujjain,Jabalpur,600,137,463,7,Weekend,No,2025-12-13,low
TR10646,Ujjain,Gwalior,600,146,454,19,Weekday,No,2025-08-07,low
TR10647,Ujjain,Rewa,600,125,475,44,Weekend,No,2024-01-14,low
TR10648,Ujjain,Dhanbad,600,149,451,58,Weekday,No,2025-10-31,low
TR10649,Ujjain,Asansol,600,208,392,54,Weekday,No,2024-05-30,low
TR10650,Ujjain,Jamshedpur,600,167,433,17,Weekday,No,2024-10-23,low
TR10651,Ujjain,Tatanagar,600,216,384,53,Weekday,No,2024-08-27,low
TR10652,Ujjain,Gaya,600,97,503,43,Weekday,No,2024-10-23,low
TR10653,Ujjain,Muzaffarpur,600,154,446,27,Weekday,No,2025-07-10,low
TR10654,Ujjain,Bhagalpur,600,90,510,22,Weekday,No,2025-06-04,low
TR10655,Ujjain,Siliguri,600,148,452,48,Weekday,No,2025-03-10,low
TR10656,Ujjain,New Jalpaiguri,600,119,481,50,Weekday,Yes,2025-04-03,low
TR10657,Ujjain,Durgapur,600,230,370,54,Weekend,No,2025-06-15,low
TR10658,Ujjain,Howrah,600,189,411,27,Weekday,No,2024-05-14,low
TR10659,Ujjain,Malda,600,218,382,16,Weekday,No,2024-10-16,low
TR10660,Ujjain,Panaji,600,148,452,52,Weekday,Yes,2024-03-19,low
TR10661,Rewa,Delhi,600,120,480,18,Weekday,No,2025-05-29,low
TR10662,Rewa,New Delhi,600,118,482,45,Weekday,No,2024-11-15,low
TR10663,Rewa,Mumbai,600,182,418,30,Weekday,No,2025-04-10,low
TR10664,Rewa,Chennai,600,256,344,35,Weekend,Yes,2025-02-16,medium
TR10665,Rewa,Kolkata,600,189,411,12,Weekday,No,2024-07-19,low
TR10666,Rewa,Bangalore,600,151,449,14,Weekday,No,2024-04-11,low
TR10667,Rewa,Hyderabad,600,160,440,39,Weekday,No,2025-12-12,low
TR10668,Rewa,Pune,600,167,433,15,Weekday,No,2024-08-02,low
TR10669,Rewa,Ahmedabad,600,266,334,40,Weekday,No,2024-03-21,medium
TR10670,Rewa,Jaipur,600,228,372,59,Weekend,No,2024-08-11,low
TR10671,Rewa,Surat,600,181,419,4,Weekday,No,2025-10-21,low
TR10672,Rewa,Lucknow,600,174,426,55,Weekday,No,2024-07-10,low
TR10673,Rewa,Kanpur,600,183,417,10,Weekday,No,2025-12-22,low
TR10674,Rewa,Nagpur,600,193,407,8,Weekday,No,2024-12-02,low
TR10675,Rewa,Indore,600,149,451,50,Weekend,Yes,2025-09-21,low
TR10676,Rewa,Bhopal,600,128,472,12,Weekday,No,2025-04-22,low
TR10677,Rewa,Patna,600,218,382,38,Weekday,No,2024-02-02,low
TR10678,Rewa,Ranchi,600,170,430,6,Weekday,No,2025-01-07,low
TR10679,Rewa,Bhubaneswar,600,214,386,5,Weekday,No,2024-10-31,low
TR10680,Rewa,Cuttack,600,248,352,12,Weekday,No,2024-05-27,medium
TR10681,Rewa,Puri,600,194,406,31,Weekday,Yes,2025-02-06,low
TR10682,Rewa,Rourkela,600,186,414,17,Weekend,No,2024-03-16,low
TR10683,Rewa,Sambalpur,600,323,277,13,Weekend,No,2025-05-25,medium
TR10684,Rewa,Guwahati,600,179,421,50,Weekend,Yes,2025-08-23,low
TR10685,Rewa,Dibrugarh,600,117,483,10,Weekday,No,2024-03-08,low
TR10686,Rewa,Agartala,600,155,445,5,Weekday,No,2024-12-16,low
TR10687,Rewa,Silchar,600,243,357,6,Weekday,No,2025-04-23,medium
TR10688,Rewa,Visakhapatnam,600,107,493,52,Weekday,Yes,2024-02-15,low
TR10689,Rewa,Vijayawada,600,133,467,28,Weekday,No,2024-10-11,low
TR10690,Rewa,Guntur,600,222,378,58,Weekend,No,2024-07-07,low
TR10691,Rewa,Tirupati,600,156,444,48,Weekday,No,2024-01-29,low
TR10692,Rewa,Rajahmundry,600,164,436,16,Weekend,No,2025-08-10,low
TR10693,Rewa,Warangal,600,220,380,47,Weekday,No,2024-11-21,low
TR10694,Rewa,Nizamabad,600,135,465,27,Weekday,No,2025-07-03,low
TR10695,Rewa,Coimbatore,600,98,502,33,Weekday,No,2025-03-05,low
TR10696,Rewa,Madurai,600,102,498,31,Weekday,No,2025-10-02,low
TR10697,Rewa,Trichy,600,197,403,45,Weekday,No,2025-12-29,low
TR10698,Rewa,Salem,600,181,419,12,Weekend,No,2025-03-16,low
TR10699,Rewa,Erode,600,136,464,3,Weekend,No,2024-09-14,low
TR10700,Rewa,Tirunelveli,600,113,487,43,Weekday,No,2024-11-05,low
TR10701,Rewa,Thoothukudi,600,156,444,57,Weekday,No,2025-08-26,low
TR10702,Rewa,Vellore,600,223,377,34,Weekday,No,2024-11-07,low
TR10703,Rewa,Kochi,600,129,471,7,Weekday,No,2025-01-14,low
TR10704,Rewa,Thiruvananthapuram,600,137,463,6,Weekday,No,2024-05-21,low
TR10705,Rewa,Kozhikode,600,112,488,32,Weekday,No,2025-12-24,low
TR10706,Rewa,Thrissur,600,151,449,53,Weekend,No,2025-04-20,low
TR10707,Rewa,Kollam,600,185,415,36,Weekday,Yes,2024-08-29,low
TR10708,Rewa,Mysore,600,270,330,18,Weekday,No,2025-03-03,medium
TR10709,Rewa,Mangalore,600,179,421,37,Weekend,No,2024-10-20,low
TR10710,Rewa,Hubli,600,166,434,9,Weekday,Yes,2024-04-23,low
TR10711,Rewa,Belgaum,600,210,390,28,Weekday,No,2025-10-01,low
TR10712,Rewa,Davangere,600,202,398,58,Weekday,No,2025-10-09,low
TR10713,Rewa,Vadodara,600,141,459,37,Weekday,No,2025-09-02,low
TR10714,Rewa,Rajkot,600,279,321,6,Weekday,No,2024-09-26,medium
TR10715,Rewa,Jamnagar,600,168,432,12,Weekend,No,2024-07-06,low
TR10716,Rewa,Bhavnagar,600,180,420,3,Weekday,No,2024-02-06,low
TR10717,Rewa,Gandhinagar,600,195,405,24,Weekday,No,2025-06-18,low
TR10718,Rewa,Nashik,600,186,414,14,Weekday,No,2024-08-27,low
TR10719,Rewa,Aurangabad,600,242,358,58,Weekday,No,2025-10-14,medium
TR10720,Rewa,Kolhapur,600,141,459,19,Weekend,No,2025-09-27,low
TR10721,Rewa,Solapur,600,207,393,2,Weekday,No,2024-04-03,low
TR10722,Rewa,Thane,600,177,423,26,Weekend,No,2025-11-01,low
TR10723,Rewa,Navi Mumbai,600,216,384,44,Weekday,No,2024-04-12,low
TR10724,Rewa,Amravati,600,159,441,41,Weekday,No,2024-12-24,low
TR10725,Rewa,Jodhpur,600,152,448,58,Weekday,No,2024-12-12,low
TR10726,Rewa,Udaipur,600,204,396,21,Weekend,No,2025-11-30,low
TR10727,Rewa,Ajmer,600,186,414,31,Weekday,No,2025-04-25,low
TR10728,Rewa,Kota,600,130,470,33,Weekday,No,2025-10-01,low
TR10729,Rewa,Bikaner,600,234,366,1,Weekday,No,2025-03-11,low
TR10730,Rewa,Alwar,600,204,396,0,Weekday,No,2025-08-26,low
TR10731,Rewa,Varanasi,600,165,435,47,Weekend,No,2025-09-14,low
TR10732,Rewa,Prayagraj,600,146,454,23,Weekend,No,2025-09-20,low
TR10733,Rewa,Agra,600,186,414,41,Weekend,No,2024-10-27,low
TR10734,Rewa,Meerut,600,201,399,56,Weekend,Yes,2024-10-06,low
TR10735,Rewa,Bareilly,600,92,508,14,Weekend,No,2025-12-20,low
TR10736,Rewa,Gorakhpur,600,187,413,46,Weekend,No,2025-07-06,low
TR10737,Rewa,Mathura,600,200,400,12,Weekend,No,2025-11-01,low
TR10738,Rewa,Dehradun,600,90,510,44,Weekday,No,2025-02-26,low
TR10739,Rewa,Haridwar,600,178,422,9,Weekday,No,2025-11-10,low
TR10740,Rewa,Amritsar,600,202,398,18,Weekday,Yes,2025-06-10,low
TR10741,Rewa,Ludhiana,600,197,403,28,Weekday,No,2025-06-26,low
TR10742,Rewa,Jalandhar,600,207,393,29,Weekday,No,2024-05-09,low
TR10743,Rewa,Patiala,600,153,447,1,Weekday,No,2025-02-18,low
TR10744,Rewa,Chandigarh,600,119,481,50,Weekday,Yes,2025-06-18,low
TR10745,Rewa,Jammu,600,90,510,0,Weekday,No,2025-07-10,low
TR10746,Rewa,Srinagar,600,221,379,52,Weekday,No,2025-12-01,low
TR10747,Rewa,Raipur,600,203,397,12,Weekday,No,2024-08-26,low
TR10748,Rewa,Bilaspur,600,225,375,42,Weekday,No,2024-08-09,low
TR10749,Rewa,Durg,600,134,466,42,Weekday,No,2025-12-09,low
TR10750,Rewa,Jabalpur,600,208,392,27,Weekend,No,2025-12-21,low
TR10751,Rewa,Gwalior,600,97,503,32,Weekend,No,2024-05-11,low
TR10752,Rewa,Ujjain,600,127,473,4,Weekday,No,2024-10-03,low
TR10753,Rewa,Dhanbad,600,175,425,54,Weekday,No,2025-11-24,low
TR10754,Rewa,Asansol,600,201,399,7,Weekend,No,2024-05-25,low
TR10755,Rewa,Jamshedpur,600,250,350,39,Weekend,No,2025-07-26,medium
TR10756,Rewa,Tatanagar,600,157,443,0,Weekend,No,2024-03-23,low
TR10757,Rewa,Gaya,600,127,473,44,Weekday,No,2024-05-10,low
TR10758,Rewa,Muzaffarpur,600,125,475,21,Weekend,No,2025-07-27,low
TR10759,Rewa,Bhagalpur,600,136,464,28,Weekday,No,2025-03-20,low
TR10760,Rewa,Siliguri,600,276,324,1,Weekend,No,2025-02-09,medium
TR10761,Rewa,New Jalpaiguri,600,205,395,13,Weekday,Yes,2025-09-18,low
TR10762,Rewa,Durgapur,600,222,378,26,Weekday,No,2024-08-12,low
TR10763,Rewa,Howrah,600,157,443,43,Weekday,No,2025-01-02,low
TR10764,Rewa,Malda,600,169,431,35,Weekday,No,2025-03-20,low
TR10765,Rewa,Panaji,600,203,397,15,Weekday,No,2025-06-24,low
TR10766,Dhanbad,Delhi,600,145,455,35,Weekday,No,2024-08-30,low
TR10767,Dhanbad,New Delhi,600,155,445,13,Weekday,No,2025-04-08,low
TR10768,Dhanbad,Mumbai,600,137,463,33,Weekend,No,2024-11-23,low
TR10769,Dhanbad,Chennai,600,147,453,32,Weekday,No,2025-01-31,low
TR10770,Dhanbad,Kolkata,600,171,429,13,Weekday,No,2025-09-22,low
TR10771,Dhanbad,Bangalore,600,130,470,12,Weekday,No,2024-10-14,low
TR10772,Dhanbad,Hyderabad,600,183,417,31,Weekend,No,2025-05-03,low
TR10773,Dhanbad,Pune,600,183,417,35,Weekday,No,2025-11-19,low
TR10774,Dhanbad,Ahmedabad,600,160,440,58,Weekday,No,2025-07-11,low
TR10775,Dhanbad,Jaipur,600,129,471,29,Weekday,No,2025-12-23,low
TR10776,Dhanbad,Surat,600,174,426,26,Weekend,No,2025-03-02,low
TR10777,Dhanbad,Lucknow,600,145,455,28,Weekday,No,2024-07-25,low
TR10778,Dhanbad,Kanpur,600,171,429,52,Weekday,No,2025-12-25,low
TR10779,Dhanbad,Nagpur,600,222,378,18,Weekday,No,2025-04-16,low
TR10780,Dhanbad,Indore,600,109,491,22,Weekday,No,2024-06-25,low
TR10781,Dhanbad,Bhopal,600,273,327,22,Weekday,No,2024-08-19,medium
TR10782,Dhanbad,Patna,600,165,435,37,Weekday,No,2024-07-10,low
TR10783,Dhanbad,Ranchi,600,189,411,41,Weekday,Yes,2025-09-01,low
TR10784,Dhanbad,Bhubaneswar,600,133,467,28,Weekday,No,2024-03-08,low
TR10785,Dhanbad,Cuttack,600,224,376,15,Weekday,No,2025-06-24,low
TR10786,Dhanbad,Puri,600,163,437,41,Weekend,No,2025-02-08,low
TR10787,Dhanbad,Rourkela,600,150,450,16,Weekday,No,2024-02-23,low
TR10788,Dhanbad,Sambalpur,600,141,459,53,Weekday,No,2025-03-24,low
TR10789,Dhanbad,Guwahati,600,156,444,37,Weekday,No,2025-07-04,low
TR10790,Dhanbad,Dibrugarh,600,189,411,26,Weekend,No,2025-06-14,low
TR10791,Dhanbad,Agartala,600,177,423,13,Weekday,Yes,2025-01-21,low
TR10792,Dhanbad,Silchar,600,167,433,45,Weekday,Yes,2024-09-02,low
TR10793,Dhanbad,Visakhapatnam,600,135,465,36,Weekday,No,2024-04-29,low
TR10794,Dhanbad,Vijayawada,600,132,468,52,Weekday,No,2024-01-09,low
TR10795,Dhanbad,Guntur,600,147,453,42,Weekday,No,2024-09-19,low
TR10796,Dhanbad,Tirupati,600,191,409,47,Weekday,No,2025-04-07,low
TR10797,Dhanbad,Rajahmundry,600,201,399,5,Weekend,Yes,2024-01-28,low
TR10798,Dhanbad,Warangal,600,207,393,1,Weekday,No,2025-12-31,low
TR10799,Dhanbad,Nizamabad,600,169,431,39,Weekday,No,2025-03-04,low
TR10800,Dhanbad,Coimbatore,600,187,413,0,Weekend,Yes,2024-08-03,low
TR10801,Dhanbad,Madurai,600,161,439,53,Weekday,No,2025-12-04,low
TR10802,Dhanbad,Trichy,600,90,510,52,Weekday,No,2024-05-14,low
TR10803,Dhanbad,Salem,600,159,441,35,Weekday,No,2025-12-01,low
TR10804,Dhanbad,Erode,600,151,449,43,Weekday,No,2024-07-24,low
TR10805,Dhanbad,Tirunelveli,600,119,481,25,Weekday,No,2024-10-04,low
TR10806,Dhanbad,Thoothukudi,600,142,458,57,Weekday,No,2024-11-06,low
TR10807,Dhanbad,Vellore,600,175,425,2,Weekend,No,2025-12-28,low
TR10808,Dhanbad,Kochi,600,115,485,17,Weekday,No,2024-07-02,low
TR10809,Dhanbad,Thiruvananthapuram,600,135,465,41,Weekday,No,2025-12-12,low
TR10810,Dhanbad,Kozhikode,600,243,357,47,Weekday,No,2024-09-10,medium
TR10811,Dhanbad,Thrissur,600,92,508,14,Weekend,Yes,2024-07-27,low
TR10812,Dhanbad,Kollam,600,160,440,48,Weekday,No,2025-04-11,low
TR10813,Dhanbad,Mysore,600,113,487,27,Weekday,No,2025-05-22,low
TR10814,Dhanbad,Mangalore,600,133,467,51,Weekday,No,2024-09-09,low
TR10815,Dhanbad,Hubli,600,159,441,16,Weekday,No,2024-04-08,low
TR10816,Dhanbad,Belgaum,600,122,478,41,Weekday,No,2024-10-16,low
TR10817,Dhanbad,Davangere,600,196,404,12,Weekday,No,2025-01-30,low
TR10818,Dhanbad,Vadodara,600,234,366,8,Weekday,No,2024-01-30,low
TR10819,Dhanbad,Rajkot,600,209,391,42,Weekday,No,2024-02-27,low
TR10820,Dhanbad,Jamnagar,600,218,382,40,Weekend,Yes,2025-11-02,low
TR10821,Dhanbad,Bhavnagar,600,103,497,17,Weekend,No,2024-01-27,low
TR10822,Dhanbad,Gandhinagar,600,157,443,36,Weekday,Yes,2024-10-24,low
TR10823,Dhanbad,Nashik,600,191,409,56,Weekend,No,2025-07-12,low
TR10824,Dhanbad,Aurangabad,600,211,389,20,Weekday,No,2024-08-27,low
TR10825,Dhanbad,Kolhapur,600,253,347,30,Weekday,No,2024-12-27,medium
TR10826,Dhanbad,Solapur,600,220,380,12,Weekday,No,2024-03-04,low
TR10827,Dhanbad,Thane,600,212,388,31,Weekend,No,2025-08-03,low
TR10828,Dhanbad,Navi Mumbai,600,295,305,53,Weekday,No,2025-04-08,medium
TR10829,Dhanbad,Amravati,600,174,426,38,Weekend,No,2025-09-14,low
TR10830,Dhanbad,Jodhpur,600,155,445,8,Weekday,No,2025-09-23,low
TR10831,Dhanbad,Udaipur,600,177,423,44,Weekday,No,2024-09-13,low
TR10832,Dhanbad,Ajmer,600,125,475,25,Weekday,No,2024-01-31,low
TR10833,Dhanbad,Kota,600,172,428,1,Weekday,No,2024-09-10,low
TR10834,Dhanbad,Bikaner,600,90,510,37,Weekday,No,2024-04-16,low
TR10835,Dhanbad,Alwar,600,144,456,17,Weekday,No,2025-01-24,low
TR10836,Dhanbad,Varanasi,600,163,437,58,Weekday,No,2024-04-17,low
TR10837,Dhanbad,Prayagraj,600,215,385,59,Weekday,No,2025-11-04,low
TR10838,Dhanbad,Agra,600,222,378,40,Weekend,Yes,2025-03-16,low
TR10839,Dhanbad,Meerut,600,123,477,37,Weekday,No,2024-07-03,low
TR10840,Dhanbad,Bareilly,600,269,331,18,Weekday,No,2025-11-04,medium
TR10841,Dhanbad,Gorakhpur,600,176,424,4,Weekday,Yes,2025-07-16,low
TR10842,Dhanbad,Mathura,600,180,420,3,Weekend,Yes,2024-11-16,low
TR10843,Dhanbad,Dehradun,600,91,509,27,Weekday,No,2024-04-17,low
TR10844,Dhanbad,Haridwar,600,139,461,19,Weekend,Yes,2024-09-08,low
TR10845,Dhanbad,Amritsar,600,219,381,57,Weekend,No,2025-03-02,low
TR10846,Dhanbad,Ludhiana,600,177,423,17,Weekend,No,2025-07-13,low
TR10847,Dhanbad,Jalandhar,600,174,426,12,Weekday,Yes,2024-07-10,low
TR10848,Dhanbad,Patiala,600,180,420,49,Weekday,No,2025-06-26,low
TR10849,Dhanbad,Chandigarh,600,100,500,50,Weekday,No,2024-07-25,low
TR10850,Dhanbad,Jammu,600,164,436,22,Weekend,No,2024-06-29,low
TR10851,Dhanbad,Srinagar,600,237,363,4,Weekday,No,2024-11-22,low
TR10852,Dhanbad,Raipur,600,221,379,5,Weekend,No,2024-04-27,low
TR10853,Dhanbad,Bilaspur,600,163,437,31,Weekday,No,2024-10-22,low
TR10854,Dhanbad,Durg,600,244,356,52,Weekday,No,2024-09-18,medium
TR10855,Dhanbad,Jabalpur,600,109,491,23,Weekday,No,2024-07-23,low
TR10856,Dhanbad,Gwalior,600,122,478,1,Weekend,No,2025-07-20,low
TR10857,Dhanbad,Ujjain,600,258,342,22,Weekday,No,2024-08-30,medium
TR10858,Dhanbad,Rewa,600,197,403,0,Weekday,No,2025-05-23,low
TR10859,Dhanbad,Asansol,600,155,445,25,Weekday,No,2025-06-10,low
TR10860,Dhanbad,Jamshedpur,600,166,434,28,Weekday,No,2025-05-01,low
TR10861,Dhanbad,Tatanagar,600,130,470,43,Weekday,No,2024-07-15,low
TR10862,Dhanbad,Gaya,600,182,418,4,Weekday,No,2025-08-29,low
TR10863,Dhanbad,Muzaffarpur,600,178,422,28,Weekday,No,2024-06-21,low
TR10864,Dhanbad,Bhagalpur,600,170,430,10,Weekend,No,2024-07-21,low
TR10865,Dhanbad,Siliguri,600,113,487,27,Weekday,No,2025-10-01,low
TR10866,Dhanbad,New Jalpaiguri,600,182,418,59,Weekday,No,2024-09-05,low
TR10867,Dhanbad,Durgapur,600,144,456,44,Weekend,No,2025-05-24,low
TR10868,Dhanbad,Howrah,600,122,478,50,Weekday,No,2024-01-31,low
TR10869,Dhanbad,Malda,600,230,370,2,Weekday,No,2025-03-25,low
TR10870,Dhanbad,Panaji,600,273,327,45,Weekend,No,2025-09-27,medium
TR10871,Asansol,Delhi,600,262,338,51,Weekday,No,2025-06-02,medium
TR10872,Asansol,New Delhi,600,200,400,40,Weekend,Yes,2025-03-01,low
TR10873,Asansol,Mumbai,600,156,444,46,Weekday,No,2025-09-12,low
TR10874,Asansol,Chennai,600,166,434,2,Weekday,No,2024-08-05,low
TR10875,Asansol,Kolkata,600,188,412,44,Weekday,No,2024-10-02,low
TR10876,Asansol,Bangalore,600,149,451,50,Weekday,Yes,2024-02-20,low
TR10877,Asansol,Hyderabad,600,232,368,13,Weekend,No,2025-05-25,low
TR10878,Asansol,Pune,600,90,510,28,Weekday,No,2025-06-12,low
TR10879,Asansol,Ahmedabad,600,155,445,25,Weekday,No,2025-07-03,low
TR10880,Asansol,Jaipur,600,207,393,5,Weekday,No,2025-07-01,low
TR10881,Asansol,Surat,600,128,472,7,Weekday,No,2024-04-03,low
TR10882,Asansol,Lucknow,600,157,443,18,Weekday,No,2025-05-01,low
TR10883,Asansol,Kanpur,600,197,403,6,Weekday,No,2025-07-11,low
TR10884,Asansol,Nagpur,600,242,358,30,Weekday,No,2024-05-28,medium
TR10885,Asansol,Indore,600,107,493,3,Weekend,No,2024-12-14,low
TR10886,Asansol,Bhopal,600,103,497,0,Weekday,Yes,2025-10-29,low
TR10887,Asansol,Patna,600,124,476,37,Weekday,No,2024-10-30,low
TR10888,Asansol,Ranchi,600,95,505,15,Weekday,No,2025-07-04,low
TR10889,Asansol,Bhubaneswar,600,99,501,22,Weekday,No,2025-01-22,low
TR10890,Asansol,Cuttack,600,122,478,20,Weekday,No,2025-04-25,low
TR10891,Asansol,Puri,600,228,372,28,Weekday,No,2025-04-02,low
TR10892,Asansol,Rourkela,600,154,446,27,Weekend,No,2025-04-20,low
TR10893,Asansol,Sambalpur,600,170,430,7,Weekday,No,2025-07-23,low
TR10894,Asansol,Guwahati,600,123,477,0,Weekday,No,2025-10-23,low
TR10895,Asansol,Dibrugarh,600,199,401,26,Weekend,No,2024-08-04,low
TR10896,Asansol,Agartala,600,259,341,33,Weekend,Yes,2025-11-09,medium
TR10897,Asansol,Silchar,600,126,474,46,Weekday,No,2025-04-03,low
TR10898,Asansol,Visakhapatnam,600,252,348,11,Weekday,No,2025-03-11,medium
TR10899,Asansol,Vijayawada,600,186,414,5,Weekday,No,2024-08-27,low
TR10900,Asansol,Guntur,600,170,430,35,Weekday,No,2024-10-31,low
TR10901,Asansol,Tirupati,600,188,412,54,Weekday,Yes,2025-04-21,low
TR10902,Asansol,Rajahmundry,600,188,412,14,Weekend,Yes,2024-09-22,low
TR10903,Asansol,Warangal,600,258,342,5,Weekday,No,2024-07-29,medium
TR10904,Asansol,Nizamabad,600,194,406,24,Weekday,No,2025-08-21,low
TR10905,Asansol,Coimbatore,600,195,405,33,Weekday,No,2024-10-30,low
TR10906,Asansol,Madurai,600,149,451,37,Weekday,No,2025-04-16,low
TR10907,Asansol,Trichy,600,209,391,6,Weekday,No,2024-01-23,low
TR10908,Asansol,Salem,600,123,477,39,Weekday,No,2024-02-26,low
TR10909,Asansol,Erode,600,174,426,20,Weekday,No,2025-09-12,low
TR10910,Asansol,Tirunelveli,600,307,293,1,Weekend,No,2024-04-13,medium
TR10911,Asansol,Thoothukudi,600,90,510,55,Weekday,No,2025-08-04,low
TR10912,Asansol,Vellore,600,180,420,32,Weekday,No,2025-10-20,low
TR10913,Asansol,Kochi,600,182,418,18,Weekday,No,2024-12-17,low
TR10914,Asansol,Thiruvananthapuram,600,158,442,48,Weekday,Yes,2025-10-08,low
TR10915,Asansol,Kozhikode,600,159,441,47,Weekday,No,2024-11-08,low
TR10916,Asansol,Thrissur,600,173,427,12,Weekday,No,2025-11-26,low
TR10917,Asansol,Kollam,600,157,443,57,Weekend,No,2024-06-22,low
TR10918,Asansol,Mysore,600,180,420,31,Weekday,No,2024-11-08,low
TR10919,Asansol,Mangalore,600,146,454,15,Weekday,No,2024-10-11,low
TR10920,Asansol,Hubli,600,266,334,26,Weekend,No,2025-07-27,medium
TR10921,Asansol,Belgaum,600,157,443,11,Weekday,No,2024-02-01,low
TR10922,Asansol,Davangere,600,196,404,50,Weekday,No,2025-08-28,low
TR10923,Asansol,Vadodara,600,137,463,16,Weekday,No,2024-01-18,low
TR10924,Asansol,Rajkot,600,214,386,26,Weekend,No,2024-08-18,low
TR10925,Asansol,Jamnagar,600,204,396,4,Weekday,No,2025-03-11,low
TR10926,Asansol,Bhavnagar,600,189,411,56,Weekday,No,2024-04-16,low
TR10927,Asansol,Gandhinagar,600,120,480,18,Weekday,No,2024-12-24,low
TR10928,Asansol,Nashik,600,133,467,39,Weekday,No,2025-12-29,low
TR10929,Asansol,Aurangabad,600,250,350,21,Weekend,No,2025-08-24,medium
TR10930,Asansol,Kolhapur,600,132,468,33,Weekday,No,2024-01-23,low
TR10931,Asansol,Solapur,600,200,400,33,Weekend,No,2025-03-08,low
TR10932,Asansol,Thane,600,124,476,17,Weekday,No,2025-03-12,low
TR10933,Asansol,Navi Mumbai,600,217,383,25,Weekday,No,2024-02-19,low
TR10934,Asansol,Amravati,600,136,464,35,Weekend,No,2025-04-20,low
TR10935,Asansol,Jodhpur,600,123,477,13,Weekday,No,2025-01-15,low
TR10936,Asansol,Udaipur,600,135,465,7,Weekday,No,2025-05-13,low
TR10937,Asansol,Ajmer,600,142,458,10,Weekday,No,2024-08-05,low
TR10938,Asansol,Kota,600,188,412,24,Weekday,No,2024-07-05,low
TR10939,Asansol,Bikaner,600,172,428,12,Weekend,No,2025-06-21,low
TR10940,Asansol,Alwar,600,116,484,17,Weekday,No,2025-06-11,low
TR10941,Asansol,Varanasi,600,168,432,41,Weekend,No,2024-04-28,low
TR10942,Asansol,Prayagraj,600,114,486,40,Weekday,No,2024-06-07,low
TR10943,Asansol,Agra,600,200,400,56,Weekday,No,2025-03-04,low
TR10944,Asansol,Meerut,600,209,391,45,Weekday,No,2025-08-29,low
TR10945,Asansol,Bareilly,600,168,432,25,Weekday,No,2024-05-27,low
TR10946,Asansol,Gorakhpur,600,182,418,55,Weekend,No,2024-06-09,low
TR10947,Asansol,Mathura,600,253,347,55,Weekday,No,2025-08-13,medium
TR10948,Asansol,Dehradun,600,161,439,13,Weekend,No,2025-05-24,low
TR10949,Asansol,Haridwar,600,124,476,10,Weekday,No,2025-10-21,low
TR10950,Asansol,Amritsar,600,197,403,53,Weekend,No,2025-07-26,low
TR10951,Asansol,Ludhiana,600,115,485,53,Weekday,No,2025-11-27,low
TR10952,Asansol,Jalandhar,600,159,441,50,Weekend,No,2024-05-18,low
TR10953,Asansol,Patiala,600,140,460,27,Weekday,No,2024-07-17,low
TR10954,Asansol,Chandigarh,600,135,465,51,Weekend,No,2024-06-22,low
TR10955,Asansol,Jammu,600,157,443,46,Weekend,No,2024-02-10,low
TR10956,Asansol,Srinagar,600,212,388,44,Weekday,No,2025-07-23,low
TR10957,Asansol,Raipur,600,222,378,36,Weekday,No,2025-04-28,low
TR10958,Asansol,Bilaspur,600,213,387,16,Weekend,No,2024-03-03,low
TR10959,Asansol,Durg,600,185,415,44,Weekday,No,2024-05-24,low
TR10960,Asansol,Jabalpur,600,157,443,52,Weekend,No,2024-05-19,low
TR10961,Asansol,Gwalior,600,90,510,53,Weekday,No,2024-10-21,low
TR10962,Asansol,Ujjain,600,187,413,35,Weekday,No,2024-11-28,low
TR10963,Asansol,Rewa,600,90,510,2,Weekday,No,2024-07-30,low
TR10964,Asansol,Dhanbad,600,90,510,44,Weekday,No,2025-11-10,low
TR10965,Asansol,Jamshedpur,600,161,439,15,Weekday,No,2024-06-04,low
TR10966,Asansol,Tatanagar,600,182,418,12,Weekday,No,2025-02-14,low
TR10967,Asansol,Gaya,600,147,453,4,Weekend,No,2024-11-16,low
TR10968,Asansol,Muzaffarpur,600,243,357,9,Weekday,No,2024-10-10,medium
TR10969,Asansol,Bhagalpur,600,191,409,29,Weekday,No,2025-08-26,low
TR10970,Asansol,Siliguri,600,157,443,16,Weekday,No,2025-12-16,low
TR10971,Asansol,New Jalpaiguri,600,235,365,22,Weekday,No,2024-01-05,low
TR10972,Asansol,Durgapur,600,244,356,30,Weekday,No,2024-12-04,medium
TR10973,Asansol,Howrah,600,194,406,31,Weekday,No,2024-03-28,low
TR10974,Asansol,Malda,600,132,468,24,Weekday,Yes,2024-11-13,low
TR10975,Asansol,Panaji,600,143,457,27,Weekday,No,2025-03-27,low
TR10976,Jamshedpur,Delhi,600,100,500,53,Weekend,No,2024-10-27,low
TR10977,Jamshedpur,New Delhi,600,167,433,16,Weekday,No,2024-08-13,low
TR10978,Jamshedpur,Mumbai,600,119,481,0,Weekday,No,2024-08-16,low
TR10979,Jamshedpur,Chennai,600,153,447,48,Weekday,No,2024-08-07,low
TR10980,Jamshedpur,Kolkata,600,181,419,4,Weekday,No,2024-08-26,low
TR10981,Jamshedpur,Bangalore,600,90,510,46,Weekday,No,2024-09-30,low
TR10982,Jamshedpur,Hyderabad,600,108,492,19,Weekend,Yes,2025-05-17,low
TR10983,Jamshedpur,Pune,600,145,455,50,Weekday,No,2024-03-11,low
TR10984,Jamshedpur,Ahmedabad,600,166,434,10,Weekday,No,2024-01-30,low
TR10985,Jamshedpur,Jaipur,600,145,455,9,Weekend,No,2025-01-12,low
TR10986,Jamshedpur,Surat,600,156,444,24,Weekday,No,2025-05-13,low
TR10987,Jamshedpur,Lucknow,600,135,465,25,Weekday,No,2024-07-08,low
TR10988,Jamshedpur,Kanpur,600,99,501,43,Weekday,No,2024-05-27,low
TR10989,Jamshedpur,Nagpur,600,143,457,38,Weekday,Yes,2025-04-01,low
TR10990,Jamshedpur,Indore,600,159,441,59,Weekday,No,2024-10-07,low
TR10991,Jamshedpur,Bhopal,600,154,446,40,Weekend,Yes,2025-06-22,low
TR10992,Jamshedpur,Patna,600,174,426,12,Weekday,Yes,2024-04-17,low
TR10993,Jamshedpur,Ranchi,600,189,411,5,Weekday,No,2024-03-29,low
TR10994,Jamshedpur,Bhubaneswar,600,202,398,15,Weekend,Yes,2025-02-08,low
TR10995,Jamshedpur,Cuttack,600,139,461,59,Weekend,No,2024-10-13,low
TR10996,Jamshedpur,Puri,600,93,507,46,Weekday,No,2025-06-17,low
TR10997,Jamshedpur,Rourkela,600,230,370,44,Weekend,No,2025-01-04,low
TR10998,Jamshedpur,Sambalpur,600,187,413,16,Weekday,No,2024-09-16,low
TR10999,Jamshedpur,Guwahati,600,123,477,28,Weekday,No,2024-04-26,low
TR11000,Jamshedpur,Dibrugarh,600,182,418,42,Weekday,No,2024-04-29,low
TR11001,Jamshedpur,Agartala,600,220,380,56,Weekend,No,2025-07-06,low
TR11002,Jamshedpur,Silchar,600,252,348,35,Weekday,No,2024-06-14,medium
TR11003,Jamshedpur,Visakhapatnam,600,181,419,1,Weekday,No,2025-01-02,low
TR11004,Jamshedpur,Vijayawada,600,220,380,51,Weekday,No,2025-08-21,low
TR11005,Jamshedpur,Guntur,600,111,489,56,Weekend,No,2025-10-18,low
TR11006,Jamshedpur,Tirupati,600,167,433,2,Weekend,Yes,2024-07-14,low
TR11007,Jamshedpur,Rajahmundry,600,153,447,23,Weekday,No,2024-03-21,low
TR11008,Jamshedpur,Warangal,600,185,415,58,Weekend,No,2025-07-20,low
TR11009,Jamshedpur,Nizamabad,600,246,354,57,Weekend,No,2025-05-17,medium
TR11010,Jamshedpur,Coimbatore,600,181,419,57,Weekday,No,2024-08-30,low
TR11011,Jamshedpur,Madurai,600,124,476,58,Weekend,Yes,2025-03-09,low
TR11012,Jamshedpur,Trichy,600,108,492,1,Weekday,No,2024-05-17,low
TR11013,Jamshedpur,Salem,600,248,352,9,Weekday,No,2025-05-27,medium
TR11014,Jamshedpur,Erode,600,194,406,29,Weekend,No,2025-06-15,low
TR11015,Jamshedpur,Tirunelveli,600,190,410,36,Weekday,No,2024-08-06,low
TR11016,Jamshedpur,Thoothukudi,600,152,448,24,Weekend,No,2024-12-08,low
TR11017,Jamshedpur,Vellore,600,182,418,16,Weekend,No,2024-09-01,low
TR11018,Jamshedpur,Kochi,600,122,478,15,Weekday,No,2024-01-23,low
TR11019,Jamshedpur,Thiruvananthapuram,600,188,412,36,Weekday,No,2024-04-03,low
TR11020,Jamshedpur,Kozhikode,600,113,487,58,Weekday,No,2025-12-02,low
TR11021,Jamshedpur,Thrissur,600,152,448,49,Weekday,No,2024-11-29,low
TR11022,Jamshedpur,Kollam,600,138,462,10,Weekday,No,2024-04-18,low
TR11023,Jamshedpur,Mysore,600,90,510,8,Weekday,No,2024-02-02,low
TR11024,Jamshedpur,Mangalore,600,152,448,15,Weekend,No,2024-09-15,low
TR11025,Jamshedpur,Hubli,600,126,474,43,Weekday,No,2025-12-19,low
TR11026,Jamshedpur,Belgaum,600,159,441,0,Weekday,No,2024-10-08,low
TR11027,Jamshedpur,Davangere,600,169,431,42,Weekday,No,2025-12-31,low
TR11028,Jamshedpur,Vadodara,600,254,346,34,Weekday,No,2024-12-23,medium
TR11029,Jamshedpur,Rajkot,600,184,416,39,Weekend,No,2025-07-12,low
TR11030,Jamshedpur,Jamnagar,600,185,415,51,Weekday,No,2025-07-28,low
TR11031,Jamshedpur,Bhavnagar,600,193,407,35,Weekend,No,2024-01-21,low
TR11032,Jamshedpur,Gandhinagar,600,211,389,37,Weekday,No,2024-01-05,low
TR11033,Jamshedpur,Nashik,600,191,409,28,Weekday,Yes,2025-11-05,low
TR11034,Jamshedpur,Aurangabad,600,182,418,39,Weekday,Yes,2025-11-12,low
TR11035,Jamshedpur,Kolhapur,600,203,397,22,Weekend,No,2024-04-06,low
TR11036,Jamshedpur,Solapur,600,90,510,3,Weekday,No,2025-04-17,low
TR11037,Jamshedpur,Thane,600,269,331,1,Weekday,No,2025-11-06,medium
TR11038,Jamshedpur,Navi Mumbai,600,245,355,42,Weekday,No,2025-11-25,medium
TR11039,Jamshedpur,Amravati,600,179,421,38,Weekend,No,2024-08-04,low
TR11040,Jamshedpur,Jodhpur,600,101,499,24,Weekday,No,2025-08-20,low
TR11041,Jamshedpur,Udaipur,600,227,373,44,Weekday,No,2025-04-17,low
TR11042,Jamshedpur,Ajmer,600,136,464,28,Weekend,No,2025-11-09,low
TR11043,Jamshedpur,Kota,600,195,405,15,Weekday,No,2024-04-17,low
TR11044,Jamshedpur,Bikaner,600,107,493,35,Weekend,Yes,2025-03-15,low
TR11045,Jamshedpur,Alwar,600,276,324,22,Weekday,No,2024-01-18,medium
TR11046,Jamshedpur,Varanasi,600,100,500,58,Weekday,No,2024-09-18,low
TR11047,Jamshedpur,Prayagraj,600,172,428,43,Weekday,No,2024-01-09,low
TR11048,Jamshedpur,Agra,600,90,510,44,Weekday,No,2024-11-19,low
TR11049,Jamshedpur,Meerut,600,167,433,41,Weekday,No,2025-08-15,low
TR11050,Jamshedpur,Bareilly,600,149,451,41,Weekend,No,2025-04-26,low
TR11051,Jamshedpur,Gorakhpur,600,224,376,46,Weekday,No,2024-08-19,low
TR11052,Jamshedpur,Mathura,600,149,451,25,Weekday,No,2024-11-08,low
TR11053,Jamshedpur,Dehradun,600,224,376,49,Weekday,No,2024-09-25,low
TR11054,Jamshedpur,Haridwar,600,120,480,2,Weekday,No,2025-06-18,low
TR11055,Jamshedpur,Amritsar,600,155,445,39,Weekend,No,2024-07-13,low
TR11056,Jamshedpur,Ludhiana,600,156,444,32,Weekday,No,2024-03-08,low
TR11057,Jamshedpur,Jalandhar,600,193,407,0,Weekend,No,2025-01-05,low
TR11058,Jamshedpur,Patiala,600,187,413,39,Weekday,No,2025-08-29,low
TR11059,Jamshedpur,Chandigarh,600,204,396,0,Weekend,No,2024-12-14,low
TR11060,Jamshedpur,Jammu,600,182,418,42,Weekday,No,2024-05-29,low
TR11061,Jamshedpur,Srinagar,600,201,399,31,Weekend,No,2024-02-03,low
TR11062,Jamshedpur,Raipur,600,126,474,36,Weekday,No,2025-11-21,low
TR11063,Jamshedpur,Bilaspur,600,188,412,36,Weekday,No,2025-07-10,low
TR11064,Jamshedpur,Durg,600,246,354,18,Weekday,No,2024-04-23,medium
TR11065,Jamshedpur,Jabalpur,600,90,510,37,Weekend,No,2024-02-24,low
TR11066,Jamshedpur,Gwalior,600,192,408,13,Weekday,No,2024-04-04,low
TR11067,Jamshedpur,Ujjain,600,201,399,45,Weekday,No,2024-10-02,low
TR11068,Jamshedpur,Rewa,600,239,361,5,Weekend,No,2025-08-16,low
TR11069,Jamshedpur,Dhanbad,600,204,396,8,Weekday,No,2024-04-26,low
TR11070,Jamshedpur,Asansol,600,174,426,42,Weekday,No,2025-08-21,low
TR11071,Jamshedpur,Tatanagar,600,190,410,3,Weekday,No,2024-01-02,low
TR11072,Jamshedpur,Gaya,600,134,466,58,Weekday,No,2025-06-24,low
TR11073,Jamshedpur,Muzaffarpur,600,150,450,1,Weekday,No,2024-07-25,low
TR11074,Jamshedpur,Bhagalpur,600,105,495,31,Weekday,No,2025-12-03,low
TR11075,Jamshedpur,Siliguri,600,240,360,59,Weekday,No,2024-12-13,medium
TR11076,Jamshedpur,New Jalpaiguri,600,191,409,40,Weekday,No,2024-07-16,low
TR11077,Jamshedpur,Durgapur,600,125,475,37,Weekday,Yes,2024-06-26,low
TR11078,Jamshedpur,Howrah,600,182,418,41,Weekday,No,2025-08-27,low
TR11079,Jamshedpur,Malda,600,225,375,42,Weekday,No,2024-10-21,low
TR11080,Jamshedpur,Panaji,600,217,383,9,Weekend,No,2024-09-14,low
TR11081,Tatanagar,Delhi,600,124,476,18,Weekend,No,2025-06-21,low
TR11082,Tatanagar,New Delhi,600,90,510,11,Weekday,No,2025-01-27,low
TR11083,Tatanagar,Mumbai,600,188,412,12,Weekday,Yes,2025-04-30,low
TR11084,Tatanagar,Chennai,600,126,474,12,Weekday,No,2024-11-21,low
TR11085,Tatanagar,Kolkata,600,199,401,38,Weekday,No,2024-02-16,low
TR11086,Tatanagar,Bangalore,600,215,385,55,Weekday,No,2024-01-05,low
TR11087,Tatanagar,Hyderabad,600,222,378,33,Weekday,No,2024-01-29,low
TR11088,Tatanagar,Pune,600,253,347,0,Weekend,No,2025-02-23,medium
TR11089,Tatanagar,Ahmedabad,600,228,372,41,Weekday,No,2025-01-10,low
TR11090,Tatanagar,Jaipur,600,253,347,32,Weekday,No,2025-06-30,medium
TR11091,Tatanagar,Surat,600,235,365,46,Weekday,No,2025-10-15,low
TR11092,Tatanagar,Lucknow,600,239,361,22,Weekday,No,2024-05-07,low
TR11093,Tatanagar,Kanpur,600,167,433,25,Weekend,No,2025-11-30,low
TR11094,Tatanagar,Nagpur,600,107,493,39,Weekday,Yes,2025-11-12,low
TR11095,Tatanagar,Indore,600,288,312,42,Weekday,No,2025-03-26,medium
TR11096,Tatanagar,Bhopal,600,172,428,13,Weekday,No,2025-01-22,low
TR11097,Tatanagar,Patna,600,228,372,35,Weekday,No,2024-05-09,low
TR11098,Tatanagar,Ranchi,600,143,457,57,Weekday,Yes,2024-05-10,low
TR11099,Tatanagar,Bhubaneswar,600,215,385,3,Weekend,Yes,2024-01-14,low
TR11100,Tatanagar,Cuttack,600,90,510,19,Weekday,No,2025-04-17,low
TR11101,Tatanagar,Puri,600,149,451,32,Weekday,No,2024-11-12,low
TR11102,Tatanagar,Rourkela,600,164,436,55,Weekday,No,2024-05-20,low
TR11103,Tatanagar,Sambalpur,600,191,409,58,Weekend,No,2024-04-07,low
TR11104,Tatanagar,Guwahati,600,220,380,35,Weekday,No,2024-02-16,low
TR11105,Tatanagar,Dibrugarh,600,116,484,32,Weekend,No,2025-04-13,low
TR11106,Tatanagar,Agartala,600,201,399,24,Weekday,No,2025-05-15,low
TR11107,Tatanagar,Silchar,600,228,372,26,Weekend,No,2025-04-06,low
TR11108,Tatanagar,Visakhapatnam,600,282,318,44,Weekday,No,2024-03-21,medium
TR11109,Tatanagar,Vijayawada,600,203,397,32,Weekday,No,2024-01-31,low
TR11110,Tatanagar,Guntur,600,147,453,33,Weekday,No,2024-03-18,low
TR11111,Tatanagar,Tirupati,600,108,492,50,Weekday,No,2025-07-03,low
TR11112,Tatanagar,Rajahmundry,600,257,343,8,Weekday,No,2025-06-24,medium
TR11113,Tatanagar,Warangal,600,204,396,57,Weekend,No,2024-08-03,low
TR11114,Tatanagar,Nizamabad,600,168,432,42,Weekend,No,2024-02-10,low
TR11115,Tatanagar,Coimbatore,600,91,509,35,Weekday,No,2024-08-21,low
TR11116,Tatanagar,Madurai,600,124,476,34,Weekday,No,2025-08-14,low
TR11117,Tatanagar,Trichy,600,199,401,34,Weekend,No,2024-04-14,low
TR11118,Tatanagar,Salem,600,186,414,33,Weekday,No,2025-08-04,low
TR11119,Tatanagar,Erode,600,90,510,21,Weekday,No,2024-12-04,low
TR11120,Tatanagar,Tirunelveli,600,199,401,44,Weekend,No,2024-04-13,low
TR11121,Tatanagar,Thoothukudi,600,94,506,15,Weekday,No,2025-11-13,low
TR11122,Tatanagar,Vellore,600,234,366,39,Weekday,No,2025-01-13,low
TR11123,Tatanagar,Kochi,600,179,421,31,Weekday,No,2025-05-05,low
TR11124,Tatanagar,Thiruvananthapuram,600,147,453,21,Weekday,No,2024-03-11,low
TR11125,Tatanagar,Kozhikode,600,216,384,48,Weekend,No,2024-09-28,low
TR11126,Tatanagar,Thrissur,600,186,414,19,Weekday,No,2025-04-07,low
TR11127,Tatanagar,Kollam,600,233,367,39,Weekday,No,2025-04-16,low
TR11128,Tatanagar,Mysore,600,173,427,15,Weekday,Yes,2024-02-16,low
TR11129,Tatanagar,Mangalore,600,176,424,12,Weekday,No,2025-03-17,low
TR11130,Tatanagar,Hubli,600,155,445,34,Weekday,No,2025-11-21,low
TR11131,Tatanagar,Belgaum,600,182,418,58,Weekday,No,2025-07-28,low
TR11132,Tatanagar,Davangere,600,250,350,17,Weekday,No,2024-05-31,medium
TR11133,Tatanagar,Vadodara,600,145,455,6,Weekday,Yes,2025-10-29,low
TR11134,Tatanagar,Rajkot,600,200,400,7,Weekday,No,2025-05-14,low
TR11135,Tatanagar,Jamnagar,600,127,473,29,Weekend,No,2024-02-11,low
TR11136,Tatanagar,Bhavnagar,600,90,510,46,Weekday,No,2024-04-03,low
TR11137,Tatanagar,Gandhinagar,600,179,421,42,Weekday,No,2025-11-04,low
TR11138,Tatanagar,Nashik,600,187,413,12,Weekend,No,2024-06-02,low
TR11139,Tatanagar,Aurangabad,600,164,436,50,Weekday,Yes,2024-03-11,low
TR11140,Tatanagar,Kolhapur,600,97,503,9,Weekday,No,2024-11-25,low
TR11141,Tatanagar,Solapur,600,184,416,33,Weekend,No,2025-01-19,low
TR11142,Tatanagar,Thane,600,182,418,50,Weekend,No,2025-02-22,low
TR11143,Tatanagar,Navi Mumbai,600,126,474,48,Weekend,No,2025-04-26,low
TR11144,Tatanagar,Amravati,600,104,496,42,Weekday,No,2025-12-31,low
TR11145,Tatanagar,Jodhpur,600,157,443,19,Weekday,Yes,2025-07-09,low
TR11146,Tatanagar,Udaipur,600,200,400,45,Weekday,No,2024-01-19,low
TR11147,Tatanagar,Ajmer,600,189,411,23,Weekday,No,2024-03-05,low
TR11148,Tatanagar,Kota,600,127,473,21,Weekday,No,2024-01-01,low
TR11149,Tatanagar,Bikaner,600,176,424,31,Weekday,No,2024-10-15,low
TR11150,Tatanagar,Alwar,600,212,388,37,Weekday,Yes,2024-09-13,low
TR11151,Tatanagar,Varanasi,600,113,487,12,Weekday,No,2025-11-13,low
TR11152,Tatanagar,Prayagraj,600,172,428,55,Weekday,No,2024-09-24,low
TR11153,Tatanagar,Agra,600,233,367,52,Weekday,No,2024-01-23,low
TR11154,Tatanagar,Meerut,600,108,492,16,Weekday,No,2025-10-08,low
TR11155,Tatanagar,Bareilly,600,224,376,14,Weekday,No,2024-07-09,low
TR11156,Tatanagar,Gorakhpur,600,247,353,4,Weekday,No,2025-10-29,medium
TR11157,Tatanagar,Mathura,600,158,442,24,Weekend,No,2025-07-20,low
TR11158,Tatanagar,Dehradun,600,152,448,10,Weekend,Yes,2025-10-05,low
TR11159,Tatanagar,Haridwar,600,219,381,55,Weekday,No,2025-08-22,low
TR11160,Tatanagar,Amritsar,600,160,440,53,Weekend,Yes,2024-04-14,low
TR11161,Tatanagar,Ludhiana,600,90,510,49,Weekday,No,2025-04-02,low
TR11162,Tatanagar,Jalandhar,600,164,436,16,Weekday,No,2024-10-28,low
TR11163,Tatanagar,Patiala,600,192,408,41,Weekday,No,2025-04-04,low
TR11164,Tatanagar,Chandigarh,600,204,396,29,Weekend,No,2025-06-29,low
TR11165,Tatanagar,Jammu,600,127,473,16,Weekday,Yes,2025-01-01,low
TR11166,Tatanagar,Srinagar,600,156,444,32,Weekday,No,2024-08-16,low
TR11167,Tatanagar,Raipur,600,216,384,9,Weekday,No,2025-10-31,low
TR11168,Tatanagar,Bilaspur,600,166,434,57,Weekday,No,2025-04-29,low
TR11169,Tatanagar,Durg,600,96,504,9,Weekday,No,2025-10-09,low
TR11170,Tatanagar,Jabalpur,600,228,372,18,Weekend,No,2024-06-22,low
TR11171,Tatanagar,Gwalior,600,159,441,13,Weekday,No,2025-09-04,low
TR11172,Tatanagar,Ujjain,600,221,379,31,Weekend,No,2024-08-24,low
TR11173,Tatanagar,Rewa,600,102,498,40,Weekday,No,2024-12-02,low
TR11174,Tatanagar,Dhanbad,600,163,437,57,Weekend,No,2025-09-20,low
TR11175,Tatanagar,Asansol,600,193,407,23,Weekday,No,2024-09-16,low
TR11176,Tatanagar,Jamshedpur,600,165,435,12,Weekday,No,2024-07-02,low
TR11177,Tatanagar,Gaya,600,112,488,1,Weekday,No,2025-10-31,low
TR11178,Tatanagar,Muzaffarpur,600,90,510,35,Weekday,No,2025-12-05,low
TR11179,Tatanagar,Bhagalpur,600,242,358,58,Weekday,No,2024-08-15,medium
TR11180,Tatanagar,Siliguri,600,181,419,3,Weekend,No,2024-08-11,low
TR11181,Tatanagar,New Jalpaiguri,600,225,375,59,Weekend,No,2024-06-15,low
TR11182,Tatanagar,Durgapur,600,214,386,15,Weekday,No,2024-01-18,low
TR11183,Tatanagar,Howrah,600,198,402,54,Weekend,No,2025-02-08,low
TR11184,Tatanagar,Malda,600,154,446,4,Weekday,No,2024-07-05,low
TR11185,Tatanagar,Panaji,600,192,408,53,Weekday,No,2025-09-12,low
TR11186,Gaya,Delhi,600,238,362,19,Weekend,Yes,2024-05-05,low
TR11187,Gaya,New Delhi,600,173,427,16,Weekday,No,2025-04-09,low
TR11188,Gaya,Mumbai,600,260,340,12,Weekend,Yes,2025-01-05,medium
TR11189,Gaya,Chennai,600,97,503,8,Weekend,Yes,2025-03-23,low
TR11190,Gaya,Kolkata,600,92,508,47,Weekend,No,2024-03-23,low
TR11191,Gaya,Bangalore,600,216,384,4,Weekend,No,2024-12-07,low
TR11192,Gaya,Hyderabad,600,130,470,27,Weekday,No,2025-04-02,low
TR11193,Gaya,Pune,600,267,333,56,Weekday,No,2024-09-06,medium
TR11194,Gaya,Ahmedabad,600,233,367,24,Weekday,No,2025-10-01,low
TR11195,Gaya,Jaipur,600,245,355,49,Weekday,Yes,2025-01-22,medium
TR11196,Gaya,Surat,600,211,389,41,Weekend,No,2024-09-22,low
TR11197,Gaya,Lucknow,600,125,475,47,Weekday,Yes,2024-01-23,low
TR11198,Gaya,Kanpur,600,90,510,56,Weekday,No,2024-05-03,low
TR11199,Gaya,Nagpur,600,241,359,5,Weekend,No,2024-12-14,medium
TR11200,Gaya,Indore,600,97,503,18,Weekend,Yes,2024-10-19,low
TR11201,Gaya,Bhopal,600,245,355,19,Weekday,Yes,2025-09-29,medium
TR11202,Gaya,Patna,600,201,399,4,Weekday,No,2025-07-28,low
TR11203,Gaya,Ranchi,600,165,435,6,Weekday,No,2024-04-26,low
TR11204,Gaya,Bhubaneswar,600,190,410,6,Weekend,No,2025-03-08,low
TR11205,Gaya,Cuttack,600,191,409,56,Weekday,No,2024-11-28,low
TR11206,Gaya,Puri,600,159,441,51,Weekday,Yes,2024-03-14,low
TR11207,Gaya,Rourkela,600,237,363,35,Weekday,No,2025-05-01,low
TR11208,Gaya,Sambalpur,600,236,364,50,Weekday,No,2025-01-27,low
TR11209,Gaya,Guwahati,600,176,424,20,Weekday,No,2024-03-04,low
TR11210,Gaya,Dibrugarh,600,140,460,28,Weekend,No,2024-12-08,low
TR11211,Gaya,Agartala,600,232,368,53,Weekday,No,2025-06-18,low
TR11212,Gaya,Silchar,600,90,510,8,Weekday,No,2024-08-27,low
TR11213,Gaya,Visakhapatnam,600,190,410,8,Weekday,No,2024-09-17,low
TR11214,Gaya,Vijayawada,600,204,396,31,Weekday,No,2024-03-21,low
TR11215,Gaya,Guntur,600,129,471,15,Weekday,Yes,2024-05-29,low
TR11216,Gaya,Tirupati,600,216,384,40,Weekday,No,2025-12-18,low
TR11217,Gaya,Rajahmundry,600,168,432,38,Weekend,Yes,2025-03-29,low
TR11218,Gaya,Warangal,600,143,457,19,Weekday,No,2024-05-08,low
TR11219,Gaya,Nizamabad,600,215,385,6,Weekday,No,2024-12-18,low
TR11220,Gaya,Coimbatore,600,117,483,4,Weekday,No,2024-05-20,low
TR11221,Gaya,Madurai,600,211,389,26,Weekday,No,2024-11-19,low
TR11222,Gaya,Trichy,600,90,510,19,Weekday,No,2024-04-16,low
TR11223,Gaya,Salem,600,183,417,2,Weekday,No,2025-03-28,low
TR11224,Gaya,Erode,600,171,429,41,Weekday,No,2025-02-20,low
TR11225,Gaya,Tirunelveli,600,143,457,57,Weekday,No,2025-04-08,low
TR11226,Gaya,Thoothukudi,600,188,412,58,Weekday,No,2024-11-20,low
TR11227,Gaya,Vellore,600,165,435,7,Weekend,No,2024-07-28,low
TR11228,Gaya,Kochi,600,220,380,11,Weekday,No,2024-07-01,low
TR11229,Gaya,Thiruvananthapuram,600,196,404,25,Weekday,No,2024-06-06,low
TR11230,Gaya,Kozhikode,600,191,409,54,Weekend,Yes,2024-11-09,low
TR11231,Gaya,Thrissur,600,183,417,34,Weekday,No,2024-11-26,low
TR11232,Gaya,Kollam,600,146,454,27,Weekday,Yes,2025-05-07,low
TR11233,Gaya,Mysore,600,154,446,55,Weekday,No,2024-02-08,low
TR11234,Gaya,Mangalore,600,181,419,39,Weekday,No,2024-07-24,low
TR11235,Gaya,Hubli,600,161,439,59,Weekday,No,2025-09-15,low
TR11236,Gaya,Belgaum,600,222,378,51,Weekday,Yes,2025-10-31,low
TR11237,Gaya,Davangere,600,173,427,59,Weekday,No,2025-11-11,low
TR11238,Gaya,Vadodara,600,187,413,33,Weekend,No,2024-08-11,low
TR11239,Gaya,Rajkot,600,102,498,22,Weekday,No,2024-04-10,low
TR11240,Gaya,Jamnagar,600,214,386,3,Weekday,No,2024-05-24,low
TR11241,Gaya,Bhavnagar,600,141,459,43,Weekend,Yes,2024-04-06,low
TR11242,Gaya,Gandhinagar,600,119,481,15,Weekday,No,2025-11-28,low
TR11243,Gaya,Nashik,600,248,352,0,Weekday,No,2025-10-07,medium
TR11244,Gaya,Aurangabad,600,202,398,48,Weekday,No,2025-08-15,low
TR11245,Gaya,Kolhapur,600,216,384,25,Weekday,No,2025-06-17,low
TR11246,Gaya,Solapur,600,191,409,33,Weekend,No,2024-09-07,low
TR11247,Gaya,Thane,600,164,436,47,Weekday,No,2024-12-13,low
TR11248,Gaya,Navi Mumbai,600,156,444,19,Weekend,Yes,2025-09-07,low
TR11249,Gaya,Amravati,600,206,394,49,Weekday,No,2025-08-18,low
TR11250,Gaya,Jodhpur,600,223,377,34,Weekday,No,2025-01-14,low
TR11251,Gaya,Udaipur,600,166,434,34,Weekday,No,2025-09-04,low
TR11252,Gaya,Ajmer,600,268,332,16,Weekday,Yes,2024-09-10,medium
TR11253,Gaya,Kota,600,159,441,47,Weekday,No,2024-10-29,low
TR11254,Gaya,Bikaner,600,102,498,14,Weekday,No,2025-09-05,low
TR11255,Gaya,Alwar,600,90,510,37,Weekday,Yes,2024-10-02,low
TR11256,Gaya,Varanasi,600,90,510,49,Weekday,No,2025-07-03,low
TR11257,Gaya,Prayagraj,600,149,451,6,Weekday,No,2024-11-27,low
TR11258,Gaya,Agra,600,158,442,24,Weekday,No,2024-08-05,low
TR11259,Gaya,Meerut,600,202,398,40,Weekend,No,2024-06-08,low
TR11260,Gaya,Bareilly,600,168,432,16,Weekday,No,2025-03-19,low
TR11261,Gaya,Gorakhpur,600,209,391,1,Weekday,No,2024-12-16,low
TR11262,Gaya,Mathura,600,171,429,24,Weekday,No,2024-09-27,low
TR11263,Gaya,Dehradun,600,170,430,29,Weekday,No,2025-06-27,low
TR11264,Gaya,Haridwar,600,141,459,55,Weekday,No,2024-01-01,low
TR11265,Gaya,Amritsar,600,237,363,48,Weekday,No,2024-03-08,low
TR11266,Gaya,Ludhiana,600,95,505,10,Weekday,No,2025-12-04,low
TR11267,Gaya,Jalandhar,600,183,417,16,Weekday,Yes,2025-04-30,low
TR11268,Gaya,Patiala,600,160,440,11,Weekday,No,2025-02-05,low
TR11269,Gaya,Chandigarh,600,206,394,54,Weekday,No,2024-01-11,low
TR11270,Gaya,Jammu,600,168,432,21,Weekday,No,2025-03-13,low
TR11271,Gaya,Srinagar,600,169,431,53,Weekday,No,2024-11-13,low
TR11272,Gaya,Raipur,600,156,444,3,Weekday,No,2025-03-14,low
TR11273,Gaya,Bilaspur,600,236,364,33,Weekday,No,2024-01-30,low
TR11274,Gaya,Durg,600,169,431,4,Weekday,No,2025-02-06,low
TR11275,Gaya,Jabalpur,600,263,337,33,Weekday,No,2025-02-26,medium
TR11276,Gaya,Gwalior,600,182,418,0,Weekday,No,2024-07-31,low
TR11277,Gaya,Ujjain,600,170,430,9,Weekday,No,2024-02-09,low
TR11278,Gaya,Rewa,600,162,438,8,Weekday,No,2025-12-11,low
TR11279,Gaya,Dhanbad,600,196,404,42,Weekday,No,2025-06-02,low
TR11280,Gaya,Asansol,600,141,459,38,Weekend,No,2025-03-30,low
TR11281,Gaya,Jamshedpur,600,176,424,33,Weekday,No,2025-07-14,low
TR11282,Gaya,Tatanagar,600,169,431,11,Weekday,No,2025-05-05,low
TR11283,Gaya,Muzaffarpur,600,185,415,15,Weekday,No,2024-04-08,low
TR11284,Gaya,Bhagalpur,600,186,414,22,Weekday,No,2024-11-28,low
TR11285,Gaya,Siliguri,600,188,412,58,Weekend,No,2025-10-11,low
TR11286,Gaya,New Jalpaiguri,600,174,426,42,Weekday,Yes,2024-07-29,low
TR11287,Gaya,Durgapur,600,244,356,1,Weekday,No,2025-12-11,medium
TR11288,Gaya,Howrah,600,189,411,1,Weekend,Yes,2024-02-17,low
TR11289,Gaya,Malda,600,294,306,20,Weekday,No,2024-08-29,medium
TR11290,Gaya,Panaji,600,171,429,12,Weekday,No,2024-09-13,low
TR11291,Muzaffarpur,Delhi,600,215,385,24,Weekday,No,2025-03-27,low
TR11292,Muzaffarpur,New Delhi,600,134,466,59,Weekday,No,2024-05-08,low
TR11293,Muzaffarpur,Mumbai,600,236,364,11,Weekend,No,2024-06-16,low
TR11294,Muzaffarpur,Chennai,600,135,465,35,Weekday,No,2025-04-28,low
TR11295,Muzaffarpur,Kolkata,600,191,409,28,Weekend,No,2024-07-27,low
TR11296,Muzaffarpur,Bangalore,600,156,444,39,Weekend,No,2025-10-04,low
TR11297,Muzaffarpur,Hyderabad,600,191,409,32,Weekend,No,2025-09-28,low
TR11298,Muzaffarpur,Pune,600,158,442,30,Weekday,No,2024-08-09,low
TR11299,Muzaffarpur,Ahmedabad,600,131,469,16,Weekday,No,2025-02-13,low
TR11300,Muzaffarpur,Jaipur,600,156,444,57,Weekend,No,2024-08-31,low
TR11301,Muzaffarpur,Surat,600,243,357,16,Weekday,No,2024-09-09,medium
TR11302,Muzaffarpur,Lucknow,600,191,409,8,Weekday,No,2025-05-05,low
TR11303,Muzaffarpur,Kanpur,600,107,493,5,Weekday,No,2024-08-02,low
TR11304,Muzaffarpur,Nagpur,600,222,378,4,Weekday,No,2024-04-19,low
TR11305,Muzaffarpur,Indore,600,126,474,21,Weekday,No,2024-07-08,low
TR11306,Muzaffarpur,Bhopal,600,205,395,48,Weekday,No,2025-11-10,low
TR11307,Muzaffarpur,Patna,600,195,405,9,Weekday,No,2024-07-08,low
TR11308,Muzaffarpur,Ranchi,600,199,401,0,Weekend,No,2024-09-22,low
TR11309,Muzaffarpur,Bhubaneswar,600,258,342,31,Weekday,No,2025-04-04,medium
TR11310,Muzaffarpur,Cuttack,600,129,471,33,Weekday,No,2024-03-14,low
TR11311,Muzaffarpur,Puri,600,198,402,33,Weekday,No,2024-07-15,low
TR11312,Muzaffarpur,Rourkela,600,229,371,0,Weekday,No,2024-05-07,low
TR11313,Muzaffarpur,Sambalpur,600,138,462,12,Weekday,No,2025-11-06,low
TR11314,Muzaffarpur,Guwahati,600,133,467,20,Weekday,Yes,2025-11-12,low
TR11315,Muzaffarpur,Dibrugarh,600,155,445,44,Weekend,No,2025-07-06,low
TR11316,Muzaffarpur,Agartala,600,185,415,39,Weekend,No,2024-06-29,low
TR11317,Muzaffarpur,Silchar,600,101,499,48,Weekday,No,2025-03-26,low
TR11318,Muzaffarpur,Visakhapatnam,600,195,405,32,Weekday,No,2025-04-29,low
TR11319,Muzaffarpur,Vijayawada,600,101,499,24,Weekend,Yes,2025-09-27,low
TR11320,Muzaffarpur,Guntur,600,231,369,33,Weekday,No,2024-04-24,low
TR11321,Muzaffarpur,Tirupati,600,194,406,23,Weekend,Yes,2025-06-22,low
TR11322,Muzaffarpur,Rajahmundry,600,261,339,9,Weekday,No,2024-05-21,medium
TR11323,Muzaffarpur,Warangal,600,201,399,34,Weekday,No,2025-02-19,low
TR11324,Muzaffarpur,Nizamabad,600,154,446,17,Weekend,No,2025-10-04,low
TR11325,Muzaffarpur,Coimbatore,600,131,469,15,Weekday,No,2024-02-15,low
TR11326,Muzaffarpur,Madurai,600,180,420,42,Weekday,No,2024-04-18,low
TR11327,Muzaffarpur,Trichy,600,167,433,3,Weekend,No,2025-08-17,low
TR11328,Muzaffarpur,Salem,600,226,374,1,Weekend,No,2024-01-14,low
TR11329,Muzaffarpur,Erode,600,124,476,21,Weekday,No,2025-05-15,low
TR11330,Muzaffarpur,Tirunelveli,600,266,334,35,Weekday,No,2025-01-01,medium
TR11331,Muzaffarpur,Thoothukudi,600,230,370,50,Weekday,No,2024-09-10,low
TR11332,Muzaffarpur,Vellore,600,159,441,31,Weekday,No,2025-09-22,low
TR11333,Muzaffarpur,Kochi,600,255,345,15,Weekday,No,2025-09-12,medium
TR11334,Muzaffarpur,Thiruvananthapuram,600,131,469,20,Weekday,No,2024-08-26,low
TR11335,Muzaffarpur,Kozhikode,600,179,421,22,Weekday,No,2024-01-04,low
TR11336,Muzaffarpur,Thrissur,600,108,492,20,Weekday,No,2024-04-03,low
TR11337,Muzaffarpur,Kollam,600,258,342,40,Weekday,No,2024-03-19,medium
TR11338,Muzaffarpur,Mysore,600,90,510,47,Weekday,No,2025-12-19,low
TR11339,Muzaffarpur,Mangalore,600,100,500,42,Weekday,No,2025-03-12,low
TR11340,Muzaffarpur,Hubli,600,138,462,22,Weekday,No,2025-05-09,low
TR11341,Muzaffarpur,Belgaum,600,232,368,17,Weekday,No,2024-06-17,low
TR11342,Muzaffarpur,Davangere,600,215,385,4,Weekend,No,2025-09-13,low
TR11343,Muzaffarpur,Vadodara,600,175,425,47,Weekday,No,2025-06-12,low
TR11344,Muzaffarpur,Rajkot,600,218,382,57,Weekday,No,2025-07-03,low
TR11345,Muzaffarpur,Jamnagar,600,163,437,3,Weekend,No,2024-12-08,low
TR11346,Muzaffarpur,Bhavnagar,600,189,411,7,Weekend,No,2025-05-25,low
TR11347,Muzaffarpur,Gandhinagar,600,248,352,12,Weekend,Yes,2025-02-01,medium
TR11348,Muzaffarpur,Nashik,600,157,443,47,Weekday,No,2024-10-08,low
TR11349,Muzaffarpur,Aurangabad,600,132,468,12,Weekday,No,2025-03-10,low
TR11350,Muzaffarpur,Kolhapur,600,192,408,0,Weekend,No,2024-08-25,low
TR11351,Muzaffarpur,Solapur,600,204,396,20,Weekday,No,2025-11-27,low
TR11352,Muzaffarpur,Thane,600,174,426,21,Weekend,No,2025-06-08,low
TR11353,Muzaffarpur,Navi Mumbai,600,217,383,23,Weekday,No,2025-06-24,low
TR11354,Muzaffarpur,Amravati,600,159,441,30,Weekend,No,2025-06-07,low
TR11355,Muzaffarpur,Jodhpur,600,175,425,14,Weekend,No,2024-11-23,low
TR11356,Muzaffarpur,Udaipur,600,187,413,1,Weekday,Yes,2025-11-25,low
TR11357,Muzaffarpur,Ajmer,600,183,417,6,Weekday,No,2024-05-31,low
TR11358,Muzaffarpur,Kota,600,246,354,44,Weekday,No,2025-02-19,medium
TR11359,Muzaffarpur,Bikaner,600,187,413,39,Weekday,No,2024-02-20,low
TR11360,Muzaffarpur,Alwar,600,154,446,15,Weekend,Yes,2024-08-03,low
TR11361,Muzaffarpur,Varanasi,600,194,406,56,Weekend,Yes,2025-02-23,low
TR11362,Muzaffarpur,Prayagraj,600,217,383,32,Weekday,No,2024-12-23,low
TR11363,Muzaffarpur,Agra,600,206,394,47,Weekday,No,2025-11-18,low
TR11364,Muzaffarpur,Meerut,600,203,397,47,Weekday,No,2025-03-24,low
TR11365,Muzaffarpur,Bareilly,600,97,503,18,Weekend,No,2024-10-27,low
TR11366,Muzaffarpur,Gorakhpur,600,90,510,35,Weekday,No,2024-11-07,low
TR11367,Muzaffarpur,Mathura,600,230,370,35,Weekend,No,2025-03-23,low
TR11368,Muzaffarpur,Dehradun,600,190,410,27,Weekday,No,2025-08-01,low
TR11369,Muzaffarpur,Haridwar,600,168,432,38,Weekend,No,2024-07-21,low
TR11370,Muzaffarpur,Amritsar,600,202,398,20,Weekday,No,2025-03-03,low
TR11371,Muzaffarpur,Ludhiana,600,261,339,5,Weekday,No,2025-02-24,medium
TR11372,Muzaffarpur,Jalandhar,600,237,363,2,Weekend,No,2024-01-07,low
TR11373,Muzaffarpur,Patiala,600,215,385,26,Weekday,Yes,2025-10-29,low
TR11374,Muzaffarpur,Chandigarh,600,126,474,54,Weekday,No,2025-02-20,low
TR11375,Muzaffarpur,Jammu,600,133,467,12,Weekday,No,2024-06-25,low
TR11376,Muzaffarpur,Srinagar,600,90,510,35,Weekday,No,2025-04-08,low
TR11377,Muzaffarpur,Raipur,600,199,401,9,Weekend,No,2025-05-10,low
TR11378,Muzaffarpur,Bilaspur,600,222,378,37,Weekday,No,2025-10-31,low
TR11379,Muzaffarpur,Durg,600,226,374,11,Weekday,No,2024-01-25,low
TR11380,Muzaffarpur,Jabalpur,600,201,399,26,Weekday,Yes,2024-10-29,low
TR11381,Muzaffarpur,Gwalior,600,162,438,48,Weekend,No,2024-05-11,low
TR11382,Muzaffarpur,Ujjain,600,142,458,22,Weekend,No,2025-02-23,low
TR11383,Muzaffarpur,Rewa,600,129,471,56,Weekday,No,2025-01-01,low
TR11384,Muzaffarpur,Dhanbad,600,161,439,2,Weekday,No,2024-12-13,low
TR11385,Muzaffarpur,Asansol,600,122,478,5,Weekday,No,2025-12-18,low
TR11386,Muzaffarpur,Jamshedpur,600,253,347,10,Weekday,No,2025-01-23,medium
TR11387,Muzaffarpur,Tatanagar,600,106,494,14,Weekend,Yes,2024-10-27,low
TR11388,Muzaffarpur,Gaya,600,159,441,25,Weekday,No,2024-02-19,low
TR11389,Muzaffarpur,Bhagalpur,600,90,510,54,Weekday,No,2024-07-30,low
TR11390,Muzaffarpur,Siliguri,600,183,417,14,Weekday,No,2025-10-17,low
TR11391,Muzaffarpur,New Jalpaiguri,600,169,431,21,Weekday,No,2024-11-26,low
TR11392,Muzaffarpur,Durgapur,600,152,448,2,Weekday,No,2025-10-27,low
TR11393,Muzaffarpur,Howrah,600,124,476,42,Weekday,Yes,2025-01-24,low
TR11394,Muzaffarpur,Malda,600,169,431,32,Weekday,No,2025-02-04,low
TR11395,Muzaffarpur,Panaji,600,143,457,2,Weekend,No,2024-11-10,low
TR11396,Bhagalpur,Delhi,600,162,438,27,Weekday,Yes,2025-02-10,low
TR11397,Bhagalpur,New Delhi,600,263,337,13,Weekend,No,2024-02-18,medium
TR11398,Bhagalpur,Mumbai,600,177,423,25,Weekday,Yes,2024-02-12,low
TR11399,Bhagalpur,Chennai,600,195,405,17,Weekday,No,2024-12-13,low
TR11400,Bhagalpur,Kolkata,600,147,453,47,Weekday,No,2025-03-13,low
TR11401,Bhagalpur,Bangalore,600,131,469,3,Weekday,No,2025-02-06,low
TR11402,Bhagalpur,Hyderabad,600,168,432,35,Weekend,No,2024-11-09,low
TR11403,Bhagalpur,Pune,600,289,311,47,Weekday,No,2024-08-02,medium
TR11404,Bhagalpur,Ahmedabad,600,155,445,0,Weekday,No,2025-06-02,low
TR11405,Bhagalpur,Jaipur,600,186,414,54,Weekday,Yes,2025-03-18,low
TR11406,Bhagalpur,Surat,600,129,471,45,Weekend,No,2024-02-04,low
TR11407,Bhagalpur,Lucknow,600,90,510,16,Weekday,No,2024-11-26,low
TR11408,Bhagalpur,Kanpur,600,131,469,28,Weekday,No,2025-06-03,low
TR11409,Bhagalpur,Nagpur,600,283,317,40,Weekend,No,2025-07-27,medium
TR11410,Bhagalpur,Indore,600,198,402,31,Weekend,Yes,2024-07-28,low
TR11411,Bhagalpur,Bhopal,600,248,352,45,Weekday,No,2025-11-07,medium
TR11412,Bhagalpur,Patna,600,152,448,53,Weekday,No,2025-04-21,low
TR11413,Bhagalpur,Ranchi,600,90,510,21,Weekday,No,2024-11-15,low
TR11414,Bhagalpur,Bhubaneswar,600,116,484,6,Weekday,No,2025-04-03,low
TR11415,Bhagalpur,Cuttack,600,188,412,25,Weekday,No,2025-09-29,low
TR11416,Bhagalpur,Puri,600,180,420,35,Weekday,No,2024-06-14,low
TR11417,Bhagalpur,Rourkela,600,168,432,46,Weekday,No,2024-04-19,low
TR11418,Bhagalpur,Sambalpur,600,143,457,16,Weekend,No,2024-11-17,low
TR11419,Bhagalpur,Guwahati,600,214,386,55,Weekend,Yes,2024-03-02,low
TR11420,Bhagalpur,Dibrugarh,600,145,455,2,Weekday,No,2025-09-02,low
TR11421,Bhagalpur,Agartala,600,184,416,34,Weekday,No,2025-12-10,low
TR11422,Bhagalpur,Silchar,600,178,422,26,Weekday,No,2025-03-18,low
TR11423,Bhagalpur,Visakhapatnam,600,151,449,41,Weekday,No,2025-12-17,low
TR11424,Bhagalpur,Vijayawada,600,127,473,17,Weekday,No,2024-02-20,low
TR11425,Bhagalpur,Guntur,600,148,452,55,Weekday,No,2025-04-07,low
TR11426,Bhagalpur,Tirupati,600,259,341,0,Weekday,No,2024-11-19,medium
TR11427,Bhagalpur,Rajahmundry,600,222,378,48,Weekend,Yes,2024-07-21,low
TR11428,Bhagalpur,Warangal,600,218,382,29,Weekday,No,2024-08-15,low
TR11429,Bhagalpur,Nizamabad,600,131,469,30,Weekend,No,2025-02-02,low
TR11430,Bhagalpur,Coimbatore,600,100,500,18,Weekday,No,2025-04-14,low
TR11431,Bhagalpur,Madurai,600,222,378,23,Weekday,No,2024-04-29,low
TR11432,Bhagalpur,Trichy,600,212,388,26,Weekday,No,2025-03-25,low
TR11433,Bhagalpur,Salem,600,176,424,18,Weekend,No,2025-11-08,low
TR11434,Bhagalpur,Erode,600,151,449,0,Weekday,No,2024-01-08,low
TR11435,Bhagalpur,Tirunelveli,600,99,501,24,Weekend,No,2025-10-04,low
TR11436,Bhagalpur,Thoothukudi,600,211,389,24,Weekday,No,2025-03-20,low
TR11437,Bhagalpur,Vellore,600,226,374,43,Weekend,No,2024-09-07,low
TR11438,Bhagalpur,Kochi,600,136,464,28,Weekend,No,2025-06-21,low
TR11439,Bhagalpur,Thiruvananthapuram,600,132,468,32,Weekday,No,2025-03-27,low
TR11440,Bhagalpur,Kozhikode,600,229,371,27,Weekday,No,2025-07-15,low
TR11441,Bhagalpur,Thrissur,600,138,462,25,Weekday,No,2024-02-29,low
TR11442,Bhagalpur,Kollam,600,254,346,43,Weekday,No,2024-02-13,medium
TR11443,Bhagalpur,Mysore,600,164,436,40,Weekday,No,2025-04-14,low
TR11444,Bhagalpur,Mangalore,600,150,450,59,Weekday,No,2024-08-09,low
TR11445,Bhagalpur,Hubli,600,171,429,29,Weekend,No,2024-06-23,low
TR11446,Bhagalpur,Belgaum,600,150,450,1,Weekend,No,2024-11-03,low
TR11447,Bhagalpur,Davangere,600,223,377,35,Weekend,No,2025-06-14,low
TR11448,Bhagalpur,Vadodara,600,211,389,23,Weekend,No,2024-05-11,low
TR11449,Bhagalpur,Rajkot,600,221,379,5,Weekday,No,2025-12-12,low
TR11450,Bhagalpur,Jamnagar,600,178,422,51,Weekend,Yes,2024-11-03,low
TR11451,Bhagalpur,Bhavnagar,600,147,453,37,Weekend,No,2024-04-20,low
TR11452,Bhagalpur,Gandhinagar,600,169,431,37,Weekday,No,2024-02-21,low
TR11453,Bhagalpur,Nashik,600,149,451,38,Weekday,No,2025-09-18,low
TR11454,Bhagalpur,Aurangabad,600,239,361,59,Weekend,Yes,2024-03-23,low
TR11455,Bhagalpur,Kolhapur,600,217,383,41,Weekend,No,2024-11-02,low
TR11456,Bhagalpur,Solapur,600,165,435,42,Weekend,No,2025-05-03,low
TR11457,Bhagalpur,Thane,600,124,476,45,Weekday,No,2025-01-10,low
TR11458,Bhagalpur,Navi Mumbai,600,243,357,43,Weekday,Yes,2024-07-10,medium
TR11459,Bhagalpur,Amravati,600,176,424,42,Weekday,No,2024-03-19,low
TR11460,Bhagalpur,Jodhpur,600,163,437,4,Weekday,No,2025-06-04,low
TR11461,Bhagalpur,Udaipur,600,243,357,24,Weekday,No,2024-12-24,medium
TR11462,Bhagalpur,Ajmer,600,144,456,16,Weekday,No,2024-02-05,low
TR11463,Bhagalpur,Kota,600,154,446,53,Weekend,No,2024-05-12,low
TR11464,Bhagalpur,Bikaner,600,158,442,35,Weekend,No,2025-02-15,low
TR11465,Bhagalpur,Alwar,600,106,494,30,Weekday,No,2024-05-03,low
TR11466,Bhagalpur,Varanasi,600,184,416,31,Weekend,No,2024-10-13,low
TR11467,Bhagalpur,Prayagraj,600,132,468,40,Weekday,No,2024-04-01,low
TR11468,Bhagalpur,Agra,600,142,458,45,Weekday,No,2025-08-05,low
TR11469,Bhagalpur,Meerut,600,135,465,12,Weekend,No,2025-04-05,low
TR11470,Bhagalpur,Bareilly,600,141,459,59,Weekend,Yes,2025-07-27,low
TR11471,Bhagalpur,Gorakhpur,600,129,471,45,Weekday,No,2024-02-08,low
TR11472,Bhagalpur,Mathura,600,181,419,12,Weekday,No,2024-10-01,low
TR11473,Bhagalpur,Dehradun,600,161,439,36,Weekend,Yes,2024-07-14,low
TR11474,Bhagalpur,Haridwar,600,171,429,25,Weekday,No,2025-03-31,low
TR11475,Bhagalpur,Amritsar,600,282,318,22,Weekend,No,2025-08-23,medium
TR11476,Bhagalpur,Ludhiana,600,161,439,52,Weekend,Yes,2024-06-15,low
TR11477,Bhagalpur,Jalandhar,600,198,402,17,Weekday,No,2025-07-16,low
TR11478,Bhagalpur,Patiala,600,203,397,50,Weekday,No,2025-02-28,low
TR11479,Bhagalpur,Chandigarh,600,166,434,38,Weekday,No,2025-08-25,low
TR11480,Bhagalpur,Jammu,600,182,418,49,Weekday,No,2024-02-29,low
TR11481,Bhagalpur,Srinagar,600,170,430,44,Weekday,No,2025-12-25,low
TR11482,Bhagalpur,Raipur,600,179,421,37,Weekday,No,2024-11-13,low
TR11483,Bhagalpur,Bilaspur,600,141,459,11,Weekday,No,2024-07-23,low
TR11484,Bhagalpur,Durg,600,145,455,59,Weekday,No,2024-05-13,low
TR11485,Bhagalpur,Jabalpur,600,170,430,38,Weekend,No,2025-12-20,low
TR11486,Bhagalpur,Gwalior,600,90,510,21,Weekday,No,2025-10-07,low
TR11487,Bhagalpur,Ujjain,600,241,359,15,Weekday,No,2024-04-05,medium
TR11488,Bhagalpur,Rewa,600,273,327,6,Weekday,No,2024-11-21,medium
TR11489,Bhagalpur,Dhanbad,600,177,423,18,Weekday,No,2025-06-20,low
TR11490,Bhagalpur,Asansol,600,201,399,7,Weekday,No,2025-03-07,low
TR11491,Bhagalpur,Jamshedpur,600,221,379,53,Weekend,No,2024-05-18,low
TR11492,Bhagalpur,Tatanagar,600,105,495,26,Weekday,No,2024-09-20,low
TR11493,Bhagalpur,Gaya,600,214,386,37,Weekday,Yes,2024-09-26,low
TR11494,Bhagalpur,Muzaffarpur,600,148,452,48,Weekday,Yes,2024-07-30,low
TR11495,Bhagalpur,Siliguri,600,279,321,57,Weekday,No,2025-12-03,medium
TR11496,Bhagalpur,New Jalpaiguri,600,160,440,27,Weekday,No,2024-05-28,low
TR11497,Bhagalpur,Durgapur,600,213,387,3,Weekend,No,2025-05-31,low
TR11498,Bhagalpur,Howrah,600,160,440,36,Weekday,No,2025-10-28,low
TR11499,Bhagalpur,Malda,600,274,326,56,Weekday,Yes,2025-08-04,medium
TR11500,Bhagalpur,Panaji,600,144,456,21,Weekday,No,2025-08-07,low
TR11501,Siliguri,Delhi,600,225,375,6,Weekday,Yes,2024-04-26,low
TR11502,Siliguri,New Delhi,600,199,401,42,Weekend,No,2024-04-07,low
TR11503,Siliguri,Mumbai,600,188,412,37,Weekend,No,2025-07-26,low
TR11504,Siliguri,Chennai,600,180,420,9,Weekend,No,2025-06-29,low
TR11505,Siliguri,Kolkata,600,137,463,0,Weekday,No,2025-06-26,low
TR11506,Siliguri,Bangalore,600,90,510,31,Weekday,No,2024-11-01,low
TR11507,Siliguri,Hyderabad,600,221,379,8,Weekday,No,2025-01-17,low
TR11508,Siliguri,Pune,600,145,455,11,Weekday,No,2024-01-12,low
TR11509,Siliguri,Ahmedabad,600,225,375,18,Weekday,No,2024-07-31,low
TR11510,Siliguri,Jaipur,600,186,414,28,Weekday,No,2025-01-21,low
TR11511,Siliguri,Surat,600,227,373,49,Weekday,No,2024-04-01,low
TR11512,Siliguri,Lucknow,600,207,393,25,Weekday,No,2024-04-05,low
TR11513,Siliguri,Kanpur,600,90,510,50,Weekend,No,2024-02-03,low
TR11514,Siliguri,Nagpur,600,198,402,36,Weekend,No,2024-06-02,low
TR11515,Siliguri,Indore,600,152,448,23,Weekday,No,2025-12-26,low
TR11516,Siliguri,Bhopal,600,225,375,30,Weekday,No,2025-05-23,low
TR11517,Siliguri,Patna,600,197,403,8,Weekday,No,2025-11-24,low
TR11518,Siliguri,Ranchi,600,198,402,58,Weekend,No,2024-07-06,low
TR11519,Siliguri,Bhubaneswar,600,156,444,18,Weekday,No,2025-03-13,low
TR11520,Siliguri,Cuttack,600,125,475,54,Weekday,No,2025-10-13,low
TR11521,Siliguri,Puri,600,148,452,38,Weekend,No,2024-09-14,low
TR11522,Siliguri,Rourkela,600,90,510,17,Weekday,No,2025-04-25,low
TR11523,Siliguri,Sambalpur,600,141,459,29,Weekday,No,2025-05-21,low
TR11524,Siliguri,Guwahati,600,99,501,7,Weekend,No,2025-08-31,low
TR11525,Siliguri,Dibrugarh,600,100,500,36,Weekday,No,2025-12-09,low
TR11526,Siliguri,Agartala,600,175,425,3,Weekday,No,2025-03-25,low
TR11527,Siliguri,Silchar,600,195,405,38,Weekend,No,2025-03-01,low
TR11528,Siliguri,Visakhapatnam,600,167,433,11,Weekend,No,2025-09-27,low
TR11529,Siliguri,Vijayawada,600,145,455,7,Weekday,No,2025-05-15,low
TR11530,Siliguri,Guntur,600,123,477,13,Weekend,No,2024-09-21,low
TR11531,Siliguri,Tirupati,600,154,446,5,Weekend,Yes,2025-04-05,low
TR11532,Siliguri,Rajahmundry,600,129,471,53,Weekday,No,2025-02-05,low
TR11533,Siliguri,Warangal,600,166,434,56,Weekend,No,2024-06-16,low
TR11534,Siliguri,Nizamabad,600,96,504,55,Weekend,No,2025-01-12,low
TR11535,Siliguri,Coimbatore,600,203,397,43,Weekday,No,2025-03-31,low
TR11536,Siliguri,Madurai,600,142,458,13,Weekday,No,2025-10-22,low
TR11537,Siliguri,Trichy,600,187,413,45,Weekday,No,2025-02-28,low
TR11538,Siliguri,Salem,600,212,388,45,Weekday,No,2024-04-30,low
TR11539,Siliguri,Erode,600,185,415,14,Weekday,No,2025-12-22,low
TR11540,Siliguri,Tirunelveli,600,207,393,50,Weekday,No,2025-02-26,low
TR11541,Siliguri,Thoothukudi,600,90,510,59,Weekend,No,2024-07-28,low
TR11542,Siliguri,Vellore,600,145,455,22,Weekend,No,2025-07-05,low
TR11543,Siliguri,Kochi,600,222,378,35,Weekday,No,2024-10-08,low
TR11544,Siliguri,Thiruvananthapuram,600,193,407,52,Weekday,No,2024-09-27,low
TR11545,Siliguri,Kozhikode,600,258,342,15,Weekday,No,2025-09-05,medium
TR11546,Siliguri,Thrissur,600,251,349,59,Weekday,No,2025-09-26,medium
TR11547,Siliguri,Kollam,600,183,417,18,Weekday,No,2025-01-17,low
TR11548,Siliguri,Mysore,600,157,443,58,Weekend,No,2024-09-29,low
TR11549,Siliguri,Mangalore,600,123,477,14,Weekday,No,2025-09-23,low
TR11550,Siliguri,Hubli,600,146,454,44,Weekday,No,2024-05-06,low
TR11551,Siliguri,Belgaum,600,149,451,31,Weekday,No,2025-06-30,low
TR11552,Siliguri,Davangere,600,140,460,22,Weekend,No,2025-03-02,low
TR11553,Siliguri,Vadodara,600,125,475,26,Weekday,No,2025-09-16,low
TR11554,Siliguri,Rajkot,600,188,412,13,Weekend,No,2024-11-03,low
TR11555,Siliguri,Jamnagar,600,250,350,40,Weekend,No,2025-08-31,medium
TR11556,Siliguri,Bhavnagar,600,214,386,59,Weekday,No,2024-01-12,low
TR11557,Siliguri,Gandhinagar,600,153,447,35,Weekday,Yes,2025-07-08,low
TR11558,Siliguri,Nashik,600,218,382,16,Weekday,No,2024-02-21,low
TR11559,Siliguri,Aurangabad,600,186,414,40,Weekday,No,2025-04-14,low
TR11560,Siliguri,Kolhapur,600,167,433,26,Weekday,No,2024-05-22,low
TR11561,Siliguri,Solapur,600,164,436,55,Weekday,No,2025-12-05,low
TR11562,Siliguri,Thane,600,159,441,15,Weekday,No,2025-07-16,low
TR11563,Siliguri,Navi Mumbai,600,200,400,31,Weekend,No,2024-03-17,low
TR11564,Siliguri,Amravati,600,176,424,29,Weekday,No,2025-10-14,low
TR11565,Siliguri,Jodhpur,600,134,466,53,Weekday,No,2024-07-03,low
TR11566,Siliguri,Udaipur,600,132,468,6,Weekend,No,2025-02-02,low
TR11567,Siliguri,Ajmer,600,184,416,37,Weekend,No,2024-03-03,low
TR11568,Siliguri,Kota,600,190,410,48,Weekday,Yes,2024-03-18,low
TR11569,Siliguri,Bikaner,600,154,446,21,Weekday,No,2024-06-25,low
TR11570,Siliguri,Alwar,600,115,485,30,Weekend,No,2025-01-25,low
TR11571,Siliguri,Varanasi,600,229,371,17,Weekday,No,2025-01-31,low
TR11572,Siliguri,Prayagraj,600,219,381,25,Weekday,No,2025-09-17,low
TR11573,Siliguri,Agra,600,90,510,57,Weekday,No,2024-04-30,low
TR11574,Siliguri,Meerut,600,233,367,21,Weekday,No,2025-07-01,low
TR11575,Siliguri,Bareilly,600,159,441,12,Weekday,No,2024-01-05,low
TR11576,Siliguri,Gorakhpur,600,178,422,34,Weekday,No,2024-07-31,low
TR11577,Siliguri,Mathura,600,224,376,28,Weekday,Yes,2024-05-07,low
TR11578,Siliguri,Dehradun,600,248,352,46,Weekend,No,2024-03-31,medium
TR11579,Siliguri,Haridwar,600,217,383,2,Weekday,No,2025-03-03,low
TR11580,Siliguri,Amritsar,600,181,419,54,Weekday,No,2025-10-20,low
TR11581,Siliguri,Ludhiana,600,103,497,42,Weekday,No,2025-05-02,low
TR11582,Siliguri,Jalandhar,600,90,510,50,Weekday,No,2025-09-16,low
TR11583,Siliguri,Patiala,600,211,389,24,Weekend,No,2025-03-08,low
TR11584,Siliguri,Chandigarh,600,233,367,26,Weekday,No,2024-02-09,low
TR11585,Siliguri,Jammu,600,130,470,20,Weekday,No,2024-09-09,low
TR11586,Siliguri,Srinagar,600,156,444,50,Weekday,No,2025-08-25,low
TR11587,Siliguri,Raipur,600,142,458,4,Weekday,No,2024-02-02,low
TR11588,Siliguri,Bilaspur,600,141,459,31,Weekday,No,2024-03-12,low
TR11589,Siliguri,Durg,600,221,379,15,Weekday,No,2025-09-01,low
TR11590,Siliguri,Jabalpur,600,179,421,38,Weekday,Yes,2024-02-16,low
TR11591,Siliguri,Gwalior,600,158,442,57,Weekday,No,2025-12-02,low
TR11592,Siliguri,Ujjain,600,297,303,40,Weekday,No,2025-07-08,medium
TR11593,Siliguri,Rewa,600,100,500,2,Weekday,No,2025-05-01,low
TR11594,Siliguri,Dhanbad,600,195,405,23,Weekday,No,2025-01-27,low
TR11595,Siliguri,Asansol,600,119,481,1,Weekday,No,2024-03-06,low
TR11596,Siliguri,Jamshedpur,600,161,439,29,Weekday,No,2024-10-30,low
TR11597,Siliguri,Tatanagar,600,176,424,10,Weekday,No,2025-08-13,low
TR11598,Siliguri,Gaya,600,209,391,41,Weekday,No,2025-10-22,low
TR11599,Siliguri,Muzaffarpur,600,156,444,32,Weekday,No,2024-11-22,low
TR11600,Siliguri,Bhagalpur,600,151,449,18,Weekday,No,2025-09-05,low
TR11601,Siliguri,New Jalpaiguri,600,156,444,51,Weekday,No,2025-07-21,low
TR11602,Siliguri,Durgapur,600,117,483,44,Weekday,No,2024-02-12,low
TR11603,Siliguri,Howrah,600,199,401,37,Weekend,No,2025-03-29,low
TR11604,Siliguri,Malda,600,182,418,21,Weekday,No,2025-03-26,low
TR11605,Siliguri,Panaji,600,190,410,16,Weekday,No,2025-01-31,low
TR11606,New Jalpaiguri,Delhi,600,166,434,35,Weekday,No,2025-07-18,low
TR11607,New Jalpaiguri,New Delhi,600,160,440,47,Weekend,No,2025-10-12,low
TR11608,New Jalpaiguri,Mumbai,600,225,375,50,Weekday,No,2025-02-06,low
TR11609,New Jalpaiguri,Chennai,600,218,382,46,Weekday,No,2024-08-22,low
TR11610,New Jalpaiguri,Kolkata,600,237,363,1,Weekday,No,2025-12-19,low
TR11611,New Jalpaiguri,Bangalore,600,187,413,59,Weekday,No,2025-12-05,low
TR11612,New Jalpaiguri,Hyderabad,600,234,366,14,Weekday,No,2025-05-16,low
TR11613,New Jalpaiguri,Pune,600,149,451,0,Weekend,No,2025-04-13,low
TR11614,New Jalpaiguri,Ahmedabad,600,159,441,33,Weekend,Yes,2024-03-17,low
TR11615,New Jalpaiguri,Jaipur,600,226,374,27,Weekend,No,2024-10-20,low
TR11616,New Jalpaiguri,Surat,600,209,391,6,Weekday,No,2024-05-24,low
TR11617,New Jalpaiguri,Lucknow,600,155,445,12,Weekend,No,2025-01-11,low
TR11618,New Jalpaiguri,Kanpur,600,119,481,12,Weekday,No,2025-08-26,low
TR11619,New Jalpaiguri,Nagpur,600,159,441,26,Weekday,No,2024-06-13,low
TR11620,New Jalpaiguri,Indore,600,136,464,44,Weekday,No,2025-12-29,low
TR11621,New Jalpaiguri,Bhopal,600,252,348,40,Weekday,Yes,2024-04-04,medium
TR11622,New Jalpaiguri,Patna,600,205,395,1,Weekday,No,2024-03-12,low
TR11623,New Jalpaiguri,Ranchi,600,132,468,10,Weekend,No,2025-12-13,low
TR11624,New Jalpaiguri,Bhubaneswar,600,119,481,36,Weekday,No,2024-03-14,low
TR11625,New Jalpaiguri,Cuttack,600,132,468,48,Weekend,No,2025-06-21,low
TR11626,New Jalpaiguri,Puri,600,142,458,2,Weekend,No,2025-07-12,low
TR11627,New Jalpaiguri,Rourkela,600,161,439,20,Weekday,No,2024-08-29,low
TR11628,New Jalpaiguri,Sambalpur,600,222,378,6,Weekend,No,2024-02-17,low
TR11629,New Jalpaiguri,Guwahati,600,123,477,29,Weekday,No,2024-08-13,low
TR11630,New Jalpaiguri,Dibrugarh,600,279,321,23,Weekday,No,2024-02-20,medium
TR11631,New Jalpaiguri,Agartala,600,124,476,10,Weekday,No,2025-05-06,low
TR11632,New Jalpaiguri,Silchar,600,101,499,57,Weekend,No,2025-10-11,low
TR11633,New Jalpaiguri,Visakhapatnam,600,250,350,45,Weekday,Yes,2025-12-29,medium
TR11634,New Jalpaiguri,Vijayawada,600,232,368,32,Weekday,No,2025-08-08,low
TR11635,New Jalpaiguri,Guntur,600,160,440,45,Weekend,No,2025-07-20,low
TR11636,New Jalpaiguri,Tirupati,600,187,413,18,Weekday,No,2025-10-06,low
TR11637,New Jalpaiguri,Rajahmundry,600,188,412,56,Weekday,No,2025-07-16,low
TR11638,New Jalpaiguri,Warangal,600,176,424,24,Weekend,Yes,2025-04-20,low
TR11639,New Jalpaiguri,Nizamabad,600,107,493,23,Weekday,No,2025-12-29,low
TR11640,New Jalpaiguri,Coimbatore,600,90,510,34,Weekday,No,2024-08-23,low
TR11641,New Jalpaiguri,Madurai,600,128,472,34,Weekday,No,2024-10-28,low
TR11642,New Jalpaiguri,Trichy,600,256,344,37,Weekday,No,2025-10-24,medium
TR11643,New Jalpaiguri,Salem,600,258,342,49,Weekday,No,2024-08-15,medium
TR11644,New Jalpaiguri,Erode,600,156,444,16,Weekday,No,2024-08-06,low
TR11645,New Jalpaiguri,Tirunelveli,600,123,477,42,Weekend,No,2024-04-21,low
TR11646,New Jalpaiguri,Thoothukudi,600,182,418,11,Weekend,No,2024-07-20,low
TR11647,New Jalpaiguri,Vellore,600,190,410,14,Weekend,No,2025-03-09,low
TR11648,New Jalpaiguri,Kochi,600,198,402,29,Weekday,No,2025-10-09,low
TR11649,New Jalpaiguri,Thiruvananthapuram,600,90,510,31,Weekday,No,2024-04-09,low
TR11650,New Jalpaiguri,Kozhikode,600,321,279,38,Weekday,No,2025-05-12,medium
TR11651,New Jalpaiguri,Thrissur,600,223,377,8,Weekday,Yes,2025-07-14,low
TR11652,New Jalpaiguri,Kollam,600,159,441,48,Weekday,No,2025-10-16,low
TR11653,New Jalpaiguri,Mysore,600,134,466,33,Weekday,No,2025-07-02,low
TR11654,New Jalpaiguri,Mangalore,600,216,384,35,Weekday,No,2024-04-23,low
TR11655,New Jalpaiguri,Hubli,600,193,407,44,Weekday,No,2024-12-23,low
TR11656,New Jalpaiguri,Belgaum,600,173,427,41,Weekday,No,2025-11-27,low
TR11657,New Jalpaiguri,Davangere,600,191,409,25,Weekend,No,2025-10-26,low
TR11658,New Jalpaiguri,Vadodara,600,164,436,29,Weekend,No,2025-03-23,low
TR11659,New Jalpaiguri,Rajkot,600,188,412,13,Weekday,No,2025-12-05,low
TR11660,New Jalpaiguri,Jamnagar,600,204,396,34,Weekend,No,2025-05-03,low
TR11661,New Jalpaiguri,Bhavnagar,600,185,415,12,Weekend,No,2024-02-17,low
TR11662,New Jalpaiguri,Gandhinagar,600,183,417,38,Weekday,No,2025-10-30,low
TR11663,New Jalpaiguri,Nashik,600,236,364,25,Weekday,No,2024-05-02,low
TR11664,New Jalpaiguri,Aurangabad,600,92,508,14,Weekend,Yes,2024-10-05,low
TR11665,New Jalpaiguri,Kolhapur,600,131,469,28,Weekend,No,2024-06-23,low
TR11666,New Jalpaiguri,Solapur,600,170,430,56,Weekday,No,2025-06-10,low
TR11667,New Jalpaiguri,Thane,600,134,466,33,Weekday,No,2024-01-22,low
TR11668,New Jalpaiguri,Navi Mumbai,600,150,450,20,Weekend,Yes,2025-04-13,low
TR11669,New Jalpaiguri,Amravati,600,231,369,27,Weekday,No,2025-09-23,low
TR11670,New Jalpaiguri,Jodhpur,600,162,438,36,Weekday,Yes,2025-07-29,low
TR11671,New Jalpaiguri,Udaipur,600,90,510,9,Weekday,No,2024-08-12,low
TR11672,New Jalpaiguri,Ajmer,600,149,451,33,Weekday,No,2025-10-17,low
TR11673,New Jalpaiguri,Kota,600,172,428,2,Weekend,No,2024-09-21,low
TR11674,New Jalpaiguri,Bikaner,600,171,429,51,Weekday,No,2025-05-12,low
TR11675,New Jalpaiguri,Alwar,600,196,404,36,Weekend,No,2025-01-05,low
TR11676,New Jalpaiguri,Varanasi,600,192,408,6,Weekday,No,2024-02-19,low
TR11677,New Jalpaiguri,Prayagraj,600,162,438,27,Weekday,No,2024-01-03,low
TR11678,New Jalpaiguri,Agra,600,112,488,53,Weekday,Yes,2024-05-13,low
TR11679,New Jalpaiguri,Meerut,600,148,452,57,Weekday,No,2025-11-14,low
TR11680,New Jalpaiguri,Bareilly,600,139,461,8,Weekday,No,2025-11-28,low
TR11681,New Jalpaiguri,Gorakhpur,600,155,445,16,Weekend,No,2024-10-26,low
TR11682,New Jalpaiguri,Mathura,600,202,398,8,Weekday,No,2025-12-09,low
TR11683,New Jalpaiguri,Dehradun,600,188,412,22,Weekday,No,2024-02-06,low
TR11684,New Jalpaiguri,Haridwar,600,208,392,51,Weekday,No,2025-12-08,low
TR11685,New Jalpaiguri,Amritsar,600,151,449,42,Weekday,Yes,2024-06-17,low
TR11686,New Jalpaiguri,Ludhiana,600,241,359,15,Weekend,No,2024-01-27,medium
TR11687,New Jalpaiguri,Jalandhar,600,201,399,19,Weekday,Yes,2025-07-08,low
TR11688,New Jalpaiguri,Patiala,600,174,426,36,Weekend,No,2024-10-06,low
TR11689,New Jalpaiguri,Chandigarh,600,198,402,35,Weekday,No,2024-08-01,low
TR11690,New Jalpaiguri,Jammu,600,137,463,27,Weekday,Yes,2025-07-09,low
TR11691,New Jalpaiguri,Srinagar,600,90,510,25,Weekend,No,2024-08-31,low
TR11692,New Jalpaiguri,Raipur,600,140,460,56,Weekday,No,2025-07-04,low
TR11693,New Jalpaiguri,Bilaspur,600,205,395,30,Weekday,Yes,2024-05-22,low
TR11694,New Jalpaiguri,Durg,600,173,427,46,Weekend,No,2024-03-03,low
TR11695,New Jalpaiguri,Jabalpur,600,162,438,57,Weekend,No,2024-08-25,low
TR11696,New Jalpaiguri,Gwalior,600,128,472,20,Weekday,No,2025-03-21,low
TR11697,New Jalpaiguri,Ujjain,600,90,510,46,Weekday,No,2024-06-13,low
TR11698,New Jalpaiguri,Rewa,600,237,363,48,Weekend,No,2024-04-14,low
TR11699,New Jalpaiguri,Dhanbad,600,159,441,13,Weekday,No,2025-07-01,low
TR11700,New Jalpaiguri,Asansol,600,148,452,13,Weekday,No,2024-12-26,low
TR11701,New Jalpaiguri,Jamshedpur,600,137,463,9,Weekday,No,2024-11-11,low
TR11702,New Jalpaiguri,Tatanagar,600,229,371,36,Weekday,Yes,2024-06-24,low
TR11703,New Jalpaiguri,Gaya,600,211,389,45,Weekend,No,2024-01-13,low
TR11704,New Jalpaiguri,Muzaffarpur,600,123,477,45,Weekday,No,2024-02-08,low
TR11705,New Jalpaiguri,Bhagalpur,600,225,375,23,Weekday,No,2025-05-13,low
TR11706,New Jalpaiguri,Siliguri,600,162,438,42,Weekday,No,2024-02-28,low
TR11707,New Jalpaiguri,Durgapur,600,140,460,1,Weekend,No,2024-06-29,low
TR11708,New Jalpaiguri,Howrah,600,155,445,39,Weekday,No,2025-10-27,low
TR11709,New Jalpaiguri,Malda,600,131,469,28,Weekend,No,2024-09-08,low
TR11710,New Jalpaiguri,Panaji,600,106,494,49,Weekend,No,2025-06-28,low
TR11711,Durgapur,Delhi,600,206,394,58,Weekend,No,2024-09-07,low
TR11712,Durgapur,New Delhi,600,158,442,33,Weekday,Yes,2025-11-12,low
TR11713,Durgapur,Mumbai,600,199,401,37,Weekend,No,2025-08-23,low
TR11714,Durgapur,Chennai,600,183,417,55,Weekday,No,2024-12-09,low
TR11715,Durgapur,Kolkata,600,195,405,20,Weekday,No,2025-05-15,low
TR11716,Durgapur,Bangalore,600,90,510,8,Weekday,No,2024-10-29,low
TR11717,Durgapur,Hyderabad,600,127,473,30,Weekday,No,2025-11-21,low
TR11718,Durgapur,Pune,600,196,404,21,Weekday,Yes,2024-09-18,low
TR11719,Durgapur,Ahmedabad,600,108,492,38,Weekday,No,2025-09-03,low
TR11720,Durgapur,Jaipur,600,187,413,46,Weekday,No,2025-03-26,low
TR11721,Durgapur,Surat,600,102,498,30,Weekday,No,2025-04-15,low
TR11722,Durgapur,Lucknow,600,170,430,18,Weekday,No,2024-09-13,low
TR11723,Durgapur,Kanpur,600,246,354,33,Weekend,No,2025-08-31,medium
TR11724,Durgapur,Nagpur,600,206,394,26,Weekend,No,2025-06-29,low
TR11725,Durgapur,Indore,600,90,510,11,Weekday,No,2025-08-18,low
TR11726,Durgapur,Bhopal,600,210,390,46,Weekday,Yes,2025-08-08,low
TR11727,Durgapur,Patna,600,256,344,19,Weekday,No,2024-04-25,medium
TR11728,Durgapur,Ranchi,600,303,297,32,Weekday,No,2025-10-02,medium
TR11729,Durgapur,Bhubaneswar,600,192,408,54,Weekend,No,2025-09-07,low
TR11730,Durgapur,Cuttack,600,103,497,11,Weekday,No,2024-06-26,low
TR11731,Durgapur,Puri,600,190,410,25,Weekday,No,2025-12-18,low
TR11732,Durgapur,Rourkela,600,246,354,10,Weekday,No,2025-01-20,medium
TR11733,Durgapur,Sambalpur,600,160,440,26,Weekday,No,2024-08-23,low
TR11734,Durgapur,Guwahati,600,219,381,18,Weekday,No,2024-06-12,low
TR11735,Durgapur,Dibrugarh,600,129,471,54,Weekday,No,2024-09-23,low
TR11736,Durgapur,Agartala,600,187,413,18,Weekend,No,2024-01-28,low
TR11737,Durgapur,Silchar,600,90,510,36,Weekday,No,2025-05-19,low
TR11738,Durgapur,Visakhapatnam,600,123,477,8,Weekend,No,2025-06-01,low
TR11739,Durgapur,Vijayawada,600,169,431,27,Weekend,No,2025-05-03,low
TR11740,Durgapur,Guntur,600,152,448,50,Weekday,No,2025-02-05,low
TR11741,Durgapur,Tirupati,600,107,493,40,Weekend,No,2024-09-22,low
TR11742,Durgapur,Rajahmundry,600,145,455,16,Weekday,No,2025-06-13,low
TR11743,Durgapur,Warangal,600,185,415,58,Weekend,No,2025-09-28,low
TR11744,Durgapur,Nizamabad,600,165,435,48,Weekday,No,2024-03-05,low
TR11745,Durgapur,Coimbatore,600,172,428,24,Weekend,Yes,2024-10-06,low
TR11746,Durgapur,Madurai,600,204,396,58,Weekend,No,2025-12-28,low
TR11747,Durgapur,Trichy,600,152,448,11,Weekday,No,2025-09-22,low
TR11748,Durgapur,Salem,600,234,366,19,Weekend,No,2025-12-27,low
TR11749,Durgapur,Erode,600,121,479,55,Weekday,No,2024-05-13,low
TR11750,Durgapur,Tirunelveli,600,261,339,58,Weekday,No,2024-12-05,medium
TR11751,Durgapur,Thoothukudi,600,222,378,49,Weekday,No,2024-04-05,low
TR11752,Durgapur,Vellore,600,152,448,11,Weekday,No,2025-09-25,low
TR11753,Durgapur,Kochi,600,155,445,13,Weekday,No,2025-01-14,low
TR11754,Durgapur,Thiruvananthapuram,600,179,421,38,Weekday,No,2024-06-27,low
TR11755,Durgapur,Kozhikode,600,198,402,3,Weekday,No,2024-03-07,low
TR11756,Durgapur,Thrissur,600,221,379,59,Weekday,No,2025-06-23,low
TR11757,Durgapur,Kollam,600,105,495,56,Weekend,No,2025-08-16,low
TR11758,Durgapur,Mysore,600,190,410,48,Weekend,No,2025-10-04,low
TR11759,Durgapur,Mangalore,600,90,510,58,Weekday,No,2025-12-11,low
TR11760,Durgapur,Hubli,600,160,440,13,Weekday,No,2025-08-18,low
TR11761,Durgapur,Belgaum,600,239,361,52,Weekday,No,2025-07-28,low
TR11762,Durgapur,Davangere,600,101,499,15,Weekend,No,2025-08-16,low
TR11763,Durgapur,Vadodara,600,92,508,7,Weekday,No,2025-12-31,low
TR11764,Durgapur,Rajkot,600,180,420,15,Weekday,No,2024-12-04,low
TR11765,Durgapur,Jamnagar,600,236,364,46,Weekday,No,2025-07-08,low
TR11766,Durgapur,Bhavnagar,600,185,415,56,Weekday,No,2025-08-22,low
TR11767,Durgapur,Gandhinagar,600,90,510,36,Weekday,No,2024-03-26,low
TR11768,Durgapur,Nashik,600,90,510,14,Weekday,No,2025-05-19,low
TR11769,Durgapur,Aurangabad,600,174,426,36,Weekday,No,2024-09-04,low
TR11770,Durgapur,Kolhapur,600,112,488,30,Weekend,No,2024-04-06,low
TR11771,Durgapur,Solapur,600,176,424,31,Weekend,No,2024-05-04,low
TR11772,Durgapur,Thane,600,178,422,20,Weekend,No,2024-03-24,low
TR11773,Durgapur,Navi Mumbai,600,145,455,8,Weekend,No,2025-10-18,low
TR11774,Durgapur,Amravati,600,256,344,21,Weekday,No,2025-07-18,medium
TR11775,Durgapur,Jodhpur,600,197,403,53,Weekday,No,2024-03-15,low
TR11776,Durgapur,Udaipur,600,227,373,24,Weekday,No,2025-04-02,low
TR11777,Durgapur,Ajmer,600,213,387,1,Weekend,No,2025-04-27,low
TR11778,Durgapur,Kota,600,162,438,20,Weekday,No,2025-01-14,low
TR11779,Durgapur,Bikaner,600,160,440,27,Weekday,No,2025-03-19,low
TR11780,Durgapur,Alwar,600,155,445,35,Weekend,Yes,2025-10-25,low
TR11781,Durgapur,Varanasi,600,202,398,38,Weekday,No,2025-01-14,low
TR11782,Durgapur,Prayagraj,600,138,462,25,Weekend,No,2025-04-27,low
TR11783,Durgapur,Agra,600,252,348,8,Weekday,No,2025-02-21,medium
TR11784,Durgapur,Meerut,600,133,467,26,Weekday,No,2024-10-16,low
TR11785,Durgapur,Bareilly,600,179,421,0,Weekday,No,2025-10-13,low
TR11786,Durgapur,Gorakhpur,600,158,442,30,Weekday,No,2024-10-29,low
TR11787,Durgapur,Mathura,600,147,453,26,Weekday,No,2025-08-07,low
TR11788,Durgapur,Dehradun,600,273,327,21,Weekday,No,2025-03-18,medium
TR11789,Durgapur,Haridwar,600,148,452,39,Weekday,No,2025-05-15,low
TR11790,Durgapur,Amritsar,600,154,446,45,Weekday,No,2025-07-09,low
TR11791,Durgapur,Ludhiana,600,137,463,15,Weekend,Yes,2025-06-21,low
TR11792,Durgapur,Jalandhar,600,171,429,30,Weekend,No,2025-02-16,low
TR11793,Durgapur,Patiala,600,164,436,30,Weekday,No,2025-03-25,low
TR11794,Durgapur,Chandigarh,600,115,485,30,Weekday,No,2025-01-06,low
TR11795,Durgapur,Jammu,600,149,451,24,Weekday,No,2024-09-04,low
TR11796,Durgapur,Srinagar,600,198,402,12,Weekend,No,2025-06-15,low
TR11797,Durgapur,Raipur,600,218,382,10,Weekend,No,2025-10-04,low
TR11798,Durgapur,Bilaspur,600,170,430,1,Weekday,No,2025-05-30,low
TR11799,Durgapur,Durg,600,172,428,3,Weekday,No,2025-07-18,low
TR11800,Durgapur,Jabalpur,600,152,448,48,Weekday,No,2025-08-29,low
TR11801,Durgapur,Gwalior,600,145,455,4,Weekday,No,2024-09-25,low
TR11802,Durgapur,Ujjain,600,125,475,51,Weekday,No,2024-02-15,low
TR11803,Durgapur,Rewa,600,94,506,53,Weekday,No,2024-09-03,low
TR11804,Durgapur,Dhanbad,600,135,465,14,Weekend,No,2025-07-05,low
TR11805,Durgapur,Asansol,600,212,388,26,Weekday,No,2025-08-19,low
TR11806,Durgapur,Jamshedpur,600,149,451,21,Weekday,No,2025-01-10,low
TR11807,Durgapur,Tatanagar,600,152,448,23,Weekday,No,2025-07-23,low
TR11808,Durgapur,Gaya,600,151,449,21,Weekend,No,2024-02-24,low
TR11809,Durgapur,Muzaffarpur,600,229,371,20,Weekday,No,2025-04-15,low
TR11810,Durgapur,Bhagalpur,600,124,476,41,Weekend,No,2025-05-11,low
TR11811,Durgapur,Siliguri,600,182,418,24,Weekday,No,2025-01-06,low
TR11812,Durgapur,New Jalpaiguri,600,166,434,11,Weekend,No,2025-06-07,low
TR11813,Durgapur,Howrah,600,172,428,22,Weekday,No,2024-12-25,low
TR11814,Durgapur,Malda,600,181,419,58,Weekday,No,2025-01-17,low
TR11815,Durgapur,Panaji,600,172,428,59,Weekday,No,2025-03-17,low
TR11816,Howrah,Delhi,600,207,393,3,Weekend,No,2025-08-03,low
TR11817,Howrah,New Delhi,600,168,432,34,Weekend,No,2024-06-30,low
TR11818,Howrah,Mumbai,600,253,347,58,Weekday,No,2024-08-07,medium
TR11819,Howrah,Chennai,600,171,429,11,Weekend,No,2024-11-02,low
TR11820,Howrah,Kolkata,600,90,510,4,Weekday,No,2024-05-27,low
TR11821,Howrah,Bangalore,600,200,400,12,Weekend,Yes,2024-09-01,low
TR11822,Howrah,Hyderabad,600,188,412,19,Weekday,No,2024-09-13,low
TR11823,Howrah,Pune,600,171,429,56,Weekend,No,2024-08-17,low
TR11824,Howrah,Ahmedabad,600,156,444,15,Weekend,No,2024-10-26,low
TR11825,Howrah,Jaipur,600,90,510,19,Weekday,No,2025-01-03,low
TR11826,Howrah,Surat,600,90,510,15,Weekday,No,2025-05-23,low
TR11827,Howrah,Lucknow,600,248,352,23,Weekday,No,2024-08-09,medium
TR11828,Howrah,Kanpur,600,141,459,59,Weekday,No,2025-09-10,low
TR11829,Howrah,Nagpur,600,215,385,5,Weekday,No,2024-12-16,low
TR11830,Howrah,Indore,600,92,508,27,Weekday,No,2025-06-10,low
TR11831,Howrah,Bhopal,600,119,481,36,Weekend,No,2024-03-24,low
TR11832,Howrah,Patna,600,202,398,7,Weekday,No,2024-05-07,low
TR11833,Howrah,Ranchi,600,164,436,2,Weekday,No,2024-11-27,low
TR11834,Howrah,Bhubaneswar,600,195,405,58,Weekday,No,2024-09-24,low
TR11835,Howrah,Cuttack,600,168,432,16,Weekend,No,2024-12-28,low
TR11836,Howrah,Puri,600,159,441,14,Weekday,No,2024-04-25,low
TR11837,Howrah,Rourkela,600,136,464,20,Weekday,No,2024-12-12,low
TR11838,Howrah,Sambalpur,600,112,488,4,Weekday,No,2025-05-16,low
TR11839,Howrah,Guwahati,600,236,364,8,Weekday,No,2025-06-16,low
TR11840,Howrah,Dibrugarh,600,244,356,1,Weekend,Yes,2024-06-30,medium
TR11841,Howrah,Agartala,600,119,481,32,Weekend,No,2024-09-08,low
TR11842,Howrah,Silchar,600,116,484,27,Weekend,No,2025-01-19,low
TR11843,Howrah,Visakhapatnam,600,152,448,16,Weekday,No,2025-01-13,low
TR11844,Howrah,Vijayawada,600,185,415,55,Weekday,No,2025-08-01,low
TR11845,Howrah,Guntur,600,160,440,18,Weekend,No,2024-10-12,low
TR11846,Howrah,Tirupati,600,193,407,1,Weekday,No,2025-05-05,low
TR11847,Howrah,Rajahmundry,600,167,433,5,Weekday,No,2025-10-08,low
TR11848,Howrah,Warangal,600,163,437,43,Weekday,No,2024-08-06,low
TR11849,Howrah,Nizamabad,600,285,315,31,Weekend,No,2025-08-24,medium
TR11850,Howrah,Coimbatore,600,144,456,15,Weekend,No,2024-08-31,low
TR11851,Howrah,Madurai,600,248,352,14,Weekend,No,2024-09-01,medium
TR11852,Howrah,Trichy,600,238,362,13,Weekday,No,2025-04-22,low
TR11853,Howrah,Salem,600,193,407,25,Weekend,No,2025-03-30,low
TR11854,Howrah,Erode,600,90,510,42,Weekday,No,2025-02-05,low
TR11855,Howrah,Tirunelveli,600,170,430,38,Weekday,No,2024-06-18,low
TR11856,Howrah,Thoothukudi,600,144,456,44,Weekday,No,2024-03-11,low
TR11857,Howrah,Vellore,600,170,430,2,Weekend,No,2025-10-26,low
TR11858,Howrah,Kochi,600,118,482,33,Weekday,Yes,2025-09-30,low
TR11859,Howrah,Thiruvananthapuram,600,205,395,45,Weekday,No,2025-10-10,low
TR11860,Howrah,Kozhikode,600,216,384,12,Weekday,No,2025-01-09,low
TR11861,Howrah,Thrissur,600,225,375,34,Weekday,No,2025-10-08,low
TR11862,Howrah,Kollam,600,151,449,0,Weekday,No,2024-12-12,low
TR11863,Howrah,Mysore,600,118,482,54,Weekend,No,2024-02-25,low
TR11864,Howrah,Mangalore,600,186,414,44,Weekend,No,2024-05-25,low
TR11865,Howrah,Hubli,600,253,347,37,Weekday,No,2024-07-18,medium
TR11866,Howrah,Belgaum,600,172,428,35,Weekday,No,2024-10-02,low
TR11867,Howrah,Davangere,600,191,409,40,Weekday,No,2025-11-17,low
TR11868,Howrah,Vadodara,600,158,442,25,Weekend,No,2024-08-31,low
TR11869,Howrah,Rajkot,600,145,455,58,Weekend,Yes,2025-03-23,low
TR11870,Howrah,Jamnagar,600,201,399,12,Weekday,No,2024-07-16,low
TR11871,Howrah,Bhavnagar,600,164,436,48,Weekday,No,2025-04-15,low
TR11872,Howrah,Gandhinagar,600,188,412,45,Weekday,No,2025-02-18,low
TR11873,Howrah,Nashik,600,193,407,50,Weekday,No,2024-04-19,low
TR11874,Howrah,Aurangabad,600,186,414,4,Weekday,No,2024-12-03,low
TR11875,Howrah,Kolhapur,600,196,404,26,Weekday,No,2024-03-18,low
TR11876,Howrah,Solapur,600,128,472,38,Weekend,No,2025-10-12,low
TR11877,Howrah,Thane,600,125,475,37,Weekday,No,2025-05-29,low
TR11878,Howrah,Navi Mumbai,600,167,433,41,Weekday,Yes,2025-11-19,low
TR11879,Howrah,Amravati,600,168,432,38,Weekday,No,2025-10-02,low
TR11880,Howrah,Jodhpur,600,144,456,13,Weekend,No,2024-06-09,low
TR11881,Howrah,Udaipur,600,181,419,49,Weekend,No,2025-05-31,low
TR11882,Howrah,Ajmer,600,213,387,28,Weekday,No,2024-03-14,low
TR11883,Howrah,Kota,600,226,374,58,Weekday,No,2025-12-03,low
TR11884,Howrah,Bikaner,600,237,363,31,Weekday,No,2025-07-28,low
TR11885,Howrah,Alwar,600,106,494,32,Weekday,No,2025-05-12,low
TR11886,Howrah,Varanasi,600,113,487,35,Weekend,No,2025-12-28,low
TR11887,Howrah,Prayagraj,600,155,445,52,Weekday,No,2025-09-11,low
TR11888,Howrah,Agra,600,173,427,54,Weekday,No,2025-09-23,low
TR11889,Howrah,Meerut,600,158,442,35,Weekday,No,2024-03-14,low
TR11890,Howrah,Bareilly,600,142,458,32,Weekday,No,2024-01-18,low
TR11891,Howrah,Gorakhpur,600,154,446,3,Weekday,No,2025-12-03,low
TR11892,Howrah,Mathura,600,192,408,4,Weekday,No,2024-07-02,low
TR11893,Howrah,Dehradun,600,105,495,44,Weekday,No,2024-11-07,low
TR11894,Howrah,Haridwar,600,281,319,20,Weekday,No,2024-02-01,medium
TR11895,Howrah,Amritsar,600,170,430,26,Weekday,No,2025-03-31,low
TR11896,Howrah,Ludhiana,600,219,381,37,Weekday,No,2025-08-22,low
TR11897,Howrah,Jalandhar,600,141,459,13,Weekend,No,2025-09-07,low
TR11898,Howrah,Patiala,600,197,403,19,Weekend,Yes,2025-03-01,low
TR11899,Howrah,Chandigarh,600,174,426,2,Weekday,No,2025-04-28,low
TR11900,Howrah,Jammu,600,210,390,46,Weekday,Yes,2025-01-10,low
TR11901,Howrah,Srinagar,600,159,441,30,Weekday,No,2024-11-22,low
TR11902,Howrah,Raipur,600,243,357,11,Weekend,No,2025-02-09,medium
TR11903,Howrah,Bilaspur,600,97,503,35,Weekend,Yes,2025-11-15,low
TR11904,Howrah,Durg,600,215,385,8,Weekday,No,2024-07-03,low
TR11905,Howrah,Jabalpur,600,175,425,46,Weekday,No,2024-12-09,low
TR11906,Howrah,Gwalior,600,120,480,13,Weekend,Yes,2025-03-15,low
TR11907,Howrah,Ujjain,600,263,337,16,Weekday,No,2025-02-20,medium
TR11908,Howrah,Rewa,600,258,342,52,Weekday,Yes,2024-01-23,medium
TR11909,Howrah,Dhanbad,600,90,510,44,Weekday,No,2024-07-29,low
TR11910,Howrah,Asansol,600,177,423,40,Weekday,No,2025-04-17,low
TR11911,Howrah,Jamshedpur,600,203,397,36,Weekday,No,2025-05-22,low
TR11912,Howrah,Tatanagar,600,190,410,31,Weekday,No,2025-06-20,low
TR11913,Howrah,Gaya,600,242,358,11,Weekday,No,2025-12-25,medium
TR11914,Howrah,Muzaffarpur,600,232,368,18,Weekday,No,2025-05-06,low
TR11915,Howrah,Bhagalpur,600,182,418,57,Weekday,No,2025-02-27,low
TR11916,Howrah,Siliguri,600,278,322,55,Weekday,No,2024-08-30,medium
TR11917,Howrah,New Jalpaiguri,600,214,386,43,Weekday,No,2024-09-27,low
TR11918,Howrah,Durgapur,600,152,448,53,Weekday,No,2025-08-26,low
TR11919,Howrah,Malda,600,142,458,48,Weekend,No,2024-12-08,low
TR11920,Howrah,Panaji,600,229,371,23,Weekend,Yes,2025-06-07,low
TR11921,Malda,Delhi,600,131,469,42,Weekend,No,2024-03-31,low
TR11922,Malda,New Delhi,600,149,451,45,Weekday,No,2024-04-03,low
TR11923,Malda,Mumbai,600,157,443,8,Weekday,No,2024-06-06,low
TR11924,Malda,Chennai,600,186,414,54,Weekday,No,2024-05-22,low
TR11925,Malda,Kolkata,600,160,440,29,Weekday,No,2025-03-19,low
TR11926,Malda,Bangalore,600,106,494,18,Weekday,No,2025-04-10,low
TR11927,Malda,Hyderabad,600,225,375,28,Weekday,No,2025-02-11,low
TR11928,Malda,Pune,600,150,450,19,Weekday,Yes,2024-07-30,low
TR11929,Malda,Ahmedabad,600,266,334,19,Weekday,No,2025-02-25,medium
TR11930,Malda,Jaipur,600,184,416,32,Weekday,No,2024-03-28,low
TR11931,Malda,Surat,600,230,370,59,Weekday,No,2024-12-11,low
TR11932,Malda,Lucknow,600,199,401,24,Weekday,No,2024-04-23,low
TR11933,Malda,Kanpur,600,232,368,12,Weekday,No,2024-02-26,low
TR11934,Malda,Nagpur,600,196,404,45,Weekday,No,2024-05-01,low
TR11935,Malda,Indore,600,180,420,17,Weekday,No,2024-03-22,low
TR11936,Malda,Bhopal,600,221,379,32,Weekend,No,2024-12-15,low
TR11937,Malda,Patna,600,288,312,15,Weekend,No,2025-02-02,medium
TR11938,Malda,Ranchi,600,156,444,12,Weekday,No,2025-03-19,low
TR11939,Malda,Bhubaneswar,600,207,393,15,Weekend,No,2024-11-17,low
TR11940,Malda,Cuttack,600,169,431,21,Weekday,No,2024-05-08,low
TR11941,Malda,Puri,600,193,407,57,Weekday,No,2024-01-16,low
TR11942,Malda,Rourkela,600,171,429,40,Weekday,Yes,2025-06-04,low
TR11943,Malda,Sambalpur,600,90,510,41,Weekday,No,2025-12-19,low
TR11944,Malda,Guwahati,600,159,441,3,Weekday,Yes,2024-07-24,low
TR11945,Malda,Dibrugarh,600,217,383,0,Weekday,No,2024-05-29,low
TR11946,Malda,Agartala,600,132,468,20,Weekday,Yes,2024-08-15,low
TR11947,Malda,Silchar,600,213,387,53,Weekday,No,2024-06-05,low
TR11948,Malda,Visakhapatnam,600,178,422,0,Weekday,No,2024-06-12,low
TR11949,Malda,Vijayawada,600,160,440,45,Weekday,No,2024-12-27,low
TR11950,Malda,Guntur,600,212,388,49,Weekend,No,2025-07-27,low
TR11951,Malda,Tirupati,600,202,398,16,Weekday,No,2025-06-04,low
TR11952,Malda,Rajahmundry,600,189,411,7,Weekday,No,2025-12-02,low
TR11953,Malda,Warangal,600,218,382,9,Weekday,No,2024-09-18,low
TR11954,Malda,Nizamabad,600,179,421,4,Weekday,No,2024-12-26,low
TR11955,Malda,Coimbatore,600,90,510,50,Weekend,No,2024-10-05,low
TR11956,Malda,Madurai,600,151,449,47,Weekday,Yes,2024-01-31,low
TR11957,Malda,Trichy,600,90,510,40,Weekday,No,2024-10-10,low
TR11958,Malda,Salem,600,201,399,5,Weekday,No,2024-07-09,low
TR11959,Malda,Erode,600,212,388,57,Weekend,No,2024-12-15,low
TR11960,Malda,Tirunelveli,600,214,386,41,Weekday,No,2024-04-25,low
TR11961,Malda,Thoothukudi,600,192,408,49,Weekday,No,2025-06-26,low
TR11962,Malda,Vellore,600,215,385,22,Weekday,No,2025-09-08,low
TR11963,Malda,Kochi,600,93,507,11,Weekday,No,2025-12-03,low
TR11964,Malda,Thiruvananthapuram,600,164,436,49,Weekend,No,2024-03-03,low
TR11965,Malda,Kozhikode,600,101,499,3,Weekday,No,2024-03-26,low
TR11966,Malda,Thrissur,600,152,448,10,Weekend,No,2025-12-07,low
TR11967,Malda,Kollam,600,247,353,9,Weekday,No,2025-09-12,medium
TR11968,Malda,Mysore,600,221,379,5,Weekday,No,2025-03-06,low
TR11969,Malda,Mangalore,600,201,399,33,Weekday,Yes,2024-08-23,low
TR11970,Malda,Hubli,600,160,440,13,Weekday,No,2025-01-13,low
TR11971,Malda,Belgaum,600,121,479,57,Weekend,Yes,2025-01-26,low
TR11972,Malda,Davangere,600,178,422,55,Weekday,Yes,2025-09-11,low
TR11973,Malda,Vadodara,600,222,378,10,Weekday,No,2025-01-21,low
TR11974,Malda,Rajkot,600,189,411,49,Weekend,No,2024-01-21,low
TR11975,Malda,Jamnagar,600,93,507,2,Weekday,No,2025-05-26,low
TR11976,Malda,Bhavnagar,600,174,426,17,Weekday,No,2025-07-22,low
TR11977,Malda,Gandhinagar,600,90,510,39,Weekday,No,2024-08-05,low
TR11978,Malda,Nashik,600,208,392,12,Weekday,No,2024-03-26,low
TR11979,Malda,Aurangabad,600,136,464,4,Weekend,Yes,2024-04-13,low
TR11980,Malda,Kolhapur,600,110,490,9,Weekend,No,2025-09-06,low
TR11981,Malda,Solapur,600,208,392,39,Weekend,No,2024-11-23,low
TR11982,Malda,Thane,600,196,404,13,Weekday,No,2025-01-21,low
TR11983,Malda,Navi Mumbai,600,180,420,14,Weekday,No,2025-12-03,low
TR11984,Malda,Amravati,600,274,326,12,Weekday,No,2024-02-14,medium
TR11985,Malda,Jodhpur,600,199,401,52,Weekday,No,2024-05-30,low
TR11986,Malda,Udaipur,600,138,462,53,Weekday,No,2025-09-01,low
TR11987,Malda,Ajmer,600,194,406,48,Weekday,No,2025-01-29,low
TR11988,Malda,Kota,600,155,445,1,Weekend,No,2024-01-20,low
TR11989,Malda,Bikaner,600,230,370,15,Weekday,No,2025-05-28,low
TR11990,Malda,Alwar,600,182,418,52,Weekday,No,2024-04-11,low
TR11991,Malda,Varanasi,600,187,413,33,Weekday,No,2025-07-25,low
TR11992,Malda,Prayagraj,600,100,500,2,Weekday,No,2025-08-06,low
TR11993,Malda,Agra,600,172,428,14,Weekday,No,2025-08-25,low
TR11994,Malda,Meerut,600,166,434,49,Weekday,No,2024-12-05,low
TR11995,Malda,Bareilly,600,120,480,52,Weekend,No,2024-07-14,low
TR11996,Malda,Gorakhpur,600,158,442,25,Weekday,No,2025-10-06,low
TR11997,Malda,Mathura,600,190,410,9,Weekday,No,2025-02-12,low
TR11998,Malda,Dehradun,600,169,431,4,Weekday,Yes,2025-04-09,low
TR11999,Malda,Haridwar,600,101,499,13,Weekday,No,2024-04-09,low
TR12000,Malda,Amritsar,600,156,444,47,Weekday,No,2025-03-31,low
TR12001,Malda,Ludhiana,600,146,454,49,Weekday,No,2025-02-28,low
TR12002,Malda,Jalandhar,600,178,422,15,Weekday,No,2024-08-01,low
TR12003,Malda,Patiala,600,173,427,58,Weekday,No,2025-07-14,low
TR12004,Malda,Chandigarh,600,149,451,52,Weekend,No,2024-04-07,low
TR12005,Malda,Jammu,600,147,453,59,Weekday,No,2025-06-09,low
TR12006,Malda,Srinagar,600,172,428,45,Weekday,No,2025-12-03,low
TR12007,Malda,Raipur,600,215,385,34,Weekday,Yes,2025-02-18,low
TR12008,Malda,Bilaspur,600,182,418,58,Weekend,No,2024-03-17,low
TR12009,Malda,Durg,600,237,363,41,Weekend,No,2025-02-08,low
TR12010,Malda,Jabalpur,600,223,377,49,Weekday,No,2025-01-21,low
TR12011,Malda,Gwalior,600,241,359,24,Weekday,No,2025-02-07,medium
TR12012,Malda,Ujjain,600,235,365,14,Weekday,No,2024-07-18,low
TR12013,Malda,Rewa,600,244,356,34,Weekday,No,2025-04-02,medium
TR12014,Malda,Dhanbad,600,114,486,24,Weekday,Yes,2024-07-12,low
TR12015,Malda,Asansol,600,200,400,21,Weekday,No,2025-02-11,low
TR12016,Malda,Jamshedpur,600,227,373,41,Weekday,No,2025-03-10,low
TR12017,Malda,Tatanagar,600,236,364,36,Weekday,No,2025-04-17,low
TR12018,Malda,Gaya,600,132,468,18,Weekday,No,2025-08-06,low
TR12019,Malda,Muzaffarpur,600,201,399,14,Weekday,No,2025-10-07,low
TR12020,Malda,Bhagalpur,600,173,427,32,Weekday,No,2025-07-22,low
TR12021,Malda,Siliguri,600,258,342,19,Weekday,No,2025-08-04,medium
TR12022,Malda,New Jalpaiguri,600,102,498,14,Weekend,No,2025-09-27,low
TR12023,Malda,Durgapur,600,132,468,13,Weekday,No,2024-06-26,low
TR12024,Malda,Howrah,600,90,510,39,Weekday,No,2024-08-02,low
TR12025,Malda,Panaji,600,176,424,24,Weekday,No,2025-01-24,low
TR12026,Panaji,Delhi,600,278,322,20,Weekday,No,2024-12-06,medium
TR12027,Panaji,New Delhi,600,167,433,6,Weekday,No,2025-05-28,low
TR12028,Panaji,Mumbai,600,174,426,3,Weekend,No,2024-01-07,low
TR12029,Panaji,Chennai,600,195,405,41,Weekday,No,2024-04-11,low
TR12030,Panaji,Kolkata,600,163,437,58,Weekend,Yes,2025-06-29,low
TR12031,Panaji,Bangalore,600,187,413,19,Weekend,No,2025-08-23,low
TR12032,Panaji,Hyderabad,600,188,412,50,Weekday,No,2024-08-09,low
TR12033,Panaji,Pune,600,128,472,36,Weekday,No,2024-08-15,low
TR12034,Panaji,Ahmedabad,600,164,436,18,Weekday,No,2025-02-14,low
TR12035,Panaji,Jaipur,600,205,395,34,Weekend,No,2024-12-14,low
TR12036,Panaji,Surat,600,214,386,7,Weekday,No,2024-05-03,low
TR12037,Panaji,Lucknow,600,231,369,20,Weekday,No,2024-12-31,low
TR12038,Panaji,Kanpur,600,185,415,44,Weekday,No,2025-08-21,low
TR12039,Panaji,Nagpur,600,186,414,51,Weekday,No,2025-06-17,low
TR12040,Panaji,Indore,600,205,395,13,Weekday,No,2025-08-20,low
TR12041,Panaji,Bhopal,600,140,460,54,Weekday,No,2025-04-15,low
TR12042,Panaji,Patna,600,138,462,36,Weekday,No,2025-10-03,low
TR12043,Panaji,Ranchi,600,163,437,13,Weekday,No,2024-07-01,low
TR12044,Panaji,Bhubaneswar,600,108,492,46,Weekend,No,2024-02-03,low
TR12045,Panaji,Cuttack,600,188,412,52,Weekend,No,2024-03-24,low
TR12046,Panaji,Puri,600,219,381,16,Weekday,No,2025-12-26,low
TR12047,Panaji,Rourkela,600,135,465,6,Weekend,No,2025-04-13,low
TR12048,Panaji,Sambalpur,600,190,410,17,Weekend,No,2024-06-30,low
TR12049,Panaji,Guwahati,600,139,461,45,Weekday,Yes,2025-09-16,low
TR12050,Panaji,Dibrugarh,600,120,480,3,Weekday,No,2024-08-14,low
TR12051,Panaji,Agartala,600,268,332,17,Weekday,No,2025-03-12,medium
TR12052,Panaji,Silchar,600,121,479,19,Weekday,No,2024-07-01,low
TR12053,Panaji,Visakhapatnam,600,108,492,1,Weekend,No,2024-03-10,low
TR12054,Panaji,Vijayawada,600,179,421,35,Weekend,No,2024-07-14,low
TR12055,Panaji,Guntur,600,182,418,48,Weekend,No,2024-06-15,low
TR12056,Panaji,Tirupati,600,201,399,9,Weekday,No,2025-02-07,low
TR12057,Panaji,Rajahmundry,600,265,335,53,Weekday,No,2024-01-16,medium
TR12058,Panaji,Warangal,600,132,468,57,Weekday,No,2024-06-24,low
TR12059,Panaji,Nizamabad,600,141,459,52,Weekday,No,2025-02-19,low
TR12060,Panaji,Coimbatore,600,246,354,43,Weekday,No,2024-10-14,medium
TR12061,Panaji,Madurai,600,214,386,26,Weekday,No,2025-04-09,low
TR12062,Panaji,Trichy,600,207,393,12,Weekday,No,2025-04-24,low
TR12063,Panaji,Salem,600,141,459,54,Weekend,No,2025-12-06,low
TR12064,Panaji,Erode,600,223,377,31,Weekday,No,2025-09-03,low
TR12065,Panaji,Tirunelveli,600,208,392,27,Weekend,No,2024-06-15,low
TR12066,Panaji,Thoothukudi,600,178,422,23,Weekday,No,2025-05-21,low
TR12067,Panaji,Vellore,600,141,459,13,Weekday,No,2025-04-03,low
TR12068,Panaji,Kochi,600,174,426,22,Weekday,No,2025-03-10,low
TR12069,Panaji,Thiruvananthapuram,600,248,352,47,Weekday,No,2025-08-07,medium
TR12070,Panaji,Kozhikode,600,116,484,33,Weekday,No,2024-04-17,low
TR12071,Panaji,Thrissur,600,131,469,23,Weekday,No,2024-10-01,low
TR12072,Panaji,Kollam,600,139,461,6,Weekday,No,2025-08-19,low
TR12073,Panaji,Mysore,600,149,451,24,Weekday,Yes,2025-10-14,low
TR12074,Panaji,Mangalore,600,168,432,12,Weekend,No,2024-01-28,low
TR12075,Panaji,Hubli,600,215,385,23,Weekday,No,2024-12-10,low
TR12076,Panaji,Belgaum,600,191,409,8,Weekday,No,2024-07-12,low
TR12077,Panaji,Davangere,600,172,428,56,Weekday,No,2024-05-02,low
TR12078,Panaji,Vadodara,600,182,418,10,Weekend,No,2024-02-11,low
TR12079,Panaji,Rajkot,600,199,401,7,Weekday,No,2025-01-28,low
TR12080,Panaji,Jamnagar,600,90,510,39,Weekday,No,2025-05-02,low
TR12081,Panaji,Bhavnagar,600,220,380,20,Weekday,No,2025-01-23,low
TR12082,Panaji,Gandhinagar,600,129,471,59,Weekday,No,2024-09-26,low
TR12083,Panaji,Nashik,600,148,452,24,Weekday,No,2025-07-17,low
TR12084,Panaji,Aurangabad,600,185,415,39,Weekday,No,2025-04-21,low
TR12085,Panaji,Kolhapur,600,165,435,50,Weekend,No,2025-10-26,low
TR12086,Panaji,Solapur,600,192,408,59,Weekday,No,2024-09-10,low
TR12087,Panaji,Thane,600,176,424,48,Weekend,No,2024-06-23,low
TR12088,Panaji,Navi Mumbai,600,155,445,34,Weekday,No,2024-11-29,low
TR12089,Panaji,Amravati,600,242,358,48,Weekend,No,2025-01-05,medium
TR12090,Panaji,Jodhpur,600,203,397,16,Weekend,No,2024-11-30,low
TR12091,Panaji,Udaipur,600,183,417,52,Weekend,No,2025-08-31,low
TR12092,Panaji,Ajmer,600,202,398,52,Weekend,No,2024-02-03,low
TR12093,Panaji,Kota,600,135,465,23,Weekday,No,2025-01-20,low
TR12094,Panaji,Bikaner,600,273,327,4,Weekend,No,2024-11-10,medium
TR12095,Panaji,Alwar,600,117,483,41,Weekday,No,2024-06-03,low
TR12096,Panaji,Varanasi,600,174,426,6,Weekend,No,2025-04-13,low
TR12097,Panaji,Prayagraj,600,155,445,1,Weekday,No,2025-08-08,low
TR12098,Panaji,Agra,600,153,447,56,Weekday,No,2025-02-03,low
TR12099,Panaji,Meerut,600,147,453,34,Weekend,Yes,2024-03-03,low
TR12100,Panaji,Bareilly,600,132,468,39,Weekend,No,2024-02-25,low
TR12101,Panaji,Gorakhpur,600,226,374,52,Weekday,No,2024-11-04,low
TR12102,Panaji,Mathura,600,111,489,55,Weekend,No,2025-05-03,low
TR12103,Panaji,Dehradun,600,216,384,57,Weekend,No,2024-08-17,low
TR12104,Panaji,Haridwar,600,200,400,7,Weekday,No,2024-08-13,low
TR12105,Panaji,Amritsar,600,151,449,19,Weekend,No,2025-09-20,low
TR12106,Panaji,Ludhiana,600,195,405,46,Weekday,No,2024-01-11,low
TR12107,Panaji,Jalandhar,600,161,439,1,Weekday,No,2024-02-28,low
TR12108,Panaji,Patiala,600,116,484,14,Weekday,Yes,2024-04-23,low
TR12109,Panaji,Chandigarh,600,117,483,30,Weekend,No,2025-12-20,low
TR12110,Panaji,Jammu,600,200,400,20,Weekend,No,2024-12-29,low
TR12111,Panaji,Srinagar,600,198,402,10,Weekday,No,2024-04-25,low
TR12112,Panaji,Raipur,600,181,419,53,Weekday,No,2024-08-14,low
TR12113,Panaji,Bilaspur,600,150,450,26,Weekday,No,2025-12-09,low
TR12114,Panaji,Durg,600,160,440,24,Weekday,No,2025-05-22,low
TR12115,Panaji,Jabalpur,600,153,447,39,Weekday,No,2024-06-12,low
TR12116,Panaji,Gwalior,600,90,510,40,Weekday,No,2024-06-24,low
TR12117,Panaji,Ujjain,600,172,428,29,Weekend,No,2024-02-24,low
TR12118,Panaji,Rewa,600,194,406,53,Weekday,No,2025-07-18,low
TR12119,Panaji,Dhanbad,600,172,428,17,Weekday,No,2024-04-10,low
TR12120,Panaji,Asansol,600,254,346,52,Weekend,No,2024-07-28,medium
TR12121,Panaji,Jamshedpur,600,121,479,52,Weekday,No,2024-09-11,low
TR12122,Panaji,Tatanagar,600,137,463,0,Weekend,No,2025-03-29,low
TR12123,Panaji,Gaya,600,175,425,45,Weekday,No,2025-03-19,low
TR12124,Panaji,Muzaffarpur,600,181,419,9,Weekday,No,2025-08-07,low
TR12125,Panaji,Bhagalpur,600,90,510,29,Weekday,No,2024-08-05,low
TR12126,Panaji,Siliguri,600,198,402,55,Weekday,No,2024-10-08,low
TR12127,Panaji,New Jalpaiguri,600,181,419,11,Weekday,No,2024-10-11,low
TR12128,Panaji,Durgapur,600,90,510,33,Weekend,No,2024-02-04,low
TR12129,Panaji,Howrah,600,163,437,46,Weekday,No,2025-06-23,low
TR12130,Panaji,Malda,600,130,470,28,Weekend,No,2025-01-26,low
